# https://github.com/mikedh/trimesh
v -0.33113861 -0.35831201 -0.80937701
v -0.32340723 -0.36675614 -0.80881160
v -0.33419919 -0.37354687 -0.81822687
v -0.34133086 -0.35887912 -0.81612414
v -0.32917571 -0.34753373 -0.80555159
v -0.31803122 -0.35654739 -0.79978222
v -0.34446448 -0.34278789 -0.81152695
v -0.30736339 -0.39514256 -0.79197711
v -0.31126052 -0.40395758 -0.79450428
v -0.31979170 -0.39844111 -0.80468941
v -0.31204164 -0.38860759 -0.79660481
v -0.30247322 -0.39094043 -0.78315645
v -0.30183682 -0.40357020 -0.78307277
v -0.30449581 -0.37950253 -0.78786260
v -0.29200760 -0.17773832 -0.77847207
v -0.31328088 -0.20337830 -0.78930986
v -0.33248308 -0.19305331 -0.78926420
v -0.31805050 -0.16692109 -0.77823538
v -0.26217240 -0.17487806 -0.76832342
v -0.25073883 -0.19404411 -0.78104115
v -0.27566454 -0.20309167 -0.78695214
v -0.29835403 -0.21854107 -0.78210163
v -0.30908063 -0.14134084 -0.76737005
v -0.28797454 -0.14739613 -0.76542926
v -0.26557881 -0.15194967 -0.76090544
v -0.23022006 -0.14800780 -0.77066243
v -0.24441113 -0.15084185 -0.76531881
v -0.23850299 -0.13426946 -0.75392586
v -0.22419548 -0.13375421 -0.76872200
v -0.22224289 -0.15548621 -0.78181458
v -0.24104497 -0.16561444 -0.77907658
v -0.20756935 -0.13905947 -0.77937597
v -0.16418417 -0.16697894 -0.76128983
v -0.18675008 -0.18829343 -0.78059423
v -0.20521496 -0.17016499 -0.78285861
v -0.18760365 -0.15040880 -0.77456105
v -0.17726366 -0.12499274 -0.76423776
v -0.15878062 -0.13331348 -0.75048292
v -0.13851385 -0.16577321 -0.73652905
v -0.13316272 -0.19366103 -0.73619378
v -0.15259202 -0.19908819 -0.75730473
v -0.17450263 -0.21108495 -0.77139711
v -0.13958497 -0.13804732 -0.73118055
v -0.13096637 -0.37208968 -0.73435163
v -0.12282985 -0.37657768 -0.72570533
v -0.13260591 -0.39462245 -0.73155069
v -0.13260591 -0.39462245 -0.73155069
v -0.14169596 -0.38010186 -0.73988885
v -0.12939815 -0.35673219 -0.73481482
v -0.11938637 -0.35581514 -0.72141761
v -0.14477491 -0.36019552 -0.73965502
v -0.29176739 -0.09072290 -0.74602842
v -0.32096487 -0.09282096 -0.75209641
v -0.32347539 -0.07281239 -0.75435722
v -0.29864815 -0.06798698 -0.75107884
v -0.30160168 -0.11818890 -0.75455457
v -0.32410786 -0.11468233 -0.75598872
v -0.27909717 -0.05750920 -0.74496943
v -0.26739904 -0.07000623 -0.74323070
v -0.26887271 -0.10234988 -0.74129981
v -0.28066388 -0.12388173 -0.75364989
v -0.25223234 -0.07990716 -0.73726678
v -0.27479059 -0.03679122 -0.74191356
v -0.28597403 -0.04303356 -0.74760109
v -0.28996009 -0.02352788 -0.74721527
v -0.27453989 -0.02099825 -0.73865169
v -0.26613113 -0.04269262 -0.73761553
v -0.25874448 -0.02151312 -0.73211408
v -0.34177721 -0.02263518 -0.73284763
v -0.34357777 -0.03617787 -0.73581105
v -0.35636163 -0.03574818 -0.71661168
v -0.34603083 -0.01993293 -0.71655530
v -0.33766475 -0.00433561 -0.72163159
v -0.33154020 -0.01484092 -0.73983777
v -0.32736298 -0.03255034 -0.74820644
v -0.15857966 -0.42676413 -0.68218100
v -0.13105230 -0.41774479 -0.69182152
v -0.11512563 -0.42225373 -0.67593449
v -0.13283598 -0.43260798 -0.66693223
v -0.16553071 -0.41709098 -0.70395404
v -0.14255346 -0.41274339 -0.71060824
v -0.17367424 -0.44002223 -0.66351545
v -0.20109586 -0.44124636 -0.66944063
v -0.19221295 -0.43026692 -0.68468267
v -0.19038022 -0.42044348 -0.70080280
v -0.14841777 -0.44226888 -0.65405738
v -0.39724761 -0.19320729 -0.68795699
v -0.41010836 -0.20500877 -0.68762618
v -0.41618714 -0.19041324 -0.66282433
v -0.39920312 -0.17653938 -0.67177314
v -0.38511950 -0.17020132 -0.69082475
v -0.39450088 -0.19053154 -0.70735610
v -0.40623590 -0.21143262 -0.71352488
v -0.12902968 -0.02331050 -0.70416820
v -0.13393971 -0.03603052 -0.71082038
v -0.14531638 -0.02683206 -0.72000855
v -0.13472849 -0.01251331 -0.70786911
v -0.12020287 -0.02368290 -0.69227421
v -0.12214629 -0.04195382 -0.69721293
v -0.12226667 -0.00674747 -0.69233918
v -0.21570478 0.03024070 -0.68461287
v -0.24252012 0.02936693 -0.69798577
v -0.25207335 0.04017523 -0.67619342
v -0.22918354 0.03982185 -0.66104025
v -0.22294556 -0.00058208 -0.70506054
v -0.24226344 0.00162195 -0.70991045
v -0.19336012 0.02301058 -0.69211656
v -0.20485662 -0.00366234 -0.70849651
v -0.20813483 0.04109763 -0.64214331
v -0.19236107 0.03914695 -0.65971583
v -0.17537960 0.03752444 -0.67133969
v -0.34283936 0.06473987 -0.66827017
v -0.37203559 0.04371841 -0.67836076
v -0.38513255 0.04914506 -0.65934169
v -0.36252156 0.07195277 -0.65362424
v -0.34787101 0.10323919 -0.64877653
v -0.32872570 0.09543971 -0.65137768
v -0.33176032 0.04277727 -0.68494350
v -0.35461760 0.03161085 -0.69142348
v -0.31247574 0.06650498 -0.66134250
v -0.30852398 0.04450009 -0.67581618
v -0.41114146 -0.14806220 -0.64822221
v -0.41961724 -0.17719677 -0.63523972
v -0.44645584 -0.16424334 -0.62869537
v -0.44931859 -0.13855489 -0.63838536
v -0.44640774 -0.11292966 -0.62983054
v -0.41684836 -0.11594281 -0.64362627
v -0.39760116 -0.11935371 -0.67123717
v -0.38926375 -0.14413279 -0.67698556
v -0.28636909 0.10302574 -0.63565898
v -0.29841405 0.10988285 -0.63544881
v -0.28476807 0.12615861 -0.62520385
v -0.27552223 0.10908806 -0.62589419
v -0.28704271 0.08913703 -0.64365518
v -0.30752459 0.09007375 -0.64811146
v -0.26869163 0.09200732 -0.63480514
v -0.52966243 -0.36161503 -0.58996439
v -0.52657706 -0.39499900 -0.59059185
v -0.54125047 -0.39115208 -0.57597321
v -0.53832752 -0.35391855 -0.57735032
v -0.52029359 -0.33295006 -0.60367811
v -0.51594561 -0.38199744 -0.61028403
v -0.53101438 -0.31321999 -0.58507061
v -0.50884646 -0.28285435 -0.60493779
v -0.50209576 -0.28315657 -0.62493724
v -0.50284207 -0.32726690 -0.62422204
v -0.51286840 -0.27834591 -0.58728749
v -0.13284490 0.01768507 -0.58636606
v -0.14182006 0.02251562 -0.60184973
v -0.16172040 0.03226495 -0.58051467
v -0.13813333 0.03231482 -0.56674814
v -0.11605117 0.02019142 -0.56203514
v -0.11515770 0.01840418 -0.59090269
v -0.12306225 0.02721227 -0.61209315
v 0.06447723 -0.38017762 -0.53906190
v 0.05683501 -0.37687591 -0.55032706
v 0.05869446 -0.35684326 -0.54197544
v 0.06763072 -0.36935934 -0.52944463
v 0.06570863 -0.39563560 -0.53603643
v 0.05759800 -0.39718243 -0.55626428
v 0.07330344 -0.38700986 -0.51797348
v -0.14413121 0.05982336 -0.54090387
v -0.17007759 0.06325523 -0.56773865
v -0.17117475 0.09069808 -0.56668085
v -0.16749954 0.09080934 -0.53294104
v -0.14348921 0.10741308 -0.50728410
v -0.12712449 0.07704119 -0.50743777
v -0.09513661 0.06613358 -0.52067178
v -0.10915552 0.04417379 -0.53993011
v -0.30475372 0.18211517 -0.56588441
v -0.32129183 0.17871203 -0.57050782
v -0.32075164 0.18054944 -0.55466950
v -0.29973862 0.18138239 -0.55375183
v -0.29340917 0.18256995 -0.57527739
v -0.31447136 0.17472519 -0.58514470
v -0.27810505 0.18126567 -0.56244117
v -0.52161455 -0.25400007 -0.49902743
v -0.51432782 -0.24803728 -0.51802140
v -0.53096545 -0.27265313 -0.51057750
v -0.52957469 -0.27704397 -0.48041046
v -0.52718461 -0.23993137 -0.49096504
v -0.51288074 -0.22859547 -0.51574600
v -0.52667564 -0.25102594 -0.46045971
v 0.08601211 -0.39448464 -0.47606933
v 0.07410443 -0.40822288 -0.50755394
v 0.07077052 -0.37109417 -0.49378327
v 0.08410910 -0.43089992 -0.47508013
v 0.08512069 -0.42564553 -0.47509110
v 0.07558204 -0.43488818 -0.50219959
v 0.07591563 -0.42903700 -0.50446451
v 0.10107437 -0.39686447 -0.44511756
v 0.09580855 -0.43199444 -0.44512492
v 0.09596814 -0.42987660 -0.44532007
v 0.08396376 -0.34185570 -0.47619885
v 0.09977622 -0.35633296 -0.46027610
v 0.11296389 -0.36442778 -0.44451967
v -0.43041861 -0.00002720 -0.50188339
v -0.44794407 -0.00534001 -0.53981870
v -0.46177828 -0.02658338 -0.53085452
v -0.44265848 -0.03616319 -0.50103652
v -0.42469519 0.03213799 -0.52237761
v -0.43390322 0.02087889 -0.55249363
v -0.43111777 -0.01120369 -0.45321548
v -0.42058906 0.00644188 -0.43702736
v -0.41128659 0.02397157 -0.47716871
v -0.43773416 -0.04590309 -0.45608136
v -0.41258335 0.04826184 -0.49831873
v -0.53398746 -0.31700301 -0.47950566
v -0.52943051 -0.32664490 -0.45853674
v -0.52775341 -0.29017350 -0.45306051
v -0.52211320 -0.25999972 -0.44041193
v -0.27870148 0.17676762 -0.50027180
v -0.31133887 0.17072864 -0.50880307
v -0.31085005 0.16721116 -0.47622249
v -0.28503454 0.17679238 -0.46529910
v -0.29217017 0.17884524 -0.53319997
v -0.31595266 0.17636716 -0.53355968
v -0.24876657 0.17705652 -0.51613641
v -0.26565608 0.17941228 -0.54404217
v -0.25175187 0.19462180 -0.45022589
v -0.24158001 0.19162731 -0.47463191
v -0.39548075 0.07065959 -0.45992798
v -0.40574470 0.06192620 -0.47556639
v -0.40192437 0.04746674 -0.45624420
v -0.39239937 0.06570558 -0.43846446
v -0.39196658 0.08609849 -0.46034253
v -0.40346107 0.07403140 -0.48292419
v -0.38471490 0.09072825 -0.43208393
v 0.12954105 -0.12915814 -0.41457504
v 0.10782424 -0.12233998 -0.45178318
v 0.11423326 -0.08606585 -0.45688093
v 0.13649236 -0.08665154 -0.43044418
v 0.15871842 -0.08330200 -0.40164381
v 0.15472542 -0.11493862 -0.38300288
v 0.15597187 -0.14757508 -0.36154866
v 0.13833517 -0.16487835 -0.38569939
v -0.03341310 0.14777347 -0.43492654
v -0.07553139 0.13559482 -0.44063592
v -0.09958832 0.16576456 -0.43499702
v -0.07091280 0.17664321 -0.42341423
v 0.02100669 0.13241890 -0.42523986
v 0.02648265 0.10974765 -0.43898156
v -0.01933223 0.11881666 -0.44809824
v -0.05637259 0.11509086 -0.45278719
v -0.04198696 0.19096027 -0.42000160
v -0.01209016 0.16990726 -0.41586110
v 0.03097226 0.15390618 -0.41441467
v -0.29314923 0.19374968 -0.39572918
v -0.32308075 0.17929700 -0.41605243
v -0.33647570 0.18364467 -0.38801625
v -0.31599474 0.19077513 -0.36546537
v -0.29686832 0.20962074 -0.33301538
v -0.26959130 0.21249077 -0.35149392
v -0.25103596 0.22853464 -0.36000404
v -0.26017374 0.20974931 -0.39350140
v -0.29090801 0.18210787 -0.43352515
v -0.31542188 0.17186993 -0.44534630
v -0.25613338 0.19942573 -0.42654505
v -0.23163380 0.23156503 -0.42263633
v -0.24010584 0.22470072 -0.43116036
v -0.23648757 0.22732422 -0.39999941
v -0.22348747 0.24208260 -0.40331706
v -0.22888404 0.23256215 -0.42894012
v -0.24058266 0.22475345 -0.44642767
v -0.21607339 0.25160560 -0.40560114
v -0.19216569 0.26727813 -0.42793822
v -0.17646617 0.25355151 -0.44526187
v -0.18898946 0.22772577 -0.46214351
v -0.20477736 0.23455881 -0.44834390
v -0.21723528 0.23414266 -0.43880147
v -0.20102115 0.25775152 -0.41188729
v -0.17304984 0.27083474 -0.41334277
v -0.15833899 0.26618153 -0.43400437
v -0.20342365 0.28358281 -0.39275926
v -0.18541877 0.27735129 -0.38353536
v -0.20729329 0.28405818 -0.38958299
v 0.09006557 0.04810355 -0.40939966
v 0.07796445 0.05263445 -0.42713216
v 0.06733151 0.05693121 -0.41442588
v 0.08581284 0.04533688 -0.39785469
v 0.11315719 0.03706469 -0.41916206
v 0.09981070 0.03872906 -0.44607258
v 0.12203881 0.04220852 -0.39841884
v -0.57258153 -0.25480342 -0.37704667
v -0.55915308 -0.26439717 -0.37884891
v -0.55994576 -0.27694267 -0.35133240
v -0.57247925 -0.25499511 -0.34400249
v -0.56433648 -0.21510136 -0.35067606
v -0.55345356 -0.22224690 -0.39256424
v -0.53964114 -0.24842224 -0.40427873
v -0.53720051 -0.20442897 -0.38707575
v -0.52763891 -0.20036691 -0.40567335
v -0.52366096 -0.23200585 -0.42423928
v -0.52762622 -0.23834349 -0.41264296
v -0.54179329 -0.19753619 -0.35254475
v -0.53825188 -0.16977000 -0.34430161
v -0.53427798 -0.17134540 -0.37212667
v -0.52420247 -0.16706914 -0.39430085
v 0.15226921 -0.30799785 -0.33996534
v 0.14400043 -0.29521960 -0.35001710
v 0.15081654 -0.27884513 -0.33616999
v 0.15608567 -0.30371836 -0.32741001
v 0.15265514 -0.31750795 -0.34192786
v 0.14308059 -0.30916527 -0.35919943
v 0.16057374 -0.32170165 -0.32575250
v 0.17686798 0.03093650 -0.33565074
v 0.16356716 0.02524859 -0.37257120
v 0.12535401 0.04488941 -0.37757838
v 0.13129094 0.05353242 -0.36807236
v 0.14224297 0.07849456 -0.35655805
v 0.16697578 0.05569840 -0.31553489
v 0.20414300 0.00799244 -0.29094186
v 0.21187761 -0.01852730 -0.28920501
v 0.19688249 -0.01050351 -0.32680121
v 0.17994930 -0.01389267 -0.36044329
v 0.20199081 0.03693927 -0.29261896
v -0.47917765 0.08218126 -0.28164932
v -0.48331493 0.05222106 -0.30646890
v -0.52117628 0.04675211 -0.29362816
v -0.52190393 0.06518150 -0.27948716
v -0.52371556 0.08239231 -0.26575950
v -0.50559586 0.10676301 -0.26201844
v -0.45981213 0.08813380 -0.32234719
v -0.46755221 0.06654762 -0.33609802
v -0.46656841 0.12714599 -0.28702217
v -0.45533416 0.12370608 -0.31538445
v -0.49257499 0.13800803 -0.26530549
v -0.57660377 -0.02076844 -0.25915089
v -0.56830120 -0.02079466 -0.27419585
v -0.58189917 -0.03771926 -0.27109870
v -0.58274627 -0.03494716 -0.25706580
v -0.57962716 -0.02426144 -0.23906934
v -0.57545793 -0.00338484 -0.25279066
v -0.55748773 0.00854729 -0.26988098
v -0.53923965 0.07310732 -0.25358260
v -0.54078805 0.06762601 -0.26690745
v -0.55850464 0.06319442 -0.26246014
v -0.55587822 0.07259263 -0.24102296
v -0.54802746 0.09686209 -0.22685735
v -0.52667099 0.09133433 -0.24871597
v -0.11159721 0.32016596 -0.28741914
v -0.10669281 0.31118718 -0.29312205
v -0.12537999 0.31003201 -0.30648428
v -0.12549020 0.32077000 -0.29189697
v -0.11898286 0.33181509 -0.27632487
v -0.10410150 0.32586163 -0.27509084
v -0.09156828 0.32258618 -0.28374374
v -0.64295626 -0.25367010 -0.27463651
v -0.64864057 -0.29919675 -0.24271153
v -0.67163342 -0.26997292 -0.23856308
v -0.65493071 -0.23054534 -0.25118846
v -0.64024901 -0.19775671 -0.25924474
v -0.62960583 -0.20480397 -0.28920531
v -0.62275666 -0.23570040 -0.31435046
v -0.61732852 -0.27487904 -0.29984993
v -0.62908983 -0.29751676 -0.27059928
v -0.60231405 -0.20184804 -0.31289098
v -0.32937744 0.25479031 -0.27037251
v -0.33385372 0.24834603 -0.28607237
v -0.35243404 0.25600958 -0.27631816
v -0.33986017 0.26028025 -0.25770497
v -0.31261861 0.26322365 -0.23457941
v -0.31249040 0.25114083 -0.26150450
v -0.31379837 0.23757337 -0.29032215
v -0.28366545 0.29086596 -0.22446288
v -0.27977079 0.25370023 -0.25705379
v -0.25555345 0.29159236 -0.24092175
v -0.25214866 0.26294026 -0.27298784
v -0.27167124 0.32746872 -0.20138696
v -0.25035146 0.31963617 -0.21479110
v -0.02696739 0.32565591 -0.27342385
v -0.03048242 0.31738633 -0.28438669
v -0.03117432 0.32064497 -0.27855241
v -0.02169775 0.32712269 -0.26804540
v -0.02205746 0.33295506 -0.27684969
v -0.02633127 0.32104629 -0.29403102
v -0.01654007 0.33131155 -0.26384345
v -0.08148390 0.36181289 -0.21840131
v -0.09333988 0.34974447 -0.24356318
v -0.11008310 0.35057160 -0.23882419
v -0.10005704 0.34174180 -0.21134882
v -0.08923350 0.34522998 -0.19375545
v -0.07833144 0.35590804 -0.19440866
v -0.07110915 0.37590924 -0.24874702
v -0.08386542 0.35559055 -0.25869292
v -0.06875122 0.37075222 -0.19518638
v -0.06515101 0.37941596 -0.21023285
v -0.05215613 0.38603854 -0.24029374
v -0.65298426 -0.50037968 -0.20933081
v -0.66018343 -0.51436359 -0.23039266
v -0.68410218 -0.52184862 -0.21380889
v -0.67790377 -0.51982349 -0.19555552
v -0.64321768 -0.47957802 -0.24431381
v -0.64474612 -0.49670452 -0.24956906
v -0.65199679 -0.50404882 -0.18294936
v -0.64122367 -0.48869437 -0.17642863
v -0.64776850 -0.47469339 -0.20089971
v -0.67463535 -0.52053571 -0.17862058
v -0.63615215 -0.45478815 -0.23395813
v -0.51532131 0.27917045 -0.20522195
v -0.52389950 0.27698833 -0.20699324
v -0.52750206 0.27944365 -0.18967427
v -0.51471275 0.28102437 -0.19437450
v -0.50535226 0.27769738 -0.21785286
v -0.51319242 0.27179018 -0.22604479
v -0.49691805 0.28242433 -0.20481734
v -0.68267584 -0.22663642 -0.19249037
v -0.68348676 -0.24195580 -0.21789175
v -0.69378805 -0.27218711 -0.19043656
v -0.69050550 -0.24596608 -0.17085339
v -0.67858487 -0.22535303 -0.15188745
v -0.66398162 -0.20653364 -0.18330045
v -0.66474771 -0.21338677 -0.22582045
v -0.65012455 -0.17764416 -0.19884527
v -0.64651537 -0.18890055 -0.23155209
v -0.64830685 -0.19130373 -0.14623801
v -0.63729024 -0.16506061 -0.16481410
v -0.66515303 -0.21411827 -0.12829085
v -0.54729116 0.14065455 -0.18291588
v -0.56441778 0.10611321 -0.18389931
v -0.57676011 0.09143589 -0.15774342
v -0.56027967 0.10696185 -0.14333361
v -0.54991591 0.12394869 -0.12012118
v -0.53387320 0.15617652 -0.15046307
v -0.54452252 0.18953779 -0.19282427
v -0.55076432 0.19113486 -0.20571470
v -0.55965930 0.15442735 -0.20671485
v -0.56321561 0.11981112 -0.20775077
v -0.53722256 0.19209254 -0.16364409
v -0.47214630 0.29011619 -0.16317528
v -0.48793018 0.28673369 -0.18718389
v -0.51006818 0.28114444 -0.17533605
v -0.50418967 0.28058410 -0.15119311
v -0.44213554 0.29019839 -0.17909542
v -0.46700218 0.28123388 -0.20435768
v -0.42926526 0.30475348 -0.15810473
v -0.42175689 0.32142174 -0.17986704
v -0.47727251 0.28032383 -0.12726122
v -0.43907872 0.29770511 -0.12365445
v -0.50463688 0.27789509 -0.11886531
v -0.09336880 0.35464594 -0.18974259
v -0.07393184 0.35680094 -0.18290131
v -0.11312208 0.35930356 -0.21173817
v -0.06264839 0.37173358 -0.19223014
v -0.05146932 0.38599777 -0.20818254
v -0.04932785 0.39965025 -0.20144968
v -0.00843515 0.43273979 -0.22143748
v 0.01208672 0.41536185 -0.23709866
v -0.02153309 0.40470883 -0.23150399
v -0.04212479 0.38606387 -0.22076473
v -0.05825690 0.37457386 -0.19396567
v -0.07306377 0.36249977 -0.17236085
v -0.07542345 0.37261924 -0.17041066
v -0.08226913 0.38446152 -0.16330051
v -0.05439307 0.41314137 -0.17806850
v -0.02007735 0.44371381 -0.19030380
v -0.09809231 0.39628941 -0.14820649
v -0.12643307 0.38340551 -0.17658760
v -0.14031729 0.36675617 -0.16486745
v -0.13029693 0.37760162 -0.13518795
v -0.12081297 0.37600726 -0.10398027
v -0.09424345 0.40091994 -0.11367562
v -0.05990348 0.42020348 -0.15339026
v -0.06806104 0.42889896 -0.12462227
v -0.11227134 0.38961738 -0.18455222
v -0.70946646 -0.55465782 -0.14616941
v -0.64601988 -0.38721478 -0.15183462
v -0.64934671 -0.41390097 -0.17781514
v -0.65228176 -0.43784148 -0.15314735
v -0.65154779 -0.41120419 -0.13488582
v -0.64460629 -0.37733701 -0.18154633
v -0.63865548 -0.39848876 -0.19434100
v -0.62626481 -0.41272160 -0.11510422
v -0.62423325 -0.38784540 -0.12550320
v -0.64958829 -0.35743248 -0.14490563
v -0.66029894 -0.35183454 -0.17561157
v -0.63219857 -0.36542809 -0.12547955
v -0.63309455 -0.51181901 -0.14284302
v -0.64473075 -0.52139169 -0.14103609
v -0.64084738 -0.52542382 -0.12031618
v -0.63037723 -0.50621414 -0.13094008
v -0.63716906 -0.50011206 -0.15671392
v -0.64993542 -0.51095676 -0.16039708
v -0.63564694 -0.48925832 -0.14991474
v -0.61302418 -0.39174402 -0.11180282
v -0.61149853 -0.41195470 -0.09654843
v -0.60810691 -0.39097649 -0.08166749
v -0.61517406 -0.37497461 -0.10792425
v 0.40314651 -0.52651656 -0.11163523
v 0.39296073 -0.55095053 -0.11507355
v 0.36554787 -0.54187727 -0.12082095
v 0.36713839 -0.52056599 -0.11938408
v 0.42897889 -0.54803562 -0.10568290
v 0.41857937 -0.56124437 -0.11402980
v 0.39178869 -0.49633545 -0.10875858
v 0.41985109 -0.49618122 -0.09847466
v 0.43332732 -0.51954228 -0.09866005
v 0.36116043 -0.49328381 -0.11577477
v 0.44810286 -0.54276240 -0.09531812
v -0.71591860 -0.58368248 -0.10006873
v -0.72190797 -0.57774204 -0.12189561
v -0.73171467 -0.59543252 -0.06719429
v -0.71686882 -0.57335055 -0.08140425
v 0.44496894 -0.55712551 -0.10340187
v 0.44587368 -0.56878704 -0.11168642
v 0.46123120 -0.56025034 -0.09368455
v 0.46836972 -0.57958460 -0.09609369
v -0.67770535 -0.53370774 -0.09102198
v -0.70210302 -0.55245179 -0.09144451
v -0.70721555 -0.54066163 -0.07986379
v -0.68663764 -0.51919055 -0.08096123
v -0.66902477 -0.49212474 -0.08415590
v -0.66327435 -0.50209969 -0.09916720
v -0.67691356 -0.56256115 -0.10309864
v -0.70207542 -0.56197536 -0.10836586
v -0.65385109 -0.53860289 -0.08711351
v -0.65055168 -0.55247825 -0.10898908
v -0.64524436 -0.51515794 -0.10180752
v 0.46722502 -0.41441044 -0.08738467
v 0.45153818 -0.41274822 -0.09630783
v 0.44897953 -0.39034367 -0.09312908
v 0.47068644 -0.39925444 -0.08200336
v 0.47992480 -0.43548357 -0.07767998
v 0.45935297 -0.44063419 -0.09200995
v 0.49327561 -0.42004955 -0.06275468
v -0.66598302 -0.22564515 -0.09480208
v -0.66561145 -0.23726618 -0.10814261
v -0.65390635 -0.25107655 -0.09050597
v -0.66411412 -0.23306154 -0.07656953
v -0.66104931 -0.20370620 -0.10197137
v -0.66018206 -0.19925086 -0.07088155
v -0.56177890 0.14324337 -0.06471477
v -0.56414258 0.12838009 -0.07559773
v -0.57878298 0.12201674 -0.05535828
v -0.56833500 0.14119267 -0.04605415
v -0.55467296 0.16150683 -0.04760668
v -0.54799449 0.15747839 -0.07133715
v -0.54368633 0.14189731 -0.09392627
v -0.48460358 0.28767452 -0.07286733
v -0.48327386 0.28120226 -0.09196968
v -0.50433522 0.28176039 -0.08899054
v -0.49694496 0.28473663 -0.06670988
v -0.47240162 0.29512355 -0.06778719
v -0.45225051 0.29385686 -0.09136340
v -0.48509625 0.29361057 -0.05258503
v -0.65829563 -0.24570251 -0.05392045
v -0.66638792 -0.22169000 -0.04089646
v -0.66339362 -0.19840753 -0.02609449
v -0.65513688 -0.17592853 -0.04780182
v -0.64321792 -0.16655669 -0.08810592
v -0.64925402 -0.17620702 -0.11558934
v -0.63489789 -0.15586461 -0.06156562
v -0.61825985 -0.08770184 -0.08252279
v -0.61800480 -0.12809287 -0.07383984
v -0.61386830 -0.12711094 -0.03831595
v -0.61466467 -0.09805642 -0.03941710
v -0.61829066 -0.05992861 -0.11190900
v -0.61848038 -0.07968229 -0.13768081
v -0.61866367 -0.10525620 -0.11992471
v -0.61889911 -0.13990642 -0.10339960
v -0.62528968 -0.07654794 -0.03046480
v -0.62259346 -0.05620562 -0.06060555
v -0.62048513 -0.03435409 -0.08845109
v -0.21738218 0.36519700 -0.05451079
v -0.22325891 0.36551642 -0.07130864
v -0.23944311 0.37557238 -0.05893395
v -0.22361884 0.37195534 -0.03989672
v -0.20139445 0.35695860 -0.05214416
v -0.20166348 0.35922396 -0.07922607
v -0.20220709 0.36711243 -0.02798026
v -0.66586924 -0.48859984 -0.06245483
v -0.67906767 -0.52492249 -0.06425214
v -0.67920035 -0.52968371 -0.04776887
v -0.67144156 -0.50231105 -0.04227445
v -0.65455216 -0.45706883 -0.08088574
v -0.66183811 -0.46322381 -0.09896272
v -0.65127409 -0.47900069 -0.04034041
v -0.63280874 -0.45900348 -0.05947281
v -0.66672993 -0.49184251 -0.03274579
v -0.65299940 -0.18443288 -0.01416011
v -0.64205670 -0.16720816 -0.02507844
v -0.65215576 -0.21748972 -0.00810387
v -0.64216191 -0.19633485 0.00002580
v -0.63192362 -0.17442493 -0.00016430
v -0.62507373 -0.08969273 -0.00935132
v -0.62129992 -0.10909981 -0.00544241
v -0.61933714 -0.10538574 0.02314334
v -0.62620449 -0.08333462 0.00730989
v -0.63444191 -0.06175172 -0.01381037
v -0.78025371 -0.62375695 -0.03032082
v -0.78164041 -0.62482721 -0.02735289
v -0.77203232 -0.61461025 -0.03564081
v -0.77194440 -0.61279833 -0.03048231
v 0.50030816 -0.49624878 -0.04195092
v 0.47147426 -0.50208259 -0.06506174
v 0.46738809 -0.47279847 -0.07785130
v 0.46649224 -0.47414708 -0.07787062
v 0.49065372 -0.46353805 -0.05700812
v 0.49005306 -0.46220016 -0.05944556
v 0.53228492 -0.51356578 -0.01880819
v 0.53369635 -0.54860431 -0.02160210
v 0.50619853 -0.53234458 -0.04385446
v 0.48057684 -0.52414078 -0.06310037
v 0.49642804 -0.44805151 -0.03451263
v 0.49518859 -0.44436869 -0.04175070
v 0.50550860 -0.47127759 -0.02294757
v 0.53019714 -0.48741198 -0.00627325
v -0.63617975 -0.30439419 -0.00896456
v -0.62498111 -0.32741472 -0.03466031
v -0.65448219 -0.34211215 -0.02448186
v -0.65502232 -0.33732501 -0.00017618
v -0.66110599 -0.34401888 0.02307110
v -0.64366049 -0.32064348 0.02503342
v -0.63191879 -0.27445555 -0.04424018
v -0.61586708 -0.29789007 -0.06910482
v -0.64616013 -0.29027611 0.02830571
v -0.64449459 -0.27449605 -0.00271850
v -0.64753431 -0.25867999 -0.03011571
v -0.67133474 -0.54788709 -0.03034851
v -0.67811561 -0.53867584 -0.04232110
v -0.69541574 -0.56007290 -0.04641090
v -0.68336099 -0.57311511 -0.02742312
v -0.67994463 -0.56852520 -0.00629392
v -0.67276227 -0.54053730 -0.01909830
v -0.67284137 -0.52125984 -0.03204869
v -0.61448920 -0.13622378 0.00337033
v -0.62084079 -0.15723349 -0.00243694
v -0.61506712 -0.17115015 0.01905699
v -0.61334580 -0.16271803 0.02917235
v -0.62533998 -0.15163693 -0.03390777
v -0.61828697 -0.14978975 0.04673573
v -0.61148220 -0.12510882 0.03179659
v -0.58141100 0.13367510 0.03722640
v -0.58057904 0.14254481 -0.01371358
v -0.59530228 0.11581843 -0.02686690
v -0.60052526 0.09899883 0.00914131
v -0.59527826 0.07734846 0.03510068
v -0.58053511 0.09960809 0.06484413
v -0.55966222 0.11182420 0.09698205
v -0.55568492 0.14106998 0.08217002
v -0.56405413 0.16728720 0.02850287
v -0.55980861 0.16248800 -0.01285428
v -0.54708797 0.16865976 0.06982078
v -0.61681080 -0.18055326 0.03450796
v -0.61898148 -0.19296512 0.03739738
v -0.61511797 -0.19959454 0.05553718
v -0.61401588 -0.18052152 0.04565118
v -0.62347353 -0.18748033 0.01741046
v -0.59496051 -0.02485787 0.06956966
v -0.61610740 0.00372791 0.03495157
v -0.62872028 -0.01718939 0.02150554
v -0.62303132 -0.04746117 0.05605884
v -0.58266997 0.00686808 0.07446919
v -0.60473722 0.03081061 0.04675448
v -0.58776259 -0.06268425 0.08357742
v -0.56475604 -0.05514544 0.09606540
v -0.55997086 -0.03184267 0.09069820
v -0.60657454 -0.07983420 0.06861931
v -0.55507553 -0.01035893 0.09339026
v -0.69690776 -0.53983796 0.04992974
v -0.69362026 -0.55819339 0.04861521
v -0.70784765 -0.56671047 0.05680538
v -0.70410806 -0.54091316 0.05649969
v -0.69424111 -0.51868361 0.03982602
v -0.68027925 -0.53342944 0.04022195
v -0.70465994 -0.51565349 0.04405419
v -0.64261740 -0.24953029 0.07464626
v -0.64196771 -0.28076670 0.06546974
v -0.63738978 -0.29826710 0.09199219
v -0.65385282 -0.27713543 0.10208362
v -0.64027548 -0.24102168 0.04227682
v -0.65125817 -0.26564461 0.03666231
v -0.66450661 -0.26025757 0.12193231
v -0.65746307 -0.22786188 0.09385353
v -0.62796700 -0.21788868 0.06167550
v -0.63408661 -0.21170300 0.04054149
v -0.63897347 -0.19820794 0.07548632
v -0.53033221 0.00008275 0.13160880
v -0.52952695 -0.00604135 0.12288769
v -0.51453215 -0.02243060 0.14458019
v -0.52047670 -0.00688183 0.15047280
v -0.52992868 0.01749595 0.15074039
v -0.53893518 0.01945186 0.12511986
v -0.54485595 0.01536687 0.10887550
v 0.47929129 0.16773537 0.15486853
v 0.46481031 0.14730349 0.13775429
v 0.44253433 0.16097248 0.11417805
v 0.44689518 0.18532674 0.12739900
v 0.44615534 0.21310210 0.13341117
v 0.47098693 0.19586504 0.16085024
v 0.49862108 0.13930711 0.17159072
v 0.48310739 0.12913275 0.15923448
v 0.49078676 0.18218520 0.19220689
v 0.49716806 0.15769513 0.19326089
v 0.50506544 0.13178058 0.20041366
v -0.74580330 -0.68141490 0.05766700
v -0.72934026 -0.69842982 0.07622667
v -0.75849968 -0.66228461 0.05278954
v -0.72860777 -0.68167126 0.09505682
v -0.74115324 -0.66392171 0.08098964
v -0.75857884 -0.65277326 0.07343560
v -0.39055514 0.21638370 0.17191067
v -0.38609493 0.19966134 0.17908911
v -0.37319693 0.20614102 0.17186894
v -0.38195065 0.22889164 0.16109711
v -0.41397214 0.22552857 0.16775283
v -0.41242400 0.19955900 0.18235034
v -0.40722999 0.25083482 0.14439410
v 0.05184352 0.32088763 0.20179626
v 0.03436707 0.33610651 0.16534741
v 0.01702951 0.31821597 0.19462511
v 0.03341211 0.29730767 0.22931966
v 0.04748154 0.26570788 0.27672005
v 0.05598200 0.27897671 0.26220879
v 0.07203019 0.27683142 0.25509921
v 0.07922693 0.31280938 0.20521346
v 0.06958582 0.35130331 0.14158666
v 0.05499715 0.35952732 0.12034167
v 0.08981446 0.34274149 0.15661941
v -0.64345515 -0.32294270 0.18621826
v -0.64898521 -0.30291978 0.17281909
v -0.64116329 -0.31328619 0.16026038
v -0.63549030 -0.33563548 0.18132237
v -0.62887609 -0.35318291 0.20626424
v -0.64290434 -0.32992443 0.20398849
v -0.64991826 -0.29766661 0.19371173
v -0.32941204 0.11353634 0.24978353
v -0.34770483 0.15410730 0.22196531
v -0.37547028 0.14755477 0.22049539
v -0.36819503 0.11296327 0.25276959
v -0.36897898 0.06767346 0.26846758
v -0.33665457 0.06329709 0.27621907
v -0.31088606 0.14198861 0.24123336
v -0.32956558 0.16922560 0.21854185
v -0.30966502 0.05283943 0.28742138
v -0.29843879 0.09023954 0.27039048
v -0.28707808 0.12076300 0.26803374
v 0.12449581 0.23569945 0.27919531
v 0.12923814 0.29866028 0.21815513
v 0.10506471 0.30686370 0.21246521
v 0.09408759 0.26301959 0.26145875
v 0.08946982 0.23731863 0.31660002
v 0.10273990 0.21138066 0.34323215
v 0.16821973 0.24821624 0.26991737
v 0.16247661 0.29046685 0.21666794
v 0.58413416 0.04494706 0.26536703
v 0.58229631 0.05418587 0.25438401
v 0.57533568 0.05234721 0.24208245
v 0.57433921 0.04251429 0.26532298
v 0.57339215 0.04076552 0.29000950
v 0.58473456 0.03996804 0.28321201
v 0.58970183 0.04625773 0.27406287
v -0.56393778 -0.18921316 0.25428122
v -0.58279997 -0.18483263 0.24780911
v -0.58355212 -0.21615066 0.26044342
v -0.56328982 -0.20846881 0.26376840
v -0.55352575 -0.17428365 0.24610171
v -0.57143837 -0.16270956 0.22704951
v -0.54207259 -0.19395964 0.26100975
v 0.33810773 0.29045588 0.26865602
v 0.32117590 0.29572120 0.27318057
v 0.32384053 0.27608886 0.29416233
v 0.34478706 0.27598202 0.28056884
v 0.34798634 0.30261865 0.25178412
v 0.32675219 0.31489348 0.24938190
v 0.36453757 0.28662181 0.26086050
v 0.72525084 -0.68801010 0.15919060
v 0.73057789 -0.69573623 0.15719168
v 0.71939659 -0.69029856 0.14314851
v 0.71756935 -0.68196350 0.15235603
v 0.72425574 -0.67236817 0.16398346
v 0.73093504 -0.68362749 0.16754745
v 0.74195778 -0.69263673 0.16819020
v 0.62414360 -0.01920381 0.28868005
v 0.60494524 -0.01556192 0.27834392
v 0.61035842 0.00709736 0.27942812
v 0.62968904 -0.00728723 0.29418463
v 0.62662458 -0.03797767 0.29091501
v 0.60462576 -0.03898454 0.27321553
v 0.64370465 -0.03208043 0.30956215
v 0.50528324 0.17538509 0.28827006
v 0.49958822 0.18938114 0.26590207
v 0.49938184 0.20088601 0.27116361
v 0.50489062 0.17530985 0.29733309
v 0.50539517 0.16185185 0.29422545
v 0.49744904 0.16853565 0.26452428
v 0.50769931 0.15397659 0.31342047
v 0.07718705 0.24641687 0.29336542
v 0.05902098 0.23961633 0.30943695
v 0.07881457 0.22059184 0.35017437
v 0.63213015 0.00427812 0.30137065
v 0.64522046 -0.01178783 0.31904474
v 0.66112947 -0.05194831 0.33913499
v 0.65970540 -0.08048169 0.33520281
v 0.64309788 -0.07081169 0.31177562
v 0.65273952 -0.03525719 0.34964526
v -0.58040649 -0.55686110 0.23290028
v -0.59999907 -0.52356768 0.20104098
v -0.61566973 -0.54505962 0.18878464
v -0.59415245 -0.57314247 0.20370868
v -0.57994211 -0.60672420 0.21768847
v -0.57038260 -0.60026562 0.24282719
v -0.56827676 -0.51498717 0.23485732
v -0.58548039 -0.49253193 0.20554574
v -0.54594702 -0.59766531 0.26222467
v -0.54963332 -0.56210726 0.25746301
v -0.55105311 -0.52727550 0.26012811
v -0.36828876 -0.18697947 0.31273767
v -0.39454198 -0.15298225 0.29382330
v -0.40705329 -0.17771295 0.29198715
v -0.39196479 -0.21455489 0.31650192
v -0.34465930 -0.19260716 0.32902402
v -0.34058058 -0.15591255 0.32048416
v -0.35715300 -0.13956425 0.29901111
v -0.38319746 -0.11878838 0.28679073
v -0.37937722 -0.25891188 0.33444464
v -0.36370605 -0.24489400 0.33396548
v -0.35194221 -0.24140295 0.34702665
v -0.59701896 -0.78619826 0.20542368
v -0.60641068 -0.77033162 0.20056120
v -0.61070156 -0.78168482 0.19080836
v -0.59681898 -0.79983139 0.20208786
v -0.58041173 -0.80630171 0.21317326
v -0.58580965 -0.78493524 0.21484597
v -0.59464151 -0.76200646 0.21082929
v -0.00737050 0.10460952 0.36670214
v -0.01835910 0.10862568 0.36223409
v -0.03142551 0.08011675 0.37467062
v -0.00406876 0.07923228 0.38199964
v 0.00632162 0.12492701 0.36501384
v -0.00595749 0.14215735 0.35221517
v 0.01605823 0.10262999 0.38073093
v -0.31473807 -0.31946552 0.38887292
v -0.32083493 -0.31699559 0.37651688
v -0.30535066 -0.34021837 0.38051856
v -0.29782364 -0.33275479 0.39385709
v -0.29686010 -0.31192440 0.41379386
v -0.32234964 -0.29131204 0.39023161
v -0.33640090 -0.28635871 0.37124357
v 0.77596593 -0.53031117 0.34707934
v 0.77635461 -0.52852577 0.34596092
v 0.79615659 -0.57114738 0.33849233
v 0.81209743 -0.56840324 0.32714304
v 0.82008457 -0.54831195 0.30657327
v 0.78712940 -0.50943959 0.32575756
v 0.75414723 -0.48225078 0.33458927
v 0.74419677 -0.49675086 0.35304022
v 0.76871181 -0.55312425 0.34790039
v 0.78194296 -0.57753158 0.33544067
v 0.75264817 -0.53756636 0.38088545
v 0.75226831 -0.53340948 0.37577572
v 0.75790167 -0.55908751 0.37731722
v 0.67801225 -0.76295036 0.30303952
v 0.66512918 -0.80437791 0.29081213
v 0.71311164 -0.80675256 0.28250471
v 0.72414166 -0.75794518 0.29231912
v 0.65219128 -0.80282056 0.30333114
v 0.64013368 -0.81211340 0.28842014
v 0.66103345 -0.74651802 0.30972880
v 0.64612788 -0.77271307 0.31119889
v 0.73196459 -0.71725214 0.29530632
v 0.70982325 -0.72966456 0.30864602
v 0.68291092 -0.72915864 0.31793076
v 0.06195738 0.01444685 0.47750387
v 0.08258887 -0.01347685 0.48578703
v 0.10774659 0.02604046 0.47309482
v 0.08512586 0.05693752 0.46219289
v 0.04902776 -0.05155003 0.49302456
v 0.06668606 -0.06373915 0.50338292
v 0.06363863 0.06961429 0.44468832
v 0.04764375 0.05184752 0.43009245
v 0.05347649 -0.00057313 0.45278299
v 0.07871109 0.09260640 0.44217041
v 0.60784936 -0.68461382 0.35956869
v 0.60543430 -0.68535423 0.36314198
v 0.59248304 -0.68937761 0.35998723
v 0.60094410 -0.69489908 0.35612023
v 0.62546533 -0.68286681 0.35924539
v 0.62414646 -0.67673242 0.36269948
v 0.62347823 -0.70358145 0.35533372
v -0.31962439 -0.53832817 0.39267612
v -0.32114020 -0.59986061 0.37123254
v -0.29251316 -0.61617655 0.38497174
v -0.29021677 -0.57697272 0.40844488
v -0.27962694 -0.54343611 0.42659998
v -0.29765156 -0.49908295 0.40395010
v -0.33335063 -0.47680122 0.38953814
v -0.36184052 -0.49129343 0.37753528
v -0.35422534 -0.54680312 0.37441212
v -0.30994371 -0.45603824 0.39381635
v -0.25204128 -0.36526969 0.44107002
v -0.27259478 -0.39545757 0.42907640
v -0.25304908 -0.43414724 0.44270742
v -0.23831160 -0.41738653 0.45822278
v -0.21314433 -0.40821409 0.47479486
v -0.22307155 -0.37022105 0.47055340
v -0.24311393 -0.30697539 0.43772069
v -0.26590779 -0.28965661 0.42566121
v -0.26935014 -0.32911092 0.41661245
v -0.28016996 -0.35418168 0.40543926
v -0.22124892 -0.31854558 0.45912787
v 0.58809596 -0.87807429 0.32275552
v 0.53766257 -0.88376141 0.32553041
v 0.54226369 -0.89399052 0.31407529
v 0.59078866 -0.89267695 0.30498067
v 0.62345052 -0.85087961 0.28325674
v 0.62196261 -0.83862525 0.29723042
v 0.60815573 -0.85571504 0.32486722
v 0.58527583 -0.87927663 0.34680429
v 0.55886179 -0.88684952 0.34201416
v 0.62833393 -0.83145076 0.31077319
v 0.53042924 -0.89027441 0.33843312
v 0.59204906 -0.75906819 0.33464354
v 0.59139013 -0.74700844 0.32949775
v 0.58041650 -0.74876022 0.33645594
v 0.58286208 -0.76182628 0.34020647
v 0.59298712 -0.77758121 0.34710264
v 0.60099578 -0.76773673 0.33712247
v 0.60661542 -0.75169396 0.32545656
v -0.37849844 -0.67464280 0.33686134
v -0.35852623 -0.68450725 0.33906776
v -0.35348138 -0.64451182 0.34546548
v -0.37863207 -0.64909083 0.34146261
v -0.41211295 -0.65957105 0.33339301
v -0.40004662 -0.69218212 0.33052740
v -0.37189206 -0.72319984 0.33801791
v 0.57549620 -0.77712846 0.34574077
v 0.57447249 -0.76742625 0.34577852
v 0.57345533 -0.75954294 0.34782898
v 0.57542604 -0.77060688 0.35067332
v 0.57657647 -0.77802497 0.36353391
v 0.57853913 -0.78675485 0.35454345
v 0.58077306 -0.78211045 0.34974465
v -0.39103293 -0.76258558 0.33864355
v -0.42003679 -0.75757211 0.32566559
v -0.40595382 -0.79625142 0.32437623
v -0.37822777 -0.80646217 0.34060395
v -0.35387340 -0.79212308 0.35794640
v -0.34101760 -0.74658036 0.35026446
v -0.42347386 -0.71840215 0.33773497
v -0.43670422 -0.72032714 0.32977486
v -0.35438654 -0.82419229 0.35482529
v 0.70089972 -0.56159359 0.39933398
v 0.70097935 -0.56192189 0.39997491
v 0.72032458 -0.55114371 0.38842613
v 0.72115749 -0.55105376 0.38768321
v 0.70829618 -0.53146958 0.37999779
v 0.68685031 -0.55061448 0.39695153
v 0.68704087 -0.55015063 0.39582676
v 0.70090950 -0.57791072 0.40664548
v 0.72745639 -0.57017094 0.39600876
v 0.67801583 -0.57160699 0.40790409
v 0.65789503 -0.47743481 0.45865205
v 0.66857630 -0.44139665 0.43602464
v 0.66918123 -0.44052899 0.43470514
v 0.66711718 -0.41822705 0.44878155
v 0.66763377 -0.41704142 0.44707173
v 0.65865922 -0.44802669 0.46715683
v 0.65838605 -0.44587269 0.46761185
v 0.65363139 -0.48059109 0.43243566
v 0.66466624 -0.45446157 0.42162633
v 0.66615534 -0.45281366 0.41938436
v 0.64993143 -0.47051340 0.49590886
v 0.65029436 -0.46819776 0.49355567
v 0.64807087 -0.50056279 0.49107391
v 0.64296460 -0.50827956 0.46992442
v 0.63269138 -0.50943720 0.44397390
v 0.64681762 -0.52944934 0.49176788
v 0.46959835 -0.85027641 0.38132688
v 0.47620457 -0.85703135 0.37306583
v 0.48783195 -0.86447859 0.37916777
v 0.47677967 -0.84996104 0.38779399
v 0.46083876 -0.83936417 0.38240689
v 0.46221873 -0.85038102 0.37291506
v 0.46788785 -0.84351838 0.39174515
v -0.22500524 -0.55633122 0.45023078
v -0.26163554 -0.51628280 0.43852121
v -0.25274959 -0.58731347 0.44210613
v -0.21347246 -0.51004142 0.44634032
v -0.24138783 -0.48825759 0.44461694
v -0.22994597 -0.63764560 0.45615590
v -0.20880851 -0.61662227 0.47297704
v -0.19005692 -0.56461143 0.45225540
v -0.19004567 -0.52888018 0.44882572
v -0.17685816 -0.60801053 0.46620116
v -0.14600286 -0.51124394 0.47741011
v -0.14929229 -0.51554585 0.46899718
v -0.12608156 -0.53666520 0.47347054
v -0.12979402 -0.52260494 0.48415679
v -0.15719287 -0.49618807 0.48142886
v -0.16850263 -0.49446681 0.46953851
v -0.13742751 -0.50384653 0.49500626
v 0.53587252 -0.77093071 0.41128895
v 0.55047172 -0.74634033 0.38908091
v 0.55076301 -0.72469652 0.39153486
v 0.53958786 -0.73225796 0.40675148
v 0.52155077 -0.74143189 0.42790627
v 0.51201296 -0.77564383 0.43097284
v 0.54455262 -0.79654688 0.40604284
v 0.56265903 -0.77241659 0.38819543
v 0.49542412 -0.81615376 0.43482393
v 0.51455331 -0.81263304 0.42199048
v -0.17304900 -0.57156950 0.45573595
v -0.15903953 -0.60052520 0.46577054
v -0.16663823 -0.55136007 0.45332217
v -0.14410040 -0.58444047 0.46353501
v -0.11551277 -0.96038842 0.34051779
v -0.12079397 -0.94914418 0.33191103
v -0.09940901 -0.95794547 0.33082226
v -0.10142097 -0.97025269 0.34227431
v -0.10763960 -0.98100477 0.35286939
v -0.12426417 -0.96583301 0.34891868
v -0.14281443 -0.95248175 0.33940184
v 0.60011536 -0.59677571 0.45322332
v 0.62355453 -0.61051714 0.43802303
v 0.62799191 -0.58863497 0.43276423
v 0.61365694 -0.56553990 0.44210422
v 0.58603263 -0.61306769 0.44814789
v 0.61371911 -0.62095159 0.43619305
v 0.61256909 -0.54390454 0.45706248
v 0.59973371 -0.57787371 0.46949387
v 0.64526004 -0.19046921 0.54456353
v 0.66036588 -0.21145156 0.54030490
v 0.67479640 -0.18408653 0.53018796
v 0.65383005 -0.16576752 0.54369146
v 0.63631231 -0.18599936 0.57489181
v 0.62854165 -0.20127052 0.56556731
v 0.63725996 -0.23348087 0.55281371
v 0.58777797 -0.15025786 0.59366298
v 0.59603989 -0.11031935 0.57541031
v 0.55996013 -0.08034441 0.58151609
v 0.54724115 -0.10557345 0.59518123
v 0.51928467 -0.14145359 0.62071335
v 0.56080425 -0.18672639 0.62947398
v 0.58584464 -0.22283477 0.62735593
v 0.60162634 -0.19534096 0.59200764
v 0.63493896 -0.15689814 0.57230675
v 0.63727766 -0.12562197 0.56257772
v 0.30762610 -0.14571986 0.61185086
v 0.28651443 -0.10930121 0.60056138
v 0.26617518 -0.13131449 0.62136167
v 0.27213776 -0.15591758 0.62040806
v 0.33870873 -0.16982615 0.63096601
v 0.34387410 -0.15156138 0.63390660
v 0.32935309 -0.11790755 0.61296773
v 0.26858085 -0.18384752 0.62237072
v 0.30568996 -0.19355866 0.61456203
v 0.31400752 -0.08506957 0.59466499
v -0.25858897 -0.99447453 0.31386441
v -0.25343427 -1.00174832 0.29504779
v -0.22518860 -1.00744951 0.29346359
v -0.22440708 -1.00321651 0.30621320
v -0.22094950 -1.00014424 0.32234401
v -0.24301161 -1.00958300 0.33295989
v -0.29633179 -0.98748946 0.30215850
v -0.28762606 -0.98955578 0.28847429
v -0.28471446 -0.99911225 0.32853094
v -0.31177235 -0.98778939 0.31554234
v -0.26307863 -1.01237321 0.34099650
v -0.24460948 -0.79537416 0.41861516
v -0.25671795 -0.79397911 0.40114519
v -0.25539958 -0.83519876 0.40913504
v -0.24198709 -0.82355386 0.42901504
v -0.24471481 -0.81092536 0.44149858
v -0.24659139 -0.77894729 0.42835441
v -0.25427023 -0.75946492 0.40673023
v 0.65264928 -0.47072160 0.51902324
v 0.65334487 -0.48393992 0.51655513
v 0.65268409 -0.48984048 0.52037609
v 0.65163910 -0.45043558 0.50350094
v 0.64651710 -0.46872959 0.52960610
v 0.64956957 -0.49649754 0.53065526
v 0.64878720 -0.50156039 0.53786838
v 0.64193135 -0.43057165 0.50795352
v 0.23599578 -0.13852650 0.63304758
v 0.22116269 -0.09760582 0.60172176
v 0.20151798 -0.12279251 0.60497677
v 0.21690272 -0.15718496 0.64120209
v 0.23565857 -0.18505481 0.66040897
v 0.24215806 -0.18180469 0.65589684
v 0.24867773 -0.15936336 0.63733470
v 0.22583145 -0.19672921 0.66634929
v 0.25352234 -0.10513186 0.60681975
v 0.23816828 -0.07541102 0.59078252
v 0.49318826 -0.07096779 0.60065818
v 0.47330165 -0.08213803 0.60892940
v 0.48345813 -0.13782912 0.63799608
v 0.51125574 -0.05762023 0.58398271
v 0.52501786 -0.20700428 0.65704292
v 0.55271429 -0.22899491 0.65936971
v -0.09818225 -1.00167918 0.36590940
v -0.11405911 -0.99407250 0.36372983
v -0.08936433 -0.99481750 0.35889262
v -0.07051095 -1.00872779 0.37039527
v -0.09103800 -1.01394892 0.37651539
v -0.11546218 -1.01151633 0.37599778
v 0.08636521 -0.93041623 0.40178391
v 0.04769013 -0.94613016 0.38503700
v 0.06070565 -0.94587088 0.36882079
v 0.09513111 -0.92099953 0.37426338
v 0.12231969 -0.90054309 0.37577406
v 0.12633078 -0.91831589 0.40013772
v 0.13512868 -0.91665816 0.42712212
v 0.10338721 -0.92525733 0.43189773
v 0.07481892 -0.93985337 0.43804955
v 0.05611226 -0.95317209 0.41800544
v 0.02925212 -0.96939945 0.39950597
v 0.26482791 -0.21196547 0.64919281
v 0.29503298 -0.23708344 0.65525126
v 0.25295269 -0.18136650 0.64213681
v -0.22579537 -0.77418506 0.46919930
v -0.22466609 -0.74296784 0.46438980
v -0.24356645 -0.74502701 0.45412999
v -0.23727717 -0.78496891 0.46068498
v -0.22119991 -0.81927973 0.46336272
v -0.20730719 -0.79477620 0.47080553
v -0.19028135 -0.75184804 0.47564206
v 0.60453212 -0.57324612 0.51364338
v 0.60106874 -0.57392770 0.50348639
v 0.61693102 -0.58034605 0.49757355
v 0.61425382 -0.57179070 0.51097268
v 0.59584230 -0.57757211 0.52530009
v 0.57954514 -0.57668835 0.51850808
v 0.61140072 -0.57836574 0.52877402
v 0.33569026 -0.19729182 0.63547945
v 0.32881075 -0.22976181 0.66328585
v 0.34930417 -0.20383865 0.65838152
v 0.23597571 -0.22200790 0.67074597
v 0.24586086 -0.20450774 0.65959471
v -0.16087009 -0.79810125 0.48118591
v -0.14268090 -0.77375770 0.49536023
v -0.16150409 -0.72884935 0.48832929
v -0.18221678 -0.82708621 0.47116643
v -0.18386631 -0.67622519 0.48415527
v -0.21191278 -0.69108921 0.47348896
v 0.61770546 -0.41508409 0.61731213
v 0.61908299 -0.41993549 0.59629494
v 0.62116551 -0.36280808 0.57374752
v 0.63156974 -0.35388815 0.59117585
v 0.60123420 -0.48689181 0.63364208
v 0.60282081 -0.47655213 0.62370408
v 0.61062628 -0.47166044 0.60182166
v 0.60877651 -0.47681433 0.60900903
v 0.59489632 -0.44989672 0.63767624
v 0.59233618 -0.50511098 0.64285803
v 0.59162784 -0.50946963 0.64706111
v 0.62071687 -0.33254990 0.59911305
v 0.61326385 -0.37208524 0.62408173
v 0.59523147 -0.40648961 0.64071286
v 0.13782033 -0.29316700 0.62722540
v 0.12831384 -0.29032061 0.61829865
v 0.12494217 -0.32144627 0.64762366
v 0.14019583 -0.31247589 0.64706481
v 0.14299889 -0.26207474 0.61073732
v 0.12800229 -0.24593115 0.59541142
v 0.15532608 -0.28617319 0.62999570
v 0.06276507 -0.43083820 0.64041555
v 0.03738180 -0.40626478 0.60972905
v 0.02817150 -0.44839603 0.60923982
v 0.04851538 -0.48123774 0.63133615
v 0.06783960 -0.37226027 0.62194389
v 0.03984310 -0.36201897 0.60008967
v 0.08318664 -0.48120129 0.65470183
v 0.10196008 -0.45479825 0.66461623
v 0.09239979 -0.41289619 0.65517747
v 0.07027139 -0.52035773 0.64617592
v 0.09190291 -0.36649671 0.63892090
v 0.13500559 -0.34728396 0.66457331
v 0.10624120 -0.32393917 0.63721764
v 0.11105620 -0.35882619 0.65300429
v 0.14109452 -0.32710740 0.65784037
v 0.11872178 -0.39571181 0.66007900
v 0.14270125 -0.38079581 0.66689277
v 0.16327198 -0.33619145 0.67095995
v 0.16207010 -0.31313705 0.64916760
v 0.17014107 -0.36411732 0.67707533
v -0.15051743 -1.02103102 0.39970237
v -0.19260910 -1.02043784 0.38691604
v -0.18198517 -1.00975537 0.37484205
v -0.14579424 -1.01509047 0.38356650
v -0.11259121 -1.02576864 0.39121360
v -0.10652509 -1.02548158 0.40896040
v -0.17824689 -1.01586854 0.40731817
v -0.20353724 -1.03740573 0.39393076
v -0.09497765 -1.00991535 0.42627776
v -0.12956695 -1.00873208 0.42255819
v -0.15483889 -1.00474143 0.42727238
v 0.10631222 -0.91516852 0.49389097
v 0.13481112 -0.89611459 0.48040184
v 0.15696025 -0.87515450 0.50045061
v 0.13628154 -0.88118219 0.51236641
v 0.06570698 -0.94145644 0.48963839
v 0.05630150 -0.94930279 0.46671739
v 0.09105866 -0.93330920 0.46303573
v 0.11961558 -0.91413563 0.45708743
v 0.11336698 -0.88533610 0.52876419
v 0.08959948 -0.90688854 0.51863813
v 0.06268245 -0.92506820 0.51025558
v -0.12337882 -0.81696367 0.50238603
v -0.14330252 -0.83714175 0.48366866
v -0.13113622 -0.87354010 0.48153922
v -0.11427839 -0.86222458 0.49767873
v -0.11259227 -0.87083989 0.51384997
v -0.11925278 -0.83625746 0.52143794
v -0.11475110 -0.77613401 0.51473260
v -0.12457766 -0.74476069 0.50153482
v -0.10277192 -0.80046988 0.52525157
v 0.35440275 -0.32134441 0.72854853
v 0.32646456 -0.31836522 0.71815413
v 0.31414837 -0.35190329 0.72281301
v 0.33776328 -0.36798465 0.73626482
v 0.35541782 -0.26439741 0.70275134
v 0.33863100 -0.27638581 0.70184678
v 0.37756017 -0.29498696 0.72807407
v 0.37445161 -0.24938318 0.70321727
v 0.36652067 -0.36484328 0.75667930
v 0.38006818 -0.34136567 0.75282949
v 0.35687104 -0.39493561 0.75784755
v 0.13225524 -0.85878915 0.53775668
v 0.15259917 -0.84735692 0.51797372
v 0.16743970 -0.82257038 0.52120739
v 0.14390793 -0.80581808 0.52699620
v 0.13484216 -0.79446411 0.54264063
v 0.11745881 -0.81618577 0.54733241
v 0.10903320 -0.82623535 0.55408758
v 0.10339069 -0.84121799 0.53900236
v 0.09045788 -0.87567014 0.53740549
v 0.26640698 -0.43083546 0.70467198
v 0.24343024 -0.43666887 0.68554467
v 0.25662142 -0.48913786 0.69015944
v 0.28288907 -0.48087955 0.69889706
v 0.31474623 -0.49115726 0.71507454
v 0.30399716 -0.44483063 0.70877588
v 0.30131674 -0.40660176 0.71062392
v 0.27406397 -0.39165920 0.71012914
v 0.24751222 -0.37611943 0.69096684
v 0.22451936 -0.39334178 0.67756045
v 0.25965476 -0.35296354 0.69746953
v -0.09996112 -0.90167660 0.54419672
v -0.10953300 -0.89495558 0.53680474
v -0.10510121 -0.92133582 0.53239691
v -0.09402074 -0.92149478 0.54461181
v -0.07612726 -0.90894139 0.55216038
v -0.08716910 -0.88450336 0.54658908
v -0.09897491 -0.86647850 0.54061812
v 0.15049998 -0.79266548 0.55947691
v 0.15599769 -0.78440803 0.54312396
v 0.16909531 -0.77396876 0.55055934
v 0.15980943 -0.78828144 0.56658524
v 0.14299954 -0.80405754 0.56286758
v 0.15253919 -0.80335236 0.57495880
v -0.07945387 -0.97115242 0.53544611
v -0.08547669 -0.95237219 0.53282803
v -0.09099539 -0.95454371 0.52307475
v -0.07924245 -0.97873318 0.53067136
v -0.05367181 -0.98454344 0.53638470
v -0.06129942 -0.97765553 0.54431617
v -0.07378539 -0.96136200 0.54668188
v 0.51229811 -0.52294576 0.73356897
v 0.52205169 -0.50506794 0.71712464
v 0.52657700 -0.49145523 0.72836608
v 0.51452297 -0.51673877 0.74277604
v 0.50965971 -0.55200744 0.73899227
v 0.51458091 -0.53701657 0.71786475
v 0.50471437 -0.55057502 0.75052083
v 0.35962331 -0.46565676 0.76763451
v 0.35118270 -0.45286646 0.75495422
v 0.34896976 -0.48882854 0.75635821
v 0.36237475 -0.49082771 0.76927799
v 0.36238208 -0.45257634 0.77448767
v 0.35391811 -0.42210200 0.75448680
v 0.36756861 -0.48718527 0.78045893
v 0.42008677 -0.44330898 0.79243088
v 0.42817983 -0.45155516 0.79088819
v 0.43384933 -0.41112098 0.77439803
v 0.41945612 -0.41300431 0.77905625
v 0.40557554 -0.42237836 0.78666401
v 0.41501638 -0.45979494 0.79909444
v 0.42649180 -0.48521692 0.80507064
v 0.42102620 -0.51383662 0.80593055
v 0.43773937 -0.53327340 0.80091858
v 0.43094888 -0.53920621 0.80932409
v 0.43896934 -0.50122243 0.80504584
v 0.44436112 -0.46404114 0.78757256
v 0.40584201 -0.48024207 0.80081892
v 0.39569774 -0.49879786 0.79893363
v 0.41296947 -0.53112131 0.80010188
v 0.39419636 -0.43818259 0.79170799
v 0.38311067 -0.45767948 0.79293674
v 0.37280470 -0.47696692 0.79136395
v 0.38596648 -0.51269662 0.79264855
v 0.38773209 -0.39038068 0.77330416
v 0.37462807 -0.41191369 0.77564579
v 0.36580384 -0.43410018 0.77903783
v 0.40254712 -0.37572885 0.77004319
v 0.39748389 -0.32910898 0.74658066
v 0.41734090 -0.32088721 0.74403185
v 0.41401947 -0.27979147 0.71430010
v 0.39421073 -0.28151307 0.72234458
v 0.41859028 -0.36760518 0.76385105
v 0.43582490 -0.36704442 0.75934803
v 0.43762961 -0.32696074 0.73389143
v 0.46691459 -0.33604947 0.72504061
v 0.47327116 -0.29352507 0.70118326
v 0.44385675 -0.28579324 0.70749432
v 0.45737812 -0.37822065 0.74693143
v 0.48264453 -0.39069206 0.74084294
v 0.49065799 -0.34651661 0.72109658
v 0.45077831 -0.42082304 0.76747400
v 0.47481808 -0.43339759 0.76342738
v 0.49281582 -0.44747394 0.75798386
v 0.50312263 -0.40478823 0.73859203
v 0.46791309 -0.47651103 0.78038132
v 0.48733136 -0.48937562 0.77732718
v 0.50252217 -0.50529599 0.77096164
v 0.51015913 -0.46427044 0.75423867
v 0.45462042 -0.51405740 0.79213619
v 0.47858486 -0.52984571 0.78473842
v 0.49357510 -0.54535615 0.77977139
v 0.48196688 -0.58839798 0.79186136
v 0.49121121 -0.58299780 0.78180707
v 0.49106461 -0.58472556 0.77151340
v 0.48911160 -0.58773953 0.77441967
v 0.50223100 -0.55025816 0.76516360
v 0.51363289 -0.51621294 0.76038003
v 0.46725529 -0.56879973 0.79457432
v 0.47325119 -0.56137919 0.78480542
v 0.46355137 -0.58452070 0.78255320
v 0.48104683 -0.60928011 0.77890539
v 0.45077673 -0.54535496 0.79253632
v 0.44440114 -0.55054164 0.80165547
v 0.44437802 -0.57056016 0.79095870
v 0.43944427 -0.56665957 0.78018475
v 0.45549878 -0.58399647 0.77193999
v 0.43005458 -0.55559278 0.79808867
v 0.41962552 -0.54743659 0.78400922
v 0.40022436 -0.54813701 0.77031177
v 0.42656082 -0.55651057 0.76315093
v 0.39992291 -0.53744221 0.78929967
v 0.38759559 -0.54211605 0.77745968
v 0.37022036 -0.55639350 0.76749480
v 0.38032767 -0.55974662 0.75787282
v 0.37857181 -0.51547229 0.77923828
v 0.36557734 -0.52713859 0.76951605
v 0.34848276 -0.52738929 0.75802362
v 0.35621527 -0.55501491 0.75211620
v 0.34234995 -0.54738414 0.73555207
v 0.35290158 -0.57282639 0.73076880
v 0.36551398 -0.57465351 0.74539083
v 0.33577368 -0.51017034 0.73828107
v 0.32465652 -0.53612971 0.71941972
v 0.33269408 -0.46989396 0.73518038
v 0.33341095 -0.43026569 0.72966778
v 0.33430412 -0.39696097 0.73236609
v 0.30636075 -0.37693495 0.71442837
v 0.28334716 -0.33988813 0.71312124
v 0.27877313 -0.36488867 0.71311474
v 0.26527792 -0.32027715 0.70939273
v 0.26533589 -0.33132246 0.70108652
v 0.24416745 -0.29134580 0.69597536
v 0.24215800 -0.30112174 0.69251078
v 0.24229890 -0.31028941 0.68193686
v 0.22919704 -0.33637249 0.67717028
v 0.22749349 -0.26245013 0.68096030
v 0.22455555 -0.27424330 0.66903853
v 0.21260315 -0.30276391 0.66664100
v 0.19220404 -0.33639479 0.67202520
v 0.20389357 -0.36304757 0.67265850
v 0.20674723 -0.24165499 0.65679747
v 0.19995807 -0.26757500 0.65192503
v 0.18891293 -0.30397925 0.65552062
v 0.17931341 -0.23986375 0.63499528
v 0.17640707 -0.27083308 0.63718843
v 0.16055720 -0.20903245 0.61919236
v 0.16475177 -0.24069148 0.61827534
v 0.14565295 -0.18095598 0.60266024
v 0.14697957 -0.21828204 0.60192120
v 0.13200267 -0.15426570 0.56888103
v 0.13196084 -0.19815820 0.57655245
v 0.10343329 -0.14003336 0.54910338
v 0.10230081 -0.18324485 0.55752426
v 0.10802460 -0.23059705 0.57513058
v 0.11300555 -0.28316528 0.60204172
v 0.08233878 -0.16782916 0.54055834
v 0.08754078 -0.21880427 0.55261731
v 0.09335823 -0.27799717 0.58236790
v 0.08807592 -0.32064947 0.62187254
v 0.05809088 -0.21694449 0.54002362
v 0.06433230 -0.27468735 0.56328166
v 0.06830839 -0.32401901 0.59944069
v 0.03500118 -0.26935863 0.55269772
v 0.04076795 -0.31706867 0.57743138
v 0.01228579 -0.26133415 0.54135567
v 0.01406937 -0.30405390 0.55759293
v 0.01605454 -0.34748852 0.56989455
v 0.01193552 -0.38632575 0.57763302
v -0.00538662 -0.29077494 0.53552997
v -0.01475132 -0.33383110 0.55045533
v -0.02183868 -0.36850563 0.55689079
v -0.02514259 -0.39864755 0.55746555
v 0.00771801 -0.42143923 0.57870245
v -0.04514620 -0.31703997 0.52874684
v -0.05514454 -0.34662727 0.53766739
v -0.05576759 -0.37569508 0.53661561
v -0.05627247 -0.40850723 0.53600395
v -0.02211468 -0.42543277 0.54955721
v -0.08798213 -0.32468498 0.51820201
v -0.08781073 -0.35651875 0.51798642
v -0.08603272 -0.38884729 0.51683837
v -0.08386259 -0.42186573 0.51488668
v -0.05363484 -0.43896478 0.53140521
v -0.12391604 -0.34367606 0.50630051
v -0.12367640 -0.38094205 0.51221383
v -0.11942735 -0.41416532 0.50973248
v -0.11576823 -0.44702289 0.50745410
v -0.08323056 -0.45407087 0.51267099
v -0.15996604 -0.37582773 0.50489712
v -0.15488850 -0.41107884 0.50492400
v -0.15003797 -0.44327977 0.50292355
v -0.14367194 -0.47347334 0.49972904
v -0.11072237 -0.47655308 0.50183046
v -0.18565217 -0.40760627 0.49067190
v -0.17687839 -0.43654254 0.48730123
v -0.16970894 -0.46992856 0.48737606
v -0.19985151 -0.44073418 0.47653022
v -0.18574426 -0.47311091 0.47479832
v -0.19474554 -0.47523135 0.46084571
v -0.17611547 -0.49561918 0.45787686
v -0.21710503 -0.45316803 0.46495020
v -0.23101407 -0.47089455 0.45552352
v -0.20470069 -0.48826033 0.45329830
v -0.18161459 -0.50448662 0.45058140
v -0.15684864 -0.53105199 0.45011625
v -0.15332271 -0.52228230 0.45891485
v -0.12987651 -0.56791663 0.45704818
v -0.12524131 -0.55044150 0.46363032
v -0.10829694 -0.60578299 0.47543845
v -0.09864470 -0.58092648 0.47502238
v -0.10155480 -0.55925500 0.48340470
v -0.07490204 -0.60851449 0.48635754
v -0.07227336 -0.57526433 0.48528516
v -0.07306668 -0.54245937 0.48883772
v -0.10314429 -0.53357035 0.48925012
v -0.07505648 -0.51070970 0.49320650
v -0.10719072 -0.50791204 0.49759775
v -0.07581697 -0.47165594 0.49475020
v -0.03743885 -0.51615149 0.49714386
v -0.04147624 -0.47977054 0.50583082
v -0.05230946 -0.46669406 0.52393019
v -0.01106526 -0.50268769 0.52453196
v -0.02262944 -0.48419559 0.53603172
v -0.02500418 -0.45898885 0.54539639
v 0.01296069 -0.50656605 0.55517775
v 0.00869863 -0.47730774 0.56620443
v 0.00510351 -0.45253307 0.57369268
v 0.02080657 -0.52401328 0.59626216
v 0.02967712 -0.48311698 0.59519953
v 0.03510621 -0.56635565 0.61272037
v 0.04861314 -0.52015221 0.61856455
v 0.05826408 -0.59767425 0.62189883
v 0.06473024 -0.56066388 0.63656342
v 0.07643598 -0.63299793 0.62834650
v 0.08155012 -0.60030401 0.64520550
v 0.08932834 -0.56066859 0.65458620
v 0.10343978 -0.63067466 0.64701957
v 0.10870411 -0.60183203 0.66158336
v 0.12170159 -0.55749506 0.66059005
v 0.10033051 -0.51834643 0.65759718
v 0.14466356 -0.51270676 0.65699112
v 0.11921167 -0.48688594 0.66441286
v 0.16473076 -0.49757910 0.67152894
v 0.14417623 -0.46640766 0.67295194
v 0.12866957 -0.43076944 0.66608953
v 0.16554663 -0.45059350 0.68234515
v 0.15548669 -0.40789619 0.66643369
v 0.19357331 -0.41391444 0.66989672
v 0.17962816 -0.39090654 0.67834944
v 0.18488039 -0.48425183 0.68171835
v 0.21072708 -0.46345356 0.68452692
v 0.20428163 -0.53002656 0.68964565
v 0.22566056 -0.51042831 0.69110316
v 0.21908611 -0.56860238 0.68682718
v 0.24331726 -0.55261254 0.69150442
v 0.26809660 -0.54125136 0.69544554
v 0.25977018 -0.57254881 0.67866176
v 0.28702605 -0.55598307 0.68149263
v 0.31460726 -0.56069374 0.69562411
v 0.29887897 -0.52769399 0.69735968
v 0.33712748 -0.56422615 0.71272874
v 0.33651724 -0.57764739 0.68722200
v 0.35575405 -0.58700979 0.70732319
v 0.36728907 -0.58894408 0.72242653
v 0.36674485 -0.61560059 0.70404601
v 0.38211975 -0.61069965 0.71619225
v 0.40724748 -0.59723544 0.72910911
v 0.38116586 -0.57993472 0.73620379
v 0.43140209 -0.59456295 0.74699724
v 0.40213346 -0.56364316 0.74679387
v 0.44529071 -0.59237242 0.76141566
v 0.43649396 -0.64029294 0.75164038
v 0.45380893 -0.63690162 0.76343066
v 0.47055668 -0.61835599 0.76870596
v 0.46148360 -0.66241300 0.75790137
v 0.47613022 -0.65192223 0.76581812
v 0.48463121 -0.62329477 0.77080047
v 0.48210093 -0.64589548 0.75192076
v 0.48539105 -0.61649382 0.75664985
v 0.49562275 -0.58381999 0.75413853
v 0.49467203 -0.58404052 0.75538898
v 0.49901110 -0.61829662 0.73616058
v 0.50341505 -0.58809233 0.73918450
v 0.50260496 -0.58219182 0.73974103
v 0.51382047 -0.61992931 0.72351480
v 0.50934303 -0.58526325 0.72712582
v 0.50840044 -0.57476294 0.72036350
v 0.53097850 -0.60713696 0.70741904
v 0.52926904 -0.57432872 0.71012521
v 0.52770293 -0.56782430 0.70486379
v 0.52850044 -0.52087557 0.69895673
v 0.53842252 -0.54189211 0.68344808
v 0.54191142 -0.55313307 0.69116902
v 0.54468089 -0.49314064 0.67471910
v 0.55294049 -0.45958522 0.67839652
v 0.53465509 -0.48460338 0.70057321
v 0.55207002 -0.43327332 0.68889755
v 0.53608829 -0.46279010 0.71176100
v 0.54308510 -0.40708014 0.69711685
v 0.52904201 -0.44362625 0.72174561
v 0.52036273 -0.47887099 0.74414992
v 0.51781982 -0.42375275 0.72950983
v 0.53230393 -0.38493642 0.70438397
v 0.51154560 -0.36560780 0.71068716
v 0.54650825 -0.34427130 0.68448544
v 0.52887762 -0.32250994 0.68716979
v 0.50275660 -0.30583903 0.69213068
v 0.54235041 -0.27549270 0.66944665
v 0.51983547 -0.25791532 0.67324507
v 0.48691851 -0.24724469 0.67019749
v 0.49129963 -0.19250092 0.64922249
v 0.45716614 -0.18646273 0.64244455
v 0.44927847 -0.24197945 0.67264700
v 0.42460611 -0.18995830 0.65443081
v 0.41690445 -0.23569751 0.68481517
v 0.39588982 -0.19988531 0.66514164
v 0.39410439 -0.23955724 0.69689840
v 0.37234789 -0.20963866 0.67749071
v 0.39720592 -0.15839499 0.63875264
v 0.36867806 -0.17451444 0.64757574
v 0.35339895 -0.18600073 0.65844572
v 0.35706836 -0.22212437 0.68185019
v 0.34783351 -0.24077848 0.68398297
v 0.32051343 -0.25801706 0.68147635
v 0.30980772 -0.29095793 0.69800645
v 0.29231226 -0.31514022 0.71038502
v 0.28665942 -0.26525101 0.67638123
v 0.27388689 -0.28262103 0.70031834
v 0.26696154 -0.29835004 0.70939982
v 0.24711259 -0.25880042 0.68637758
v 0.24584717 -0.27529159 0.69652331
v 0.23183121 -0.23807809 0.68375033
v 0.22847460 -0.25387490 0.68512613
v 0.21577974 -0.21219739 0.66952348
v 0.21036454 -0.22646248 0.66546673
v 0.20239365 -0.17486265 0.64337319
v 0.19462511 -0.19189668 0.64325351
v 0.18887499 -0.21040636 0.63510025
v 0.17074844 -0.16130769 0.61714488
v 0.16116689 -0.18551511 0.62153101
v 0.15464263 -0.12332711 0.59743303
v 0.15204617 -0.14871052 0.59809709
v 0.14139450 -0.08818969 0.57031518
v 0.13574499 -0.11839694 0.56799781
v 0.12841266 -0.05824125 0.53752780
v 0.11668363 -0.09742051 0.53820992
v 0.10863022 -0.03443021 0.50841755
v 0.08823872 -0.08023667 0.51875329
v 0.08003452 -0.12511277 0.53342724
v 0.06127958 -0.11275798 0.51595241
v 0.05874017 -0.16211426 0.52225381
v 0.03909127 -0.10841680 0.50120044
v 0.03218137 -0.16206616 0.51321304
v 0.03243242 -0.21498600 0.53058112
v 0.00973551 -0.16082308 0.50506079
v 0.01047084 -0.21076027 0.52062517
v -0.01292676 -0.15732682 0.49481678
v -0.01216274 -0.20268956 0.50508857
v -0.00706170 -0.24707845 0.52016395
v -0.03686242 -0.19166347 0.49209827
v -0.03080236 -0.23068202 0.49547195
v -0.03089774 -0.27855790 0.50750458
v -0.06314494 -0.21987025 0.47963193
v -0.06827504 -0.26034051 0.49152988
v -0.07758681 -0.29411083 0.50699866
v -0.10212764 -0.24225836 0.47622538
v -0.11072680 -0.27561283 0.48666596
v -0.11836071 -0.30882493 0.49575198
v -0.14830299 -0.26315427 0.47430468
v -0.15167399 -0.29705682 0.47760975
v -0.16069193 -0.33332095 0.49428821
v -0.18308936 -0.28769660 0.46049955
v -0.19031402 -0.32616475 0.47581077
v -0.19119297 -0.37059128 0.48864657
v -0.20763870 -0.27744469 0.43717945
v -0.17806679 -0.25281233 0.45360816
v -0.20150092 -0.24147591 0.43071193
v -0.22021006 -0.22815487 0.41169336
v -0.22433165 -0.26423886 0.41491875
v -0.23811109 -0.21123885 0.39924848
v -0.24436601 -0.24457759 0.40639621
v -0.26674160 -0.19473380 0.38853106
v -0.27357188 -0.22595847 0.39288527
v -0.28901958 -0.26450747 0.40886456
v -0.30600730 -0.21080919 0.37240702
v -0.31839594 -0.24738015 0.38346952
v -0.32721886 -0.19986603 0.34644288
v -0.33655977 -0.24061850 0.36061928
v -0.34408173 -0.28411853 0.35740718
v -0.35770687 -0.28935212 0.34737736
v -0.34705377 -0.33161983 0.36443067
v -0.32848248 -0.31923157 0.36896828
v -0.33676487 -0.37588269 0.38012391
v -0.31885889 -0.35672981 0.38057175
v -0.32328746 -0.41552785 0.38737625
v -0.31042129 -0.40165374 0.39511350
v -0.29791471 -0.37951794 0.39962023
v -0.29747045 -0.43992811 0.40306306
v -0.28811198 -0.42266411 0.41621688
v -0.28488174 -0.47857004 0.41664088
v -0.27159944 -0.45918152 0.43385103
v -0.35003966 -0.43370897 0.38529038
v -0.35742360 -0.39102960 0.37518638
v -0.37572592 -0.40566212 0.36952710
v -0.36719379 -0.44214919 0.36543962
v -0.36438772 -0.34456977 0.36355859
v -0.38816309 -0.36474344 0.36942363
v -0.41471815 -0.37877542 0.36197847
v -0.40149540 -0.41844401 0.36829877
v -0.37082368 -0.30118716 0.34407321
v -0.39292878 -0.31883198 0.35444742
v -0.42214143 -0.33999240 0.35668939
v -0.44508487 -0.35552949 0.35279894
v -0.43570998 -0.39199871 0.35853654
v -0.40121350 -0.27634239 0.33991322
v -0.42811120 -0.30049443 0.35062149
v -0.45511734 -0.31916037 0.34676433
v -0.47803187 -0.33617488 0.34820157
v -0.46878010 -0.37292388 0.35500771
v -0.43679669 -0.25807282 0.33521637
v -0.46288824 -0.28196666 0.33547407
v -0.48736885 -0.29927412 0.33619282
v -0.51248407 -0.31675839 0.34057495
v -0.50480419 -0.35476321 0.35164267
v -0.47480869 -0.24404603 0.32572368
v -0.49961931 -0.26352245 0.31849200
v -0.52082360 -0.27896643 0.32474262
v -0.55398178 -0.29833832 0.32784438
v -0.54650635 -0.33756986 0.34261879
v -0.50766629 -0.23154980 0.29716942
v -0.52869749 -0.24449839 0.30125773
v -0.55888891 -0.25951070 0.30450451
v -0.58893877 -0.27790767 0.30119082
v -0.58047491 -0.31816226 0.31852371
v -0.53672558 -0.21820968 0.27725786
v -0.56004357 -0.23196287 0.27677637
v -0.58554220 -0.24260241 0.27566803
v -0.61201125 -0.25409406 0.26757693
v -0.60891330 -0.29271948 0.28649345
v -0.60873359 -0.22321567 0.24707744
v -0.62182665 -0.22944541 0.22914165
v -0.62595785 -0.26467821 0.24595988
v -0.60797787 -0.18892094 0.22487770
v -0.61575395 -0.19671905 0.20554647
v -0.58860594 -0.16379191 0.20360890
v -0.59948993 -0.17139654 0.18573952
v -0.60901809 -0.17826179 0.17046061
v -0.62750185 -0.20248996 0.18519044
v -0.63508862 -0.23452489 0.21050826
v -0.64173943 -0.23664229 0.18528229
v -0.64744467 -0.27056155 0.20673342
v -0.63327664 -0.26837990 0.22775599
v -0.62825316 -0.21161592 0.16884720
v -0.61955088 -0.18563330 0.15754983
v -0.62722075 -0.18938565 0.13712555
v -0.63680261 -0.20794176 0.15407708
v -0.64658070 -0.24068999 0.17061944
v -0.64742303 -0.27194646 0.17974424
v -0.65599966 -0.20597629 0.12460616
v -0.66484457 -0.24727573 0.15377349
v -0.64952493 -0.27622229 0.16321996
v -0.65162700 -0.28748503 0.14591095
v -0.64354193 -0.30107594 0.12981409
v -0.62730324 -0.32229149 0.14953968
v -0.63432604 -0.31785393 0.11708728
v -0.62319142 -0.34046614 0.14098802
v -0.61046565 -0.36363512 0.16701032
v -0.62198353 -0.34821349 0.17516863
v -0.58556747 -0.38260695 0.19169733
v -0.60970348 -0.36789551 0.20147189
v -0.58442765 -0.40347534 0.22547826
v -0.60739475 -0.38634402 0.23032659
v -0.62487745 -0.36563116 0.23570853
v -0.59648460 -0.38815659 0.25679776
v -0.60955656 -0.36503369 0.26142061
v -0.62600243 -0.33534220 0.26070714
v -0.64214629 -0.33561933 0.23305024
v -0.63536865 -0.29952100 0.24388488
v -0.64406270 -0.29824963 0.21847469
v -0.61153609 -0.33528426 0.27869025
v -0.62437403 -0.30141851 0.26683313
v -0.60046160 -0.33219787 0.30037260
v -0.59778476 -0.36512142 0.28270769
v -0.58735055 -0.36351377 0.30426759
v -0.57155156 -0.35391575 0.32533735
v -0.57855892 -0.39559302 0.30718970
v -0.56334865 -0.38947180 0.33210564
v -0.53746092 -0.37506256 0.35072845
v -0.55223662 -0.42721549 0.33354196
v -0.52904797 -0.41632956 0.35713035
v -0.49696743 -0.39350972 0.35912204
v -0.52025878 -0.45609045 0.35143891
v -0.48975444 -0.43928835 0.36856958
v -0.46005419 -0.41275749 0.36336344
v -0.48018661 -0.47669536 0.35519472
v -0.45465657 -0.45523798 0.36375147
v -0.42744195 -0.43352714 0.36453012
v -0.44931987 -0.49660712 0.35615855
v -0.42120111 -0.47672325 0.36266136
v -0.39296949 -0.45845330 0.36590067
v -0.41666740 -0.52501625 0.35997733
v -0.38811320 -0.50713563 0.36571151
v -0.41244498 -0.57123888 0.34665376
v -0.38225690 -0.55608082 0.35589686
v -0.41264930 -0.61872309 0.33968800
v -0.37962461 -0.60489976 0.34496644
v -0.35027239 -0.59799469 0.35792837
v -0.32436934 -0.65207320 0.35721505
v -0.33107254 -0.70033097 0.35226408
v -0.30701888 -0.71460658 0.36476114
v -0.29944575 -0.66639036 0.37249893
v -0.28798306 -0.72941393 0.37915945
v -0.28064376 -0.68547475 0.38917738
v -0.27234536 -0.64362609 0.40203318
v -0.26615155 -0.70774108 0.40290955
v -0.25299624 -0.67558926 0.41575426
v -0.23880428 -0.65183783 0.43294069
v -0.26422229 -0.61285794 0.42206410
v -0.23958649 -0.71140218 0.43458679
v -0.22694540 -0.69798201 0.45037410
v -0.24832557 -0.73245752 0.41701701
v -0.24354127 -0.76278120 0.43969470
v -0.24420880 -0.80077660 0.45103449
v -0.24370460 -0.84981799 0.44115305
v -0.23504992 -0.83811659 0.45214319
v -0.23063809 -0.87591469 0.43797073
v -0.21218672 -0.86247468 0.45332706
v -0.20192759 -0.85314971 0.46851784
v -0.19558847 -0.90097040 0.46644944
v -0.18514973 -0.88908720 0.47306859
v -0.16501269 -0.86313188 0.47593090
v -0.17477328 -0.92481446 0.47390187
v -0.15448505 -0.89762425 0.47550914
v -0.16286144 -0.95257944 0.46946567
v -0.14099179 -0.92749017 0.47276676
v -0.11816225 -0.90807068 0.48235419
v -0.12390421 -0.96009076 0.47676563
v -0.10851538 -0.94429910 0.48796266
v -0.10462745 -0.94060105 0.50046539
v -0.10904615 -0.90246868 0.49752384
v -0.09934168 -0.93171203 0.51031035
v -0.10782868 -0.90420872 0.50928420
v -0.09480093 -0.92654818 0.52010894
v -0.10576315 -0.90797663 0.52026296
v -0.11606076 -0.88434291 0.52579260
v -0.10969549 -0.85108644 0.53205407
v -0.07937133 -0.84188080 0.54072350
v -0.09112932 -0.82157600 0.53395212
v -0.05656157 -0.81725758 0.53898084
v -0.06675190 -0.79610974 0.53302014
v -0.07630914 -0.77464283 0.52212292
v -0.04213889 -0.76846194 0.53433961
v -0.05181107 -0.74486142 0.52286303
v -0.06506386 -0.71982336 0.51065481
v -0.08863772 -0.74918878 0.51120174
v -0.08148628 -0.69306791 0.50055832
v -0.10141077 -0.71978760 0.49853975
v -0.09930392 -0.66259050 0.48777422
v -0.11743439 -0.68431520 0.48629513
v -0.13939488 -0.70540690 0.49245209
v -0.13840027 -0.64166325 0.48139018
v -0.15928879 -0.65701663 0.48831749
v -0.12204407 -0.62542266 0.47706309
v -0.08679041 -0.63841945 0.49080577
v -0.06672043 -0.66510141 0.50371641
v -0.05042237 -0.63189822 0.49607360
v -0.04812126 -0.68893635 0.51179057
v -0.02725080 -0.65316087 0.50699103
v -0.01324541 -0.60828674 0.50268644
v -0.04168731 -0.58938867 0.48903260
v -0.00941120 -0.56731015 0.50713569
v -0.04005735 -0.55161631 0.49250489
v -0.01006027 -0.53778285 0.51786381
v 0.01394776 -0.59437239 0.52955157
v 0.01063455 -0.56868124 0.54051226
v 0.01200407 -0.53927922 0.54952466
v 0.02810911 -0.60323405 0.56016868
v 0.02340195 -0.58069301 0.57191288
v 0.02555550 -0.54853517 0.58413219
v 0.04371121 -0.61389828 0.58158112
v 0.03885316 -0.58889681 0.59870780
v 0.06674934 -0.65478301 0.59608096
v 0.06116240 -0.62387013 0.60627145
v 0.07232457 -0.70388651 0.60415334
v 0.07962286 -0.66544622 0.61318028
v 0.09131827 -0.72371346 0.60052174
v 0.09840345 -0.70586169 0.62143534
v 0.10281891 -0.65460509 0.62529761
v 0.10900468 -0.73519659 0.61881417
v 0.12491984 -0.68869388 0.62792331
v 0.12997010 -0.65564495 0.64400715
v 0.13785452 -0.71436322 0.62683576
v 0.14650552 -0.69340229 0.64477396
v 0.15641695 -0.66395915 0.65658629
v 0.13366130 -0.62971085 0.65753037
v 0.17056595 -0.63419437 0.66410673
v 0.14845645 -0.59605742 0.66312659
v 0.18759316 -0.60652661 0.67080063
v 0.17086744 -0.56279588 0.66705579
v 0.20187685 -0.59225863 0.68278909
v 0.18893807 -0.54201907 0.67748421
v 0.19660389 -0.62661588 0.66118246
v 0.21504496 -0.60629857 0.66859686
v 0.23598532 -0.58261484 0.67134547
v 0.24159481 -0.61765581 0.65375000
v 0.25761098 -0.61353195 0.66412085
v 0.27960259 -0.59561503 0.66637784
v 0.28294098 -0.63516700 0.65542513
v 0.30519226 -0.63250875 0.66818613
v 0.32627147 -0.63133144 0.67922610
v 0.30905908 -0.58379132 0.67175156
v 0.35113421 -0.61763978 0.68685716
v 0.33352497 -0.66585231 0.68034053
v 0.35656750 -0.65150982 0.68627447
v 0.37867701 -0.63543868 0.69702089
v 0.36046636 -0.66744035 0.68026024
v 0.38775897 -0.65316254 0.69089252
v 0.40966579 -0.65423381 0.70740581
v 0.40033635 -0.63204229 0.71269751
v 0.43029141 -0.64921463 0.72301078
v 0.42181054 -0.63452327 0.73330069
v 0.44391975 -0.64482474 0.73934722
v 0.43620774 -0.66968369 0.71392059
v 0.45050126 -0.64052695 0.72454971
v 0.47033995 -0.64369291 0.74196720
v 0.46102911 -0.64919072 0.71161324
v 0.48242873 -0.63877541 0.72339201
v 0.49303073 -0.63789046 0.73221302
v 0.49706525 -0.64422905 0.70796967
v 0.50561112 -0.63309586 0.71567059
v 0.50620663 -0.63898617 0.69367361
v 0.51635736 -0.61385560 0.69885069
v 0.51942199 -0.62091744 0.67702705
v 0.53501165 -0.60143661 0.68075770
v 0.54541218 -0.58890694 0.69142675
v 0.55318123 -0.58512878 0.66244876
v 0.56022882 -0.56838632 0.67080861
v 0.56312287 -0.52788436 0.66310805
v 0.56226766 -0.51652229 0.65493959
v 0.58688629 -0.55503988 0.64987671
v 0.57209259 -0.47281435 0.65685457
v 0.57387602 -0.43609434 0.66234112
v 0.58268416 -0.36414009 0.64459002
v 0.56776488 -0.40047196 0.66863275
v 0.57599163 -0.33275777 0.65676558
v 0.55876756 -0.36891371 0.67287338
v 0.55922192 -0.30111361 0.66360116
v 0.58615172 -0.29461586 0.63834202
v 0.57173908 -0.25915489 0.64723730
v 0.59606826 -0.25896737 0.61659914
v 0.60649651 -0.29649177 0.60681444
v 0.61755770 -0.26295897 0.57903808
v 0.61221945 -0.22854808 0.58786511
v 0.59832466 -0.33180109 0.62736058
v 0.63352269 -0.29616272 0.57287711
v 0.64823276 -0.26008287 0.55031991
v 0.66368181 -0.22296345 0.52707356
v 0.64092052 -0.31292099 0.56844872
v 0.65318292 -0.27664456 0.54229331
v 0.67429793 -0.24751490 0.52045941
v 0.69417173 -0.22155964 0.50942022
v 0.68600112 -0.19780022 0.51581854
v 0.65785062 -0.29327527 0.52780312
v 0.67785740 -0.26410013 0.51142162
v 0.69747776 -0.24103543 0.49972260
v 0.70571971 -0.21343543 0.48718739
v 0.70342720 -0.19129080 0.49786499
v 0.67212707 -0.27866739 0.49338126
v 0.69520527 -0.25671160 0.48028362
v 0.70802635 -0.23548067 0.47024333
v 0.71621406 -0.20866838 0.45658582
v 0.71040273 -0.18455094 0.46886614
v 0.69795352 -0.28244942 0.46868321
v 0.71207213 -0.25976625 0.45786816
v 0.71562546 -0.23168461 0.44126272
v 0.72050017 -0.20396343 0.42473090
v 0.71333039 -0.18133925 0.43987340
v 0.71319127 -0.27969539 0.44128096
v 0.72110289 -0.25581259 0.42799807
v 0.71876132 -0.22914322 0.41020197
v 0.71835220 -0.20498681 0.39028811
v 0.71166593 -0.18143931 0.40926141
v 0.71987092 -0.27976149 0.41280201
v 0.72042823 -0.25573358 0.39559922
v 0.71841449 -0.22965305 0.37946332
v 0.70957553 -0.20691538 0.36237085
v 0.71040869 -0.18363628 0.37335986
v 0.72422695 -0.27730367 0.38426211
v 0.71824324 -0.25384957 0.37089217
v 0.70456904 -0.23517914 0.35555673
v 0.69149488 -0.21715817 0.33745182
v 0.69828945 -0.18868086 0.34398803
v 0.70848954 -0.27875751 0.35942540
v 0.69991398 -0.26299345 0.34416306
v 0.68612498 -0.24923944 0.32925043
v 0.67246610 -0.23471618 0.30922800
v 0.67588091 -0.20330502 0.31864449
v 0.69677496 -0.28979528 0.33089018
v 0.68747556 -0.27599522 0.31686068
v 0.67365402 -0.26278931 0.29939589
v 0.66067064 -0.25155228 0.27934670
v 0.65858793 -0.22280818 0.29057407
v 0.68814504 -0.30395958 0.30915764
v 0.67236328 -0.29503170 0.29360837
v 0.66235274 -0.28327036 0.27191335
v 0.65081990 -0.27251735 0.25381601
v 0.64723384 -0.24235606 0.26041931
v 0.68137133 -0.32793206 0.28421554
v 0.67232525 -0.31614271 0.26773089
v 0.65768665 -0.30795988 0.25265682
v 0.64123142 -0.30018601 0.23649265
v 0.63648415 -0.26507524 0.23902255
v 0.68115187 -0.35222560 0.26376721
v 0.66883880 -0.34502855 0.24789503
v 0.64946932 -0.34081078 0.23471242
v 0.62721443 -0.33594659 0.22199647
v 0.62355047 -0.29287958 0.22157666
v 0.67806387 -0.38912153 0.24306345
v 0.65998989 -0.38203847 0.22438383
v 0.63932979 -0.37426278 0.20734420
v 0.61770552 -0.36482909 0.19039612
v 0.60521668 -0.32725525 0.20242704
v 0.67602193 -0.41583771 0.20900752
v 0.65515071 -0.40456402 0.18867299
v 0.63283342 -0.39316568 0.16978955
v 0.60909355 -0.38274312 0.15427561
v 0.59590876 -0.35353816 0.17302023
v 0.66001880 -0.44214827 0.17951214
v 0.63650596 -0.43130392 0.16231987
v 0.61493278 -0.41663331 0.14516829
v 0.59536648 -0.39908403 0.12598942
v 0.58804202 -0.37053233 0.13837510
v 0.63493824 -0.46288013 0.15645245
v 0.61581349 -0.44748169 0.14034377
v 0.59814632 -0.42809790 0.11775507
v 0.57851726 -0.41091865 0.09669808
v 0.57444692 -0.38407132 0.10644969
v 0.61277062 -0.47507066 0.13398702
v 0.61200202 -0.46551919 0.13449530
v 0.59511447 -0.44889605 0.10995802
v 0.59570879 -0.45470387 0.11003722
v 0.57368189 -0.44071239 0.09056700
v 0.57206845 -0.43665668 0.08871439
v 0.55755711 -0.42219463 0.06895337
v 0.55683643 -0.42600107 0.06906305
v 0.56131947 -0.39213353 0.07621792
v 0.59464645 -0.47329783 0.09681696
v 0.56950670 -0.45990646 0.07526395
v 0.54904354 -0.44799942 0.06337073
v 0.54009908 -0.42500585 0.03995755
v 0.54037762 -0.40381396 0.04761358
v 0.54156256 -0.40276265 0.04930639
v 0.56559062 -0.48626781 0.06703940
v 0.55038881 -0.46571010 0.05263732
v 0.53741449 -0.44514388 0.02583332
v 0.51934481 -0.42682031 0.00429607
v 0.52198404 -0.40542376 0.01676803
v 0.55579954 -0.48292589 0.03621069
v 0.53301489 -0.46600699 0.00928501
v 0.51378661 -0.44896883 -0.00969537
v 0.50410360 -0.42898333 -0.02196174
v 0.50210273 -0.42556745 -0.03021179
v 0.50982928 -0.40588570 -0.01054216
v 0.50785023 -0.40443844 -0.01746576
v 0.50293815 -0.37843591 -0.04104188
v 0.50274312 -0.35765004 -0.03033302
v 0.51346451 -0.38356063 -0.00267426
v 0.51260114 -0.38295612 -0.00519857
v 0.49764454 -0.40062344 -0.05103698
v 0.47562870 -0.37870365 -0.07457108
v 0.47787559 -0.35818881 -0.06448829
v 0.45218384 -0.34703100 -0.07912843
v 0.45651975 -0.32401115 -0.07130358
v 0.47958690 -0.33829433 -0.05304551
v 0.44997978 -0.36853877 -0.08685627
v 0.42743134 -0.36121941 -0.09910582
v 0.42863041 -0.33806440 -0.09184121
v 0.42765778 -0.38505819 -0.10462209
v 0.40593559 -0.38164949 -0.11504699
v 0.40441269 -0.35714942 -0.10975501
v 0.43144202 -0.40944171 -0.10821760
v 0.41012737 -0.40575385 -0.11860738
v 0.38717139 -0.40310761 -0.12600507
v 0.38405764 -0.37800130 -0.12469628
v 0.43612987 -0.43911073 -0.10380133
v 0.41229388 -0.43473583 -0.11421904
v 0.38829634 -0.43130323 -0.12389578
v 0.36595443 -0.42967817 -0.13467841
v 0.36377576 -0.40236062 -0.13526946
v 0.41448060 -0.46705699 -0.10528375
v 0.41437688 -0.46715868 -0.10529166
v 0.38885245 -0.46300852 -0.11596470
v 0.38879564 -0.46330982 -0.11578203
v 0.36434412 -0.46012473 -0.12733047
v 0.36479387 -0.45852488 -0.12839417
v 0.34144530 -0.45466247 -0.14213601
v 0.34036306 -0.45937771 -0.13927270
v 0.34154063 -0.42984021 -0.14350598
v 0.33253771 -0.48945522 -0.13153479
v 0.31264430 -0.49142569 -0.15195730
v 0.31468570 -0.45787442 -0.15376627
v 0.31655228 -0.45670381 -0.15224531
v 0.33700791 -0.51781124 -0.13255706
v 0.31753230 -0.51412678 -0.15301403
v 0.29649213 -0.51247209 -0.16493219
v 0.29663789 -0.48880178 -0.16696194
v 0.33879668 -0.53575951 -0.13481665
v 0.31781945 -0.53036183 -0.15323140
v 0.29474851 -0.53491318 -0.16990367
v 0.28375411 -0.53301215 -0.19147545
v 0.27737391 -0.51625824 -0.18211547
v 0.31411040 -0.54719090 -0.15265533
v 0.26489028 -0.52843434 -0.19656587
v -0.77913356 -0.64430791 -0.01382159
v -0.77612954 -0.63092148 -0.02068176
v -0.77382988 -0.65598339 0.00973435
v -0.77267176 -0.64537919 0.00598943
v -0.76706111 -0.63499612 -0.00200863
v -0.75886321 -0.62152624 -0.01198140
v -0.76938701 -0.61501807 -0.02490933
v -0.76571214 -0.64147103 0.02657245
v -0.75851798 -0.63132262 0.02121156
v -0.75229967 -0.62293279 0.01204693
v -0.74040043 -0.61892861 0.00156372
v -0.74989617 -0.60721481 -0.02141691
v -0.75910294 -0.61806941 0.04151678
v -0.74929833 -0.61767673 0.03664955
v -0.73643637 -0.61078161 0.02648231
v -0.71555549 -0.60669553 0.01758014
v -0.72154409 -0.60719132 -0.01047813
v -0.75222903 -0.60276556 0.05225282
v -0.73476416 -0.60661942 0.04596815
v -0.71526414 -0.59736216 0.03465907
v -0.69391549 -0.59068537 0.02297038
v -0.69836009 -0.58947766 0.00437342
v -0.73057824 -0.58963865 0.05917123
v -0.71201456 -0.58780986 0.04934550
v -0.69237876 -0.57623154 0.03915845
v -0.67010653 -0.56088996 0.02841142
v -0.67536283 -0.56985289 0.00493005
v -0.66797262 -0.54211169 -0.01529908
v -0.65390950 -0.52925330 0.00993391
v -0.68195885 -0.50580025 0.02502509
v -0.66889256 -0.48389134 0.01895674
v -0.65263689 -0.50331640 -0.01072548
v -0.66649985 -0.51490772 -0.02682414
v -0.65321684 -0.48255521 -0.01626323
v -0.65483952 -0.46464941 0.00475739
v -0.64423627 -0.43824703 -0.00893531
v -0.64133406 -0.45973343 -0.01961065
v -0.63049197 -0.40692890 -0.02858905
v -0.62226588 -0.43628347 -0.03431123
v -0.63010859 -0.38504481 -0.05549798
v -0.61706001 -0.41099086 -0.05950267
v -0.62344313 -0.43308520 -0.07764596
v -0.64258039 -0.43180966 -0.09775963
v -0.65278637 -0.44080138 -0.11602326
v -0.64596868 -0.45811674 -0.12837683
v -0.65205926 -0.47815174 -0.11057068
v -0.63947099 -0.47486699 -0.13921958
v -0.63478619 -0.49274805 -0.11556143
v -0.64433414 -0.45854750 -0.16504006
v -0.63778549 -0.47285366 -0.17067416
v -0.63797283 -0.43956441 -0.18593715
v -0.64049840 -0.45316300 -0.19346496
v -0.63337284 -0.42127058 -0.20746006
v -0.63037705 -0.43851840 -0.22157234
v -0.62750351 -0.40511847 -0.23249556
v -0.61876607 -0.42512909 -0.24531874
v -0.61699092 -0.44253629 -0.25533554
v -0.61060035 -0.40399790 -0.26195237
v -0.61144984 -0.42152977 -0.27112308
v -0.61633217 -0.44163018 -0.27970314
v -0.61923277 -0.46363527 -0.26377466
v -0.62546825 -0.46413797 -0.28828067
v -0.62777597 -0.48162618 -0.27067026
v -0.62908572 -0.48460430 -0.29400557
v -0.63300836 -0.49940348 -0.27930960
v -0.65367627 -0.50864518 -0.25894225
v 0.17002586 -0.50847852 -0.25113744
v 0.18850629 -0.51461452 -0.23258832
v 0.21220317 -0.52232194 -0.21573085
v 0.19194722 -0.50294119 -0.23359315
v 0.21622613 -0.50904894 -0.21690017
v 0.24039215 -0.51948935 -0.20661406
v 0.21721813 -0.49823472 -0.21866059
v 0.23799567 -0.50620461 -0.20388982
v 0.26160851 -0.51269537 -0.19211474
v 0.23958147 -0.48119047 -0.20285374
v 0.25984737 -0.48641261 -0.18873230
v 0.27998745 -0.48675311 -0.17993546
v 0.26145142 -0.45761722 -0.19064207
v 0.26107511 -0.45962939 -0.19059165
v 0.28012314 -0.46050012 -0.18071808
v 0.28059405 -0.46071002 -0.18029729
v 0.29498887 -0.46210027 -0.16714905
v 0.29676744 -0.45765930 -0.16652241
v 0.28271171 -0.43144703 -0.17989454
v 0.30123690 -0.43101457 -0.17021929
v 0.31961179 -0.43069550 -0.15680072
v 0.29888868 -0.40451682 -0.16855274
v 0.31930119 -0.40442595 -0.15668520
v 0.34105510 -0.40254742 -0.14473173
v 0.31694186 -0.37411547 -0.15352385
v 0.34208494 -0.37222618 -0.14701885
v 0.36124209 -0.37541771 -0.13555758
v 0.33945248 -0.34479260 -0.14449282
v 0.35954836 -0.34799549 -0.13188699
v 0.38248664 -0.35179946 -0.12170853
v 0.36125386 -0.31989095 -0.13118106
v 0.38226208 -0.32493523 -0.11828744
v 0.40396446 -0.33190486 -0.10305825
v 0.38539740 -0.29909706 -0.11317004
v 0.40809613 -0.30522263 -0.09916718
v 0.43182945 -0.31372097 -0.08532470
v 0.40968767 -0.28155333 -0.09221016
v 0.43397561 -0.28906345 -0.07776786
v 0.45915380 -0.29989415 -0.06271673
v 0.42956820 -0.26763147 -0.06594561
v 0.45513111 -0.27642506 -0.05162665
v 0.48037636 -0.29272696 -0.03191200
v 0.48253947 -0.31662244 -0.04337455
v 0.49940029 -0.31349844 -0.00969726
v 0.50433028 -0.33538520 -0.02027602
v 0.51108605 -0.33819270 0.01477979
v 0.51454425 -0.35928351 0.00608483
v 0.51384974 -0.36103380 0.00437642
v 0.52622443 -0.35796368 0.03395549
v 0.52607000 -0.38247418 0.02569379
v 0.52603137 -0.38200790 0.02561081
v 0.54434258 -0.37548238 0.05538405
v 0.52722895 -0.33021393 0.04370967
v 0.54160625 -0.34882790 0.06790739
v 0.55507845 -0.36808136 0.08893285
v 0.53360528 -0.32247266 0.07731207
v 0.55179745 -0.34036881 0.09717338
v 0.57035917 -0.35598373 0.11822153
v 0.54811686 -0.30609256 0.10456070
v 0.56714869 -0.32168919 0.12486330
v 0.57839274 -0.33837759 0.15107442
v 0.55770165 -0.28726292 0.13440618
v 0.57345450 -0.30006531 0.15562561
v 0.58762586 -0.31440949 0.17970935
v 0.57003611 -0.26412380 0.15841874
v 0.58227712 -0.27542382 0.18228085
v 0.60153300 -0.28473994 0.20375472
v 0.58529121 -0.23616695 0.18112937
v 0.59967530 -0.24688403 0.19982502
v 0.61695439 -0.25764284 0.22189836
v 0.59838498 -0.21236412 0.19868901
v 0.61287093 -0.22231902 0.22183566
v 0.63106650 -0.23235708 0.24192697
v 0.61245209 -0.19010344 0.22206107
v 0.62426913 -0.20399337 0.24672347
v 0.64189881 -0.21436262 0.27152729
v 0.62301028 -0.17474355 0.25502753
v 0.64282709 -0.18508917 0.28059381
v 0.66156030 -0.19332762 0.30008727
v 0.64320183 -0.15851915 0.29138678
v 0.66654158 -0.16555281 0.31194010
v 0.68404055 -0.17399848 0.32603496
v 0.67142791 -0.13773020 0.31734160
v 0.68577343 -0.15166505 0.33454639
v 0.70048189 -0.16601117 0.35452750
v 0.67331547 -0.13248339 0.35238242
v 0.69159782 -0.14564529 0.37340361
v 0.70370251 -0.16150972 0.39035422
v 0.68526524 -0.11614069 0.38438451
v 0.69965416 -0.13456531 0.40525296
v 0.70996541 -0.15581423 0.42281583
v 0.69416505 -0.10916176 0.41862848
v 0.70567012 -0.12965569 0.43927073
v 0.71272415 -0.15475795 0.45323306
v 0.70894581 -0.10127550 0.45030904
v 0.71243232 -0.12890056 0.46552953
v 0.70923626 -0.15930599 0.48130718
v 0.70967972 -0.11146915 0.48395705
v 0.70575374 -0.14127609 0.49647981
v 0.69785422 -0.17044705 0.50776196
v 0.69148976 -0.13168138 0.52000540
v 0.68575603 -0.15692866 0.52365005
v 0.67471647 -0.12822589 0.55032116
v 0.66621304 -0.15200591 0.54697520
v 0.66766220 -0.11435562 0.54335535
v 0.63854939 -0.09629574 0.55415237
v 0.69391954 -0.10946709 0.50932610
v 0.68850696 -0.08976337 0.48661405
v 0.65664011 -0.10197982 0.51415735
v 0.70074540 -0.08737358 0.46710432
v 0.68782431 -0.06350935 0.44466400
v 0.67951143 -0.06467259 0.45986012
v 0.69292349 -0.08302534 0.43334094
v 0.67593873 -0.06752664 0.40967453
v 0.67148560 -0.04541287 0.42006662
v 0.68174607 -0.09030470 0.39568776
v 0.66920638 -0.07204592 0.36686856
v 0.66245359 -0.05087075 0.38073611
v 0.67291713 -0.09638208 0.35872215
v 0.66293341 -0.11507057 0.32722729
v 0.64648134 -0.10219213 0.30643016
v 0.64715809 -0.13141114 0.30047321
v 0.62636966 -0.12354010 0.27500814
v 0.62345469 -0.09788577 0.28603637
v 0.62449563 -0.14871180 0.26571015
v 0.60953313 -0.13968635 0.24081102
v 0.60789001 -0.11378171 0.25075346
v 0.61180604 -0.16311720 0.22840217
v 0.59980541 -0.15209040 0.20664597
v 0.59386092 -0.13004319 0.21756536
v 0.59994936 -0.17934614 0.20039980
v 0.58647865 -0.17120224 0.18166816
v 0.58412009 -0.14397356 0.18973356
v 0.58618826 -0.20206104 0.17952600
v 0.56854594 -0.19437359 0.16364515
v 0.56909621 -0.16399111 0.16562951
v 0.56602049 -0.22901022 0.16276708
v 0.55005783 -0.21858922 0.13888605
v 0.55028236 -0.18696775 0.14416507
v 0.55205941 -0.25138402 0.14028215
v 0.53389889 -0.23683836 0.11827683
v 0.53502840 -0.20637576 0.11662180
v 0.53891563 -0.27318454 0.11559097
v 0.51997596 -0.25704983 0.09684815
v 0.52032405 -0.22064058 0.09545988
v 0.52844626 -0.29016066 0.08525261
v 0.51083589 -0.27290025 0.06399204
v 0.49910170 -0.24268509 0.07766958
v 0.51768035 -0.30335340 0.05533308
v 0.50277776 -0.28337696 0.03174796
v 0.49078527 -0.25705421 0.04539156
v 0.51074499 -0.31139314 0.02083153
v 0.49093753 -0.29088384 0.00006767
v 0.48089737 -0.26623604 0.01283672
v 0.45968828 -0.24976811 -0.00648151
v 0.44441590 -0.23035690 0.01154486
v 0.46674404 -0.24482280 0.03085240
v 0.46995488 -0.27235618 -0.01978889
v 0.44451073 -0.25908968 -0.03629109
v 0.43458250 -0.23881195 -0.02217301
v 0.40863737 -0.23031977 -0.03714289
v 0.40339261 -0.20237088 -0.03067119
v 0.42321944 -0.21534500 -0.00817905
v 0.42033175 -0.24912882 -0.05210336
v 0.40069869 -0.23722087 -0.07250442
v 0.38845411 -0.21847054 -0.05991037
v 0.40700004 -0.25903946 -0.08300491
v 0.38460636 -0.25229323 -0.09921545
v 0.37971956 -0.22900304 -0.09243828
v 0.38683078 -0.27604294 -0.10604608
v 0.36187506 -0.27576768 -0.11714259
v 0.35931382 -0.24987000 -0.11073343
v 0.36288917 -0.29621115 -0.12659188
v 0.34095430 -0.29159302 -0.14373469
v 0.33861336 -0.27169353 -0.13583915
v 0.34023619 -0.31427518 -0.14617431
v 0.32139468 -0.30909115 -0.16008538
v 0.32390326 -0.28636101 -0.15916097
v 0.31737855 -0.34130591 -0.15451798
v 0.29665235 -0.34080562 -0.16820434
v 0.30133185 -0.30830714 -0.17122404
v 0.29661104 -0.37405685 -0.16987735
v 0.28094402 -0.37196395 -0.18295823
v 0.27654666 -0.34146747 -0.18179306
v 0.28130925 -0.40311125 -0.18082409
v 0.26067021 -0.40253252 -0.19365539
v 0.26091743 -0.37101424 -0.19125339
v 0.26061618 -0.43072531 -0.19104071
v 0.24163781 -0.42768562 -0.20673431
v 0.24350314 -0.40115902 -0.20869547
v 0.24180849 -0.45430666 -0.20466655
v 0.24093890 -0.45527771 -0.20508687
v 0.21844950 -0.45077875 -0.21878687
v 0.21946637 -0.45171234 -0.21773712
v 0.22382709 -0.42450246 -0.21929502
v 0.21632974 -0.47705778 -0.21647355
v 0.19616713 -0.47041497 -0.23423164
v 0.20320398 -0.44359964 -0.23845153
v 0.20170572 -0.45273846 -0.23786436
v 0.19479972 -0.49078307 -0.23512127
v 0.17718081 -0.48549157 -0.25482795
v 0.17695633 -0.46873155 -0.25347018
v 0.17320991 -0.49768943 -0.25236315
v 0.15583843 -0.49571145 -0.27093795
v 0.16008852 -0.48165497 -0.27231419
v 0.15364526 -0.50481963 -0.27064231
v 0.14087678 -0.49515617 -0.29367077
v 0.12502789 -0.49214602 -0.34429935
v 0.13115142 -0.49431500 -0.31844807
v 0.13014217 -0.47708556 -0.34864062
v 0.13249616 -0.47943461 -0.32208899
v 0.14401533 -0.48023263 -0.29526106
v 0.13546556 -0.45987302 -0.32609421
v 0.14610690 -0.46165881 -0.29717204
v 0.16157629 -0.46416664 -0.27343747
v 0.14855009 -0.43827635 -0.29818112
v 0.14874312 -0.43671200 -0.29847747
v 0.16580984 -0.43944961 -0.27501392
v 0.16598052 -0.43891251 -0.27500090
v 0.18198061 -0.44191957 -0.25415322
v 0.18094972 -0.44511247 -0.25435093
v 0.17032841 -0.41688856 -0.27663940
v 0.18285212 -0.42090815 -0.25538695
v 0.20270383 -0.42462212 -0.23438896
v 0.18392007 -0.39251587 -0.25414002
v 0.20468040 -0.39598751 -0.23182158
v 0.22657089 -0.39873046 -0.22017385
v 0.20493859 -0.36511877 -0.23784891
v 0.22289382 -0.36846054 -0.22074485
v 0.24064691 -0.37075955 -0.20654836
v 0.22486174 -0.33621308 -0.22775576
v 0.24089025 -0.33698207 -0.21145837
v 0.25944006 -0.33829561 -0.19650541
v 0.24257055 -0.30845964 -0.21505177
v 0.26023677 -0.30882177 -0.20178232
v 0.27832639 -0.30988389 -0.18373032
v 0.25554743 -0.28022647 -0.19982380
v 0.27672404 -0.28225443 -0.17888619
v 0.30329391 -0.28378034 -0.16941674
v 0.27391231 -0.25321701 -0.18336995
v 0.29664123 -0.26180083 -0.16557702
v 0.32025015 -0.26705763 -0.15267625
v 0.29025936 -0.24137023 -0.16691138
v 0.31173727 -0.24938297 -0.14357239
v 0.33613947 -0.24785587 -0.12701148
v 0.30535120 -0.22072560 -0.13896869
v 0.33343497 -0.22039944 -0.12512074
v 0.35733923 -0.22344717 -0.11020535
v 0.32965389 -0.19374418 -0.12764849
v 0.35165727 -0.19904636 -0.10716619
v 0.37197709 -0.20633924 -0.08524647
v 0.35189399 -0.17260362 -0.11118235
v 0.36836731 -0.18065003 -0.08324409
v 0.38145754 -0.19258299 -0.05329197
v 0.36625791 -0.15465501 -0.08330955
v 0.38015401 -0.16383022 -0.05320494
v 0.39842203 -0.17423016 -0.02625028
v 0.38468713 -0.13548517 -0.05953733
v 0.39704674 -0.14463629 -0.02748388
v 0.41502419 -0.15657248 -0.00133044
v 0.41807914 -0.18585443 -0.00350051
v 0.43044910 -0.16971117 0.02734457
v 0.43220708 -0.20242730 0.02399237
v 0.45537117 -0.18183592 0.04769973
v 0.45735264 -0.21541056 0.04508410
v 0.47872111 -0.19622445 0.06680393
v 0.48193815 -0.22801559 0.05905247
v 0.50204992 -0.20761275 0.07956017
v 0.47679773 -0.16542734 0.06680939
v 0.49947307 -0.18071125 0.08543139
v 0.52057898 -0.19250600 0.09668249
v 0.49479061 -0.15248960 0.08466978
v 0.51191270 -0.16938172 0.10345051
v 0.52980179 -0.18113947 0.12577112
v 0.50697982 -0.13997248 0.10807417
v 0.52619344 -0.15293641 0.13293007
v 0.54991812 -0.15868391 0.14951271
v 0.51899064 -0.12535173 0.13976699
v 0.54330850 -0.13612926 0.16094142
v 0.56656420 -0.13929285 0.17442100
v 0.53589565 -0.10710672 0.16781729
v 0.56099916 -0.11397222 0.18543643
v 0.58053136 -0.11923793 0.19796145
v 0.55598176 -0.08670169 0.19066271
v 0.57471085 -0.09562008 0.20829308
v 0.59124410 -0.10403581 0.22755605
v 0.57245582 -0.06886525 0.21517068
v 0.58865607 -0.08018008 0.23560265
v 0.60639501 -0.09004301 0.25953493
v 0.58506489 -0.05526870 0.24398053
v 0.60521215 -0.06529580 0.26888266
v 0.62649447 -0.06674173 0.28945813
v 0.58596855 -0.02754049 0.24792320
v 0.56805533 -0.01811743 0.23088589
v 0.57210749 0.01077288 0.23027074
v 0.58693415 -0.00282818 0.24884677
v 0.56894171 -0.04506573 0.22266233
v 0.54926509 -0.03496820 0.20320441
v 0.54629880 -0.00913188 0.21107617
v 0.55117923 -0.06085715 0.19793776
v 0.53258598 -0.04962781 0.17753041
v 0.52876425 -0.02591929 0.18404934
v 0.53539318 -0.07808082 0.17368360
v 0.51270562 -0.07571217 0.15989232
v 0.51162159 -0.04143724 0.16477762
v 0.51708686 -0.09803829 0.14447759
v 0.49906468 -0.08758110 0.12024309
v 0.48714536 -0.06901209 0.13349229
v 0.50122654 -0.11232301 0.11464478
v 0.48653910 -0.09902053 0.09184803
v 0.48236832 -0.07459774 0.09967679
v 0.49040723 -0.12503101 0.08612392
v 0.47499371 -0.11019081 0.06305733
v 0.46915519 -0.08873484 0.07243272
v 0.47564086 -0.13577904 0.06451936
v 0.45573705 -0.12201673 0.04354110
v 0.45698452 -0.09854190 0.04381950
v 0.45493075 -0.15122792 0.04743564
v 0.43197370 -0.13775325 0.02531068
v 0.43750888 -0.11086515 0.01951909
v 0.41695082 -0.10025558 -0.00485355
v 0.42021742 -0.07313553 -0.00948366
v 0.43271860 -0.08949003 0.02411303
v 0.41708639 -0.12709370 -0.00508421
v 0.40385708 -0.11634701 -0.03613987
v 0.40703568 -0.08934835 -0.03949831
v 0.39533502 -0.07949656 -0.07173678
v 0.39499748 -0.05232590 -0.07202803
v 0.40875316 -0.06184357 -0.04077251
v 0.39398506 -0.10829537 -0.06986052
v 0.37757510 -0.10221937 -0.09995952
v 0.38463143 -0.07204033 -0.10792162
v 0.37039289 -0.12844402 -0.08952695
v 0.36002532 -0.12056550 -0.12246709
v 0.36178914 -0.09483789 -0.13042724
v 0.35529193 -0.14709844 -0.11594517
v 0.33700114 -0.14298770 -0.14559044
v 0.34260103 -0.11396605 -0.15722668
v 0.33105397 -0.16757219 -0.13469951
v 0.31116197 -0.16232863 -0.15745883
v 0.31574684 -0.13496844 -0.16807614
v 0.30369776 -0.19062796 -0.14407526
v 0.28329068 -0.18402120 -0.16902344
v 0.29173160 -0.15569805 -0.18142070
v 0.28272319 -0.21510051 -0.16519134
v 0.27082974 -0.20413458 -0.19416672
v 0.27134457 -0.17507631 -0.19925359
v 0.27266967 -0.23040339 -0.19018707
v 0.25465059 -0.22520991 -0.21127298
v 0.25162131 -0.19946045 -0.21471788
v 0.25465342 -0.24829012 -0.20503360
v 0.23759022 -0.24509376 -0.22196792
v 0.23919505 -0.22069028 -0.23072065
v 0.23722713 -0.27894777 -0.21575636
v 0.21852520 -0.28083748 -0.23807758
v 0.21743980 -0.24831319 -0.24122408
v 0.22430851 -0.30780172 -0.23313268
v 0.20951438 -0.30607703 -0.25000134
v 0.20938744 -0.28075695 -0.25906616
v 0.20885827 -0.33561477 -0.24395700
v 0.19283053 -0.33691534 -0.26098764
v 0.19570465 -0.30797175 -0.26663768
v 0.18914501 -0.36359325 -0.25908387
v 0.17640749 -0.36325097 -0.28160942
v 0.17853789 -0.34022391 -0.28232056
v 0.16946881 -0.38922712 -0.27814341
v 0.15984945 -0.38579673 -0.30599090
v 0.16470890 -0.36386573 -0.30553114
v 0.15279301 -0.41096777 -0.30170214
v 0.14983670 -0.40953183 -0.32950321
v 0.15375236 -0.38617778 -0.32954603
v 0.13954678 -0.43820664 -0.32693139
v 0.14059761 -0.43418464 -0.32627919
v 0.13418978 -0.44186336 -0.34762183
v 0.13426013 -0.43751040 -0.34804448
v 0.13869958 -0.40872484 -0.34774223
v 0.13500428 -0.46227399 -0.35124737
v 0.13235769 -0.46371830 -0.37424526
v 0.12388343 -0.44746220 -0.37137181
v 0.12330851 -0.43804196 -0.37065810
v 0.12492067 -0.47867799 -0.37325245
v 0.11982983 -0.48558748 -0.39834714
v 0.11941858 -0.46602339 -0.39598152
v 0.11104544 -0.48279476 -0.42075136
v -0.63838780 -0.49998534 -0.29957730
v -0.63705748 -0.49773741 -0.29944596
v -0.64221609 -0.48871997 -0.32152727
v -0.64131802 -0.48647726 -0.32043666
v -0.64883113 -0.46974996 -0.34739700
v -0.64959550 -0.47175509 -0.34879199
v -0.65468729 -0.49499831 -0.35240018
v -0.65446168 -0.48683974 -0.38919693
v 0.06265441 -0.46453816 -0.49541244
v 0.07430244 -0.46990043 -0.46564290
v 0.09484090 -0.47611627 -0.44156456
v 0.07726100 -0.45085177 -0.46938938
v 0.09478515 -0.45735508 -0.44231701
v 0.10960905 -0.46398601 -0.42048380
v 0.10652176 -0.43900633 -0.42096096
v 0.10700203 -0.43165448 -0.42128319
v 0.11542211 -0.44392031 -0.39476100
v 0.11445762 -0.43510431 -0.39765459
v 0.11367036 -0.40304092 -0.42174336
v 0.12010223 -0.40641946 -0.40005386
v 0.12595601 -0.40829599 -0.37231305
v 0.12446056 -0.37834328 -0.39908412
v 0.13264821 -0.38268644 -0.37261662
v 0.14585570 -0.38567409 -0.34836650
v 0.13082325 -0.35849848 -0.36963791
v 0.14686611 -0.36484221 -0.34372592
v 0.15963788 -0.36562365 -0.32667360
v 0.14601177 -0.33837613 -0.34067583
v 0.15910946 -0.34295809 -0.32216567
v 0.16767336 -0.34236538 -0.30390310
v 0.16745389 -0.32030958 -0.30542788
v 0.18026936 -0.31340337 -0.28337896
v 0.16460015 -0.29453102 -0.30741987
v 0.18132262 -0.28521240 -0.28782889
v 0.19681296 -0.28162625 -0.27354228
v 0.17635837 -0.26043126 -0.29847163
v 0.19014990 -0.25599071 -0.27942163
v 0.20385750 -0.25259277 -0.26224968
v 0.18389465 -0.22585469 -0.28944236
v 0.19821841 -0.22274879 -0.26817635
v 0.21720624 -0.22110768 -0.24759169
v 0.19735684 -0.19587770 -0.28318220
v 0.21307440 -0.19518408 -0.25783759
v 0.23478027 -0.19563016 -0.23773855
v 0.21280955 -0.16490804 -0.27154762
v 0.23328424 -0.16631514 -0.24850285
v 0.25384507 -0.16927990 -0.22524430
v 0.23495236 -0.13663907 -0.26231268
v 0.25465244 -0.13994393 -0.23567294
v 0.27433121 -0.14666504 -0.20885347
v 0.25493827 -0.11039670 -0.24717601
v 0.27664018 -0.11935645 -0.22264531
v 0.29819247 -0.12733828 -0.19453913
v 0.27411866 -0.08942960 -0.23392029
v 0.29881734 -0.09621421 -0.20448323
v 0.31668404 -0.10745899 -0.17805295
v 0.29057959 -0.06481031 -0.20751962
v 0.31426832 -0.07734369 -0.18554072
v 0.33968157 -0.08554215 -0.16106462
v 0.30652666 -0.04889297 -0.18676654
v 0.33604786 -0.05734807 -0.16640268
v 0.36372527 -0.06525279 -0.13887528
v 0.33280462 -0.02744857 -0.16809292
v 0.36297834 -0.03387348 -0.14267150
v 0.38531595 -0.04154109 -0.10928957
v 0.35899296 -0.00433652 -0.13930269
v 0.38125509 -0.01316287 -0.10646939
v 0.39446852 -0.02495231 -0.07191910
v 0.37586683 0.01277220 -0.10114384
v 0.39132124 0.00152574 -0.06822737
v 0.40647945 -0.00860272 -0.03738160
v 0.41056937 -0.03438779 -0.04208496
v 0.41140944 -0.02264858 -0.00206517
v 0.41792640 -0.04849091 -0.00802238
v 0.42206854 -0.03662077 0.03207936
v 0.42742240 -0.06462934 0.02666305
v 0.44244355 -0.04956305 0.05919374
v 0.44911218 -0.07817150 0.05236465
v 0.46272412 -0.06279332 0.08004653
v 0.43822429 -0.02192582 0.06131465
v 0.45571682 -0.03605718 0.08497367
v 0.47243908 -0.05152573 0.10705439
v 0.45192218 -0.00756657 0.09048951
v 0.46672121 -0.02175590 0.11296853
v 0.48309419 -0.03558089 0.14347640
v 0.46640274 0.00699031 0.11675669
v 0.48422706 -0.00710285 0.14671502
v 0.51055902 -0.01503956 0.16583812
v 0.48086515 0.01440413 0.15281323
v 0.50752759 0.00602263 0.17255107
v 0.52801907 -0.00062412 0.19142479
v 0.50446612 0.02678460 0.18397482
v 0.53282112 0.02642076 0.19796723
v 0.55170399 0.02114500 0.21230087
v 0.54015666 0.05006871 0.19905555
v 0.55835885 0.04228620 0.21029863
v 0.57488143 0.02906388 0.22992331
v 0.56020772 0.05233094 0.21647944
v 0.57585436 0.04114991 0.23438096
v 0.59138119 0.02869400 0.26147351
v 0.58917695 0.01510723 0.25412270
v 0.61327082 0.02014977 0.28175399
v 0.59204954 0.04083234 0.26568207
v 0.61093676 0.03015852 0.28563690
v 0.62634611 0.01173031 0.30842191
v 0.60770410 0.03376871 0.29170445
v 0.61942613 0.01825657 0.31466132
v 0.63173765 -0.00071520 0.34443113
v 0.63822067 -0.00648564 0.33281279
v 0.64311618 -0.01017466 0.37839127
v 0.64676374 -0.01927963 0.36391944
v 0.65706575 -0.01775691 0.40411103
v 0.66126865 -0.02698505 0.39124709
v 0.66865540 -0.03800166 0.43197805
v 0.64317858 -0.02683309 0.41825640
v 0.65175301 -0.05392656 0.44720644
v 0.65559530 -0.08122531 0.48316801
v 0.61976099 -0.06551102 0.47369954
v 0.62767875 -0.06811824 0.51126933
v 0.63182920 -0.07864574 0.53454584
v 0.60031372 -0.04928011 0.51965666
v 0.60277909 -0.06175947 0.53961444
v 0.60013896 -0.08555076 0.55966061
v 0.57298243 -0.04477465 0.54077250
v 0.56586188 -0.06127781 0.56385791
v 0.54490775 -0.01441786 0.53121656
v 0.53719735 -0.02767751 0.55236840
v 0.52733737 -0.04304287 0.57016170
v 0.51483202 0.01014936 0.53238618
v 0.50027049 0.00306252 0.54975402
v 0.48813748 -0.00741637 0.56222802
v 0.47975260 0.04935446 0.51976830
v 0.46760547 0.03814584 0.52688283
v 0.44989780 0.02516168 0.53623629
v 0.47261617 -0.02111480 0.57239980
v 0.43109977 0.00824496 0.54621810
v 0.45288533 -0.03388590 0.57715219
v 0.41037145 -0.00850195 0.55424500
v 0.42925936 -0.04666662 0.57697183
v 0.44870490 -0.09288070 0.60293359
v 0.40403950 -0.06401736 0.58075213
v 0.41688836 -0.10469827 0.60626513
v 0.42710850 -0.14705673 0.63291389
v 0.45708254 -0.13986576 0.63287371
v 0.38788339 -0.11900267 0.61197948
v 0.37492049 -0.08345655 0.58990955
v 0.34631640 -0.09884024 0.60312939
v 0.35883796 -0.13402334 0.62208593
v 0.36013258 -0.05176151 0.56928968
v 0.33150133 -0.06676289 0.58571547
v 0.34405521 -0.02386096 0.54784954
v 0.31728181 -0.03849301 0.56733012
v 0.29736707 -0.05749264 0.57755870
v 0.30334693 -0.01355499 0.54635441
v 0.28213859 -0.03294900 0.55868000
v 0.26058584 -0.05440632 0.57407731
v 0.27320343 -0.07845330 0.59120858
v 0.26521856 -0.00708002 0.53481448
v 0.24367227 -0.02937058 0.54586148
v 0.21923783 -0.04895425 0.56545281
v 0.22664550 0.00597593 0.52279741
v 0.20259863 -0.01641443 0.53389138
v 0.18387584 -0.02721074 0.55561078
v 0.19906268 -0.06261283 0.57876283
v 0.17978051 -0.08232120 0.58204323
v 0.16914015 -0.04404917 0.56145328
v 0.17547311 0.00722873 0.52463996
v 0.15862265 -0.00893444 0.53142917
v 0.14150964 -0.03088287 0.53412777
v 0.15481983 -0.06485963 0.56660604
v 0.16311935 -0.10198784 0.59526098
v 0.18141051 -0.14110124 0.61553413
v 0.14602086 0.02180389 0.49987853
v 0.12535855 -0.00166145 0.50715649
v 0.12938918 0.05492970 0.46676672
v 0.14605427 0.07832313 0.46468067
v 0.12312023 0.10872605 0.44623759
v 0.11078805 0.08540761 0.44864607
v 0.16409327 0.04378179 0.49066925
v 0.17562921 0.06334883 0.48471984
v 0.15779851 0.09651607 0.46306026
v 0.19072182 0.02428868 0.51103455
v 0.20776354 0.04028589 0.49820298
v 0.18741682 0.07757908 0.47438094
v 0.20757452 0.08901650 0.45753360
v 0.18545865 0.11814949 0.42330408
v 0.16497272 0.11111200 0.44809270
v 0.22594298 0.05442205 0.48460090
v 0.25001135 0.06753218 0.46562967
v 0.23055266 0.10211813 0.43844455
v 0.24561915 0.02335197 0.51191449
v 0.26796266 0.03728774 0.49377546
v 0.29404244 0.06037793 0.47682071
v 0.27687314 0.08940211 0.45279467
v 0.28686622 0.00956991 0.52121890
v 0.31222761 0.03050789 0.50028592
v 0.33640268 0.05817768 0.48963571
v 0.31696674 0.08405238 0.46876204
v 0.32820931 0.00298697 0.52561861
v 0.35483927 0.03065467 0.51164663
v 0.37275648 0.05466756 0.50474763
v 0.35310823 0.08072194 0.48524156
v 0.37256956 0.00190914 0.53517056
v 0.39150506 0.02460381 0.52862614
v 0.41224381 0.04442278 0.51358408
v 0.39127544 0.07685226 0.49154872
v 0.38901317 -0.02865297 0.55903709
v 0.40928048 0.09879810 0.47804239
v 0.38956976 0.12540022 0.45438716
v 0.37097880 0.10245952 0.47115713
v 0.42990133 0.06664059 0.50595534
v 0.44818705 0.07944974 0.49360991
v 0.42929739 0.11319315 0.45989490
v 0.45139560 0.12857011 0.45061195
v 0.43596289 0.15377986 0.42137730
v 0.41124043 0.14310783 0.43678850
v 0.46365944 0.09194785 0.48448694
v 0.47296268 0.09301388 0.47136807
v 0.46787000 0.13059098 0.44020766
v 0.49249965 0.04978940 0.50555563
v 0.51155937 0.05574325 0.48955074
v 0.48699552 0.08979288 0.45560837
v 0.52750653 0.02163771 0.51273209
v 0.53500748 0.03180951 0.49270856
v 0.52048087 0.06202227 0.47407499
v 0.55299073 -0.00346780 0.50848943
v 0.55922931 0.00720012 0.48388344
v 0.53977162 0.03700453 0.47188431
v 0.57767266 -0.02968356 0.51819527
v 0.57793516 -0.01459107 0.49028844
v 0.57315922 -0.00326577 0.45996127
v 0.55937445 0.01799867 0.45767868
v 0.59383470 -0.03806478 0.49000299
v 0.59057188 -0.03196749 0.45217171
v 0.59436244 -0.01453269 0.41656461
v 0.56877428 0.00403467 0.42505288
v 0.62237245 -0.03312764 0.43215176
v 0.61847490 -0.00840241 0.40262586
v 0.60812891 0.00261575 0.37105772
v 0.58783108 -0.00088683 0.38406849
v 0.63344008 -0.00605002 0.39085534
v 0.61991680 -0.00095487 0.35805571
v 0.61164480 0.01822516 0.32302576
v 0.60083181 0.01479331 0.33493298
v 0.59254742 0.03148410 0.30676621
v 0.57733005 0.02839816 0.31552935
v 0.58055717 0.01041484 0.34908870
v 0.60158658 0.03384894 0.29828095
v 0.59023333 0.04631054 0.26983491
v 0.57671529 0.05807605 0.24713910
v 0.57661217 0.05185306 0.24042399
v 0.56270278 0.06298399 0.22207589
v 0.56775647 0.06238784 0.22971025
v 0.54835832 0.06704916 0.21512663
v 0.54595333 0.05044371 0.22883411
v 0.54654819 0.07181737 0.21055467
v 0.52145463 0.08672282 0.20258734
v 0.52505958 0.08526485 0.20821182
v 0.54385865 0.06204998 0.20422018
v 0.51505464 0.07319929 0.19947939
v 0.48739567 0.09297927 0.17553101
v 0.50011182 0.10803515 0.18037918
v 0.50771803 0.05122773 0.19508755
v 0.47860405 0.06558061 0.16873479
v 0.46014968 0.08223456 0.13924386
v 0.46979243 0.11078054 0.14792775
v 0.47811449 0.03897847 0.15998743
v 0.46071917 0.05436507 0.13029099
v 0.44519812 0.06990378 0.10552094
v 0.44787923 0.09954235 0.11148913
v 0.46508339 0.03008358 0.12111536
v 0.45083386 0.04537909 0.09768572
v 0.43436918 0.06020194 0.07503945
v 0.43446374 0.08669493 0.08046176
v 0.45284864 0.02125117 0.09353215
v 0.43385565 0.03279421 0.07121660
v 0.41874400 0.04490906 0.04425218
v 0.42082793 0.07250974 0.04795966
v 0.43473396 0.00462826 0.06559063
v 0.42033312 0.01750158 0.03707746
v 0.41018566 0.03022766 0.00620818
v 0.40612084 0.05509526 0.01645537
v 0.42197189 -0.00762109 0.03281678
v 0.41291818 0.00533635 -0.00012697
v 0.40265059 0.01717025 -0.03199957
v 0.39720088 0.04138335 -0.02294519
v 0.37819824 0.05084722 -0.04933643
v 0.36768502 0.06918247 -0.02924032
v 0.38931197 0.06274308 -0.00674489
v 0.38614672 0.02731701 -0.06141052
v 0.36936644 0.03975911 -0.09296213
v 0.35900226 0.05941444 -0.07497063
v 0.34258598 0.06804065 -0.10416223
v 0.33788183 0.08851779 -0.08857940
v 0.35115284 0.07899411 -0.05763492
v 0.34675297 0.04576090 -0.11790006
v 0.32514840 0.05161884 -0.14421384
v 0.32296020 0.07416494 -0.13121903
v 0.35374886 0.02309065 -0.13080776
v 0.32648146 0.02682634 -0.15638629
v 0.29932004 0.02844562 -0.17299788
v 0.30151355 0.05307624 -0.16634747
v 0.32853240 -0.00029502 -0.16185558
v 0.30017519 0.00291204 -0.18241298
v 0.27516881 0.00358936 -0.20056905
v 0.27940589 0.03167220 -0.19810590
v 0.30020365 -0.02434409 -0.18546082
v 0.27337453 -0.01979005 -0.20142873
v 0.24908282 -0.01415433 -0.22554678
v 0.25398380 0.00953569 -0.22795776
v 0.27928597 -0.03978376 -0.20551096
v 0.25398597 -0.03192958 -0.22962090
v 0.23146041 -0.02707543 -0.25679252
v 0.22615591 -0.00565496 -0.25521120
v 0.26537916 -0.05527420 -0.23665941
v 0.23802052 -0.05275403 -0.25783953
v 0.21863735 -0.04636427 -0.28592393
v 0.24839190 -0.08071933 -0.25609910
v 0.22994566 -0.07307465 -0.28383076
v 0.21148136 -0.07231201 -0.31427380
v 0.20426428 -0.04335596 -0.31962690
v 0.23744252 -0.10476974 -0.27647024
v 0.21736276 -0.10368679 -0.30507973
v 0.19607407 -0.10586892 -0.33183047
v 0.19427326 -0.07476921 -0.34485847
v 0.21570610 -0.13497683 -0.28879407
v 0.19532017 -0.13565776 -0.31353194
v 0.17596841 -0.13912258 -0.33824769
v 0.17515889 -0.10885612 -0.35713097
v 0.19297189 -0.16689871 -0.29532325
v 0.17784429 -0.17018813 -0.32012063
v 0.16070057 -0.17844561 -0.34252337
v 0.18129659 -0.19821104 -0.30383134
v 0.16375840 -0.20585528 -0.32540140
v 0.15232623 -0.21838440 -0.34928986
v 0.14627387 -0.19304985 -0.36582759
v 0.16652028 -0.23361684 -0.30951190
v 0.15687518 -0.24269179 -0.33424878
v 0.14870772 -0.25333574 -0.35343605
v 0.14364241 -0.23277593 -0.37242079
v 0.16107436 -0.26651135 -0.31712118
v 0.13813765 -0.25248086 -0.39429197
v 0.13200295 -0.23636597 -0.40855587
v 0.13930301 -0.21159840 -0.38986915
v 0.13519332 -0.27071354 -0.37150362
v 0.12878014 -0.29233018 -0.38465637
v 0.13155505 -0.27659231 -0.41109428
v 0.12990923 -0.26533487 -0.42841104
v 0.12274867 -0.32084924 -0.39226478
v 0.11960931 -0.30745396 -0.42174983
v 0.12389112 -0.29662523 -0.43924952
v 0.11926049 -0.28559878 -0.45299047
v 0.12322602 -0.25458616 -0.44154382
v 0.12485886 -0.34121913 -0.42509973
v 0.12084478 -0.33212635 -0.44007802
v 0.10906816 -0.32131234 -0.45337465
v 0.09376413 -0.30846536 -0.46474603
v 0.10558666 -0.27615744 -0.46198574
v 0.08254486 -0.26530641 -0.47009993
v 0.08277154 -0.23475470 -0.46175253
v 0.10713855 -0.24580513 -0.44950777
v 0.07441237 -0.29549742 -0.47825000
v 0.05103509 -0.28313604 -0.49634644
v 0.05752801 -0.25110555 -0.48755354
v 0.06507168 -0.32904044 -0.48994753
v 0.04861476 -0.31380171 -0.50794160
v 0.03063400 -0.29829711 -0.52625018
v 0.03669049 -0.26852727 -0.52103883
v 0.06560637 -0.35227394 -0.51247120
v 0.05522595 -0.33905089 -0.52709401
v 0.03552437 -0.32791978 -0.53763032
v 0.01421316 -0.31495148 -0.55185574
v 0.02011525 -0.28460690 -0.54789168
v 0.04199300 -0.34960622 -0.55298358
v 0.01827609 -0.34256956 -0.56375897
v -0.00243693 -0.33253562 -0.57942325
v 0.00000774 -0.30354214 -0.57346678
v 0.04171856 -0.37239212 -0.56353360
v 0.02041006 -0.36721054 -0.57616323
v 0.00062915 -0.35811135 -0.59070843
v -0.01626236 -0.34892607 -0.60748708
v -0.01702115 -0.32307166 -0.59900135
v 0.02396361 -0.38833416 -0.58836365
v 0.00125333 -0.38227788 -0.59894019
v -0.01932229 -0.37437809 -0.61293197
v -0.03800051 -0.36883715 -0.62780607
v -0.03351338 -0.34292817 -0.62268674
v 0.00121281 -0.40254244 -0.60731751
v -0.02284894 -0.39789268 -0.61762911
v -0.04399695 -0.39399317 -0.63131326
v -0.06206214 -0.39114588 -0.64678156
v -0.05704061 -0.36552629 -0.64116335
v -0.02682017 -0.41990468 -0.62237376
v -0.02607068 -0.41582143 -0.62293261
v -0.04685513 -0.41364136 -0.63688546
v -0.04737899 -0.41656613 -0.63647616
v -0.06590985 -0.41222528 -0.65152794
v -0.06634348 -0.41367552 -0.65134794
v -0.08330522 -0.41025135 -0.66666883
v -0.08346480 -0.41066462 -0.66658866
v -0.07793178 -0.38804770 -0.66257304
v -0.05641529 -0.43129417 -0.63251674
v -0.07647758 -0.42986861 -0.64751214
v -0.09617403 -0.42698768 -0.66204524
v -0.10169756 -0.40578184 -0.67884177
v -0.10168862 -0.40576544 -0.67884469
v -0.08869268 -0.44120640 -0.63979656
v -0.11071633 -0.43743902 -0.65320903
v -0.10177263 -0.44895408 -0.62920409
v -0.12496277 -0.44600257 -0.64206314
v -0.11485685 -0.45512250 -0.61667299
v -0.13877414 -0.45367032 -0.62841153
v -0.16278028 -0.45157987 -0.63891000
v -0.18747930 -0.45042899 -0.64707929
v -0.21319622 -0.45111650 -0.65398711
v -0.21803059 -0.46833551 -0.61322713
v -0.54592186 -0.47474647 -0.56431502
v -0.55853993 -0.47752979 -0.49737224
v -0.55899638 -0.44612455 -0.49611700
v -0.55901366 -0.44695917 -0.49617395
v -0.57394832 -0.44587055 -0.52960855
v -0.57374662 -0.44816589 -0.52765322
v -0.55349618 -0.47519016 -0.48391777
v -0.55021727 -0.44760668 -0.48190126
v -0.55131137 -0.44703254 -0.48388115
v -0.55048275 -0.42100644 -0.47951129
v -0.56030309 -0.41544130 -0.49457297
v -0.54901618 -0.47342101 -0.48478246
v -0.54715031 -0.44571069 -0.48486987
v -0.54798317 -0.45116392 -0.48449612
v -0.54266161 -0.42335621 -0.47879550
v -0.55040514 -0.38791373 -0.46965408
v -0.55702758 -0.38287392 -0.47767311
v -0.55656993 -0.45338121 -0.48486599
v -0.55614042 -0.44892904 -0.48486239
v -0.55282891 -0.42067295 -0.48149619
v -0.55464101 -0.38730249 -0.46503627
v -0.53697443 -0.35385859 -0.45933956
v -0.52838182 -0.35522366 -0.46627435
v -0.56854469 -0.41673240 -0.46624267
v -0.55408454 -0.39444619 -0.44630140
v -0.54642826 -0.36539456 -0.44795477
v -0.54029423 -0.33524632 -0.45255765
v -0.52377003 -0.33329633 -0.45074946
v -0.57007748 -0.39200234 -0.44746837
v -0.56749648 -0.36450458 -0.44148377
v -0.57231832 -0.33185342 -0.42966551
v -0.57649350 -0.30133915 -0.41581607
v -0.53802454 -0.29782036 -0.44221905
v -0.59221840 -0.35824731 -0.41326538
v -0.58024490 -0.32998896 -0.39434332
v -0.57280481 -0.31261471 -0.37341887
v -0.56643379 -0.29158387 -0.35865301
v -0.57017261 -0.27204096 -0.39551687
v -0.58892238 -0.33102009 -0.37184593
v -0.57270914 -0.32073542 -0.35290214
v -0.56887800 -0.30381426 -0.34638289
v -0.57030582 -0.27501804 -0.34673956
v -0.59168702 -0.32645243 -0.34342334
v -0.59355551 -0.31188035 -0.33597264
v -0.60030860 -0.28491443 -0.33243984
v -0.59410769 -0.25569189 -0.33330733
v -0.56543189 -0.25350153 -0.33404812
v -0.61662310 -0.32525963 -0.30306798
v -0.61542618 -0.30223876 -0.29603431
v -0.62427372 -0.35239655 -0.27559793
v -0.62437552 -0.32636145 -0.27149186
v -0.62142771 -0.38235018 -0.25329268
v -0.62975723 -0.35614637 -0.24758665
v -0.63773483 -0.32744396 -0.24534950
v -0.63699615 -0.38466665 -0.22259532
v -0.65470254 -0.36153117 -0.21766612
v -0.66744232 -0.33255726 -0.21421295
v -0.68361682 -0.30297223 -0.20548733
v -0.67422557 -0.32383087 -0.16769890
v -0.65656853 -0.33195487 -0.14163904
v -0.66438776 -0.31241760 -0.13465483
v -0.68700165 -0.29920104 -0.15819974
v -0.67216551 -0.28884399 -0.12136610
v -0.68940544 -0.27015227 -0.14126045
v -0.65601259 -0.26690641 -0.10721663
v -0.67505330 -0.25150082 -0.12303746
v -0.66233230 -0.30543345 -0.10178266
v -0.64008182 -0.28094137 -0.09020278
v -0.64398921 -0.26252055 -0.07053834
v -0.64166987 -0.31620961 -0.08681607
v -0.63878334 -0.33509743 -0.10134590
v -0.64267546 -0.35092172 -0.08210384
v -0.63248456 -0.33717853 -0.06596783
v -0.64871162 -0.32354403 -0.11882042
v -0.63956124 -0.34172463 -0.12464631
v -0.62598455 -0.35435379 -0.10540730
v -0.62487686 -0.36837023 -0.07989135
v -0.64543015 -0.36663115 -0.05602781
v -0.64320064 -0.38074982 -0.02635201
v -0.66068172 -0.36775994 -0.02458639
v -0.65367526 -0.35075498 -0.04692242
v -0.66792178 -0.36298221 -0.01367494
v -0.67119002 -0.39746267 0.00085259
v -0.67278564 -0.39490032 0.00588378
v -0.67490196 -0.39754710 0.01879993
v -0.66510791 -0.36502123 0.00573277
v -0.67579192 -0.40457493 0.03360989
v -0.66423100 -0.37107539 0.02573720
v -0.66357124 -0.41505924 0.05710696
v -0.65644544 -0.38408345 0.05342711
v -0.65006077 -0.35892773 0.05201014
v -0.65569699 -0.39655900 0.08718213
v -0.65300375 -0.37127227 0.08633573
v -0.64576125 -0.34739774 0.08470809
v -0.64660633 -0.33013874 0.05446973
v -0.64748532 -0.32161811 0.08678101
v -0.65078688 -0.30467942 0.05810295
v -0.64781827 -0.36519369 0.11135975
v -0.63870257 -0.34215054 0.11089528
v -0.63504511 -0.39091411 0.13617425
v -0.62431830 -0.36489210 0.13475184
v -0.62284714 -0.41613638 0.16348340
v -0.60918391 -0.39043143 0.16064082
v -0.60264271 -0.44264707 0.18740310
v -0.59356302 -0.41566715 0.19222912
v -0.58088487 -0.46197447 0.21523428
v -0.58498979 -0.43295771 0.22412416
v -0.57301223 -0.47975194 0.24144627
v -0.57838714 -0.44758636 0.24908714
v -0.59155184 -0.41910660 0.25642630
v -0.56439704 -0.45571807 0.27274579
v -0.57393479 -0.42287892 0.27892938
v -0.58560568 -0.39262509 0.28137717
v -0.56537068 -0.42864400 0.30666313
v -0.54880363 -0.45843536 0.29708791
v -0.53856444 -0.46161550 0.32562298
v -0.53722107 -0.49310583 0.28841633
v -0.52632433 -0.49602643 0.31581807
v -0.50868601 -0.49465594 0.34214509
v -0.51494169 -0.53066063 0.30373558
v -0.49605706 -0.52360773 0.32213280
v -0.47418088 -0.51266056 0.34089720
v -0.48853907 -0.56773388 0.31956452
v -0.46833628 -0.55660194 0.33640286
v -0.44378668 -0.54096615 0.34761339
v -0.46397814 -0.60447991 0.33629754
v -0.44130972 -0.58919847 0.34133154
v -0.46350595 -0.65323210 0.34338701
v -0.44255626 -0.63963532 0.34326029
v -0.45394284 -0.68913978 0.33646876
v -0.43653432 -0.68544424 0.34506100
v -0.46993944 -0.68347687 0.32496604
v -0.45234844 -0.71328115 0.31782430
v -0.48017776 -0.65188009 0.32883054
v -0.49652183 -0.64099228 0.30833450
v -0.48469910 -0.67381227 0.30759600
v -0.48609859 -0.61325878 0.32479069
v -0.50687063 -0.61162680 0.30912122
v -0.52554184 -0.60274881 0.28811133
v -0.51673800 -0.63438267 0.28785697
v -0.51095670 -0.57381397 0.30505934
v -0.52949297 -0.56964386 0.28574076
v -0.53214103 -0.53209239 0.28378260
v -0.55332470 -0.48863512 0.26191452
v -0.53475022 -0.63014436 0.26573926
v -0.52015150 -0.66526532 0.26903290
v -0.50321877 -0.66786969 0.28780133
v -0.50374109 -0.70727479 0.27203950
v -0.48600018 -0.70720351 0.28831229
v -0.46882161 -0.70954412 0.30353004
v -0.47505403 -0.75220025 0.29270971
v -0.45883280 -0.75407302 0.30299133
v -0.43810782 -0.75433791 0.31529352
v -0.44577873 -0.79096794 0.30006132
v -0.42696863 -0.79371274 0.31379282
v -0.43758777 -0.82938242 0.29984835
v -0.41801140 -0.83083069 0.30914521
v -0.39224577 -0.83204186 0.32094449
v -0.40603089 -0.86963129 0.30913654
v -0.38325521 -0.87459344 0.32245380
v -0.36291358 -0.88448024 0.33693561
v -0.37019545 -0.84316504 0.33693370
v -0.33970913 -0.89706826 0.35036206
v -0.34569055 -0.85349596 0.34729370
v -0.31357470 -0.90773916 0.36601794
v -0.31779987 -0.86756182 0.36488608
v -0.32747230 -0.84069616 0.36955211
v -0.29655391 -0.88818562 0.38344288
v -0.30511817 -0.85975856 0.38363478
v -0.30907419 -0.82603520 0.38406152
v -0.32741570 -0.81043184 0.37353325
v -0.29593983 -0.77795535 0.37530246
v -0.31669620 -0.76524258 0.36525702
v -0.27948478 -0.83413625 0.39128017
v -0.27488130 -0.78563666 0.38668069
v -0.27208108 -0.74419945 0.39118412
v -0.28008443 -0.87226975 0.40060744
v -0.25751260 -0.87087393 0.41562352
v -0.27549332 -0.90268910 0.40045238
v -0.25193977 -0.90510941 0.41945070
v -0.24006073 -0.89526671 0.42855871
v -0.24515413 -0.85885155 0.43014553
v -0.25290504 -0.94118476 0.42236790
v -0.23279406 -0.92899048 0.42910433
v -0.20196557 -0.90231693 0.44270408
v -0.21827450 -0.96040738 0.43336734
v -0.19643836 -0.94542795 0.45363474
v -0.18962018 -0.94310820 0.46738887
v -0.18948042 -0.97435933 0.44502825
v -0.17868367 -0.96485227 0.45724809
v -0.18115102 -1.00421989 0.44013619
v -0.16329546 -0.98675060 0.45106119
v -0.14322899 -0.97623348 0.46520799
v -0.14909750 -1.01413023 0.44957167
v -0.13049424 -1.00546956 0.46626914
v -0.11227396 -0.98841476 0.47998032
v -0.11296940 -1.00277579 0.46258521
v -0.09499292 -0.99828660 0.47994223
v -0.08370417 -1.00393689 0.49648696
v -0.10162009 -0.97967899 0.49335009
v -0.07835823 -1.00179911 0.51075870
v -0.09686912 -0.97359723 0.50510126
v -0.07843503 -0.99564350 0.52314794
v -0.09356034 -0.96267515 0.51455754
v -0.05088902 -0.99936277 0.51182473
v -0.04849890 -0.98972678 0.52495933
v -0.02285456 -0.99273592 0.51246578
v -0.02239583 -0.97896707 0.52513546
v -0.02373535 -0.97909224 0.53906679
v 0.00427017 -0.95916837 0.52422386
v -0.00098427 -0.94643199 0.53519750
v -0.01101439 -0.93865287 0.54624516
v -0.03511920 -0.96044731 0.54801542
v -0.02700971 -0.91919363 0.54943705
v -0.04947044 -0.93622124 0.54784614
v -0.04230590 -0.89748800 0.54729527
v -0.06169307 -0.92498749 0.55053562
v -0.08316943 -0.93927580 0.54465455
v -0.09345975 -0.93610311 0.53163362
v -0.05578687 -0.88445950 0.54993570
v -0.02381788 -0.87668777 0.54633099
v -0.03659765 -0.85528022 0.54290879
v -0.04711827 -0.83821994 0.54287994
v -0.06768975 -0.86262381 0.54620647
v -0.01772721 -0.83425897 0.54347187
v -0.02506255 -0.81410307 0.54306877
v -0.03400458 -0.79165167 0.54064697
v -0.00366817 -0.79110003 0.54768020
v -0.01061281 -0.76531154 0.54408586
v -0.01798201 -0.73894757 0.53437078
v 0.01414580 -0.73452604 0.54645073
v 0.00467156 -0.70487964 0.53502518
v -0.00878926 -0.67716938 0.52147490
v -0.03001197 -0.71307653 0.52146369
v 0.02374597 -0.66676438 0.54137576
v 0.00948369 -0.63403952 0.52118087
v 0.02878325 -0.63256663 0.55040729
v 0.03178430 -0.70182729 0.55622250
v 0.03836799 -0.67513698 0.56766254
v 0.04192654 -0.64817452 0.57493430
v 0.04594611 -0.71390998 0.57340348
v 0.05509061 -0.69141817 0.58725548
v 0.06447693 -0.74206275 0.57499605
v 0.06931262 -0.72207421 0.58779418
v 0.07394841 -0.78258061 0.57976389
v 0.08707982 -0.74840051 0.58331287
v 0.07663592 -0.81621069 0.57782686
v 0.10086255 -0.78996563 0.59140486
v 0.11284531 -0.74719423 0.59691125
v 0.10685585 -0.82285589 0.59067684
v 0.12590773 -0.78735667 0.60162765
v 0.13010699 -0.73949254 0.60642457
v 0.13193913 -0.81767672 0.60026169
v 0.14866474 -0.77673024 0.61062926
v 0.15731123 -0.71739411 0.61215764
v 0.15368178 -0.80062526 0.60779768
v 0.17585590 -0.76187390 0.61797589
v 0.18622486 -0.71782774 0.62330353
v 0.16284883 -0.69999796 0.63409036
v 0.18860069 -0.68684244 0.63234293
v 0.17263561 -0.68539035 0.64972603
v 0.19793145 -0.65631914 0.63940144
v 0.18423022 -0.66276085 0.65993613
v 0.21871863 -0.62963319 0.64335620
v 0.22395541 -0.68744463 0.63338208
v 0.24755557 -0.66280949 0.63929820
v 0.26516640 -0.64857495 0.64863139
v 0.25546446 -0.69779605 0.64116472
v 0.27405962 -0.68603057 0.65131593
v 0.29339948 -0.67448843 0.65979260
v 0.27649936 -0.68511873 0.64158952
v 0.29523304 -0.67889583 0.65060031
v 0.32061392 -0.66639060 0.65917742
v 0.31400082 -0.66571957 0.66886234
v 0.33937785 -0.67543411 0.67166328
v 0.32947788 -0.66752517 0.64854616
v 0.34554830 -0.66360354 0.66081297
v 0.36723804 -0.66059625 0.67152923
v 0.35454974 -0.65898621 0.64715362
v 0.37813425 -0.64995480 0.65913945
v 0.40387735 -0.64780653 0.67464560
v 0.39562750 -0.66232264 0.68469787
v 0.42548102 -0.66268140 0.69035596
v 0.41858250 -0.66493070 0.69851804
v 0.44340608 -0.67190838 0.70440555
v 0.43303820 -0.64168787 0.67722899
v 0.45398563 -0.63972557 0.69093680
v 0.47764570 -0.64274746 0.69813806
v 0.47541153 -0.63603204 0.67370659
v 0.49547797 -0.64487255 0.68431884
v 0.49109477 -0.62545276 0.65880847
v 0.50806433 -0.63307589 0.66978031
v 0.50229299 -0.61655593 0.64622974
v 0.52059370 -0.61189681 0.65541440
v 0.53759998 -0.59799200 0.65821147
v 0.54242170 -0.58919686 0.63480365
v 0.56241477 -0.58826542 0.64001036
v 0.57615739 -0.57874620 0.64551169
v 0.58126175 -0.58234257 0.62314045
v 0.59568703 -0.57060134 0.63006854
v 0.60493451 -0.54073310 0.63892734
v 0.60236472 -0.55969918 0.61536878
v 0.60603690 -0.52225417 0.61822033
v 0.60824716 -0.55143744 0.59488267
v 0.61486465 -0.51788324 0.59410900
v 0.62226832 -0.47781411 0.58522367
v 0.62213212 -0.47990069 0.58643621
v 0.62169874 -0.51748461 0.56922805
v 0.63335735 -0.48247409 0.56190896
v 0.63045037 -0.48550785 0.56841809
v 0.63515198 -0.44515619 0.55859637
v 0.62474197 -0.43329504 0.57650006
v 0.63701284 -0.40470165 0.54196650
v 0.62702656 -0.38730133 0.55691254
v 0.63732946 -0.34256482 0.53168428
v 0.63758343 -0.32191747 0.55005324
v 0.64533049 -0.36583579 0.51822823
v 0.66193593 -0.33140814 0.49736428
v 0.65743983 -0.31075937 0.51348186
v 0.64149147 -0.41513729 0.52413350
v 0.65267640 -0.38275725 0.50219738
v 0.66722327 -0.35104591 0.48443499
v 0.68384159 -0.32332683 0.46791446
v 0.68196225 -0.30772343 0.48367888
v 0.65841269 -0.39686531 0.48729751
v 0.66876948 -0.36746913 0.46965981
v 0.68598247 -0.34257352 0.45293376
v 0.70175153 -0.32122266 0.43840402
v 0.70132631 -0.30203301 0.45450103
v 0.66744351 -0.38817489 0.45730779
v 0.68155456 -0.35859746 0.43678677
v 0.70102149 -0.34068325 0.42259133
v 0.71684676 -0.32386890 0.41067594
v 0.71498722 -0.30242699 0.42557725
v 0.67310166 -0.38741168 0.42588848
v 0.68830556 -0.36041471 0.40828180
v 0.70319939 -0.33769283 0.39405870
v 0.71560365 -0.32073230 0.38400519
v 0.72422487 -0.30310160 0.39851290
v 0.68660867 -0.38762236 0.40347263
v 0.69114673 -0.36325482 0.38458884
v 0.70181298 -0.34488526 0.36888495
v 0.70747298 -0.32781884 0.36204961
v 0.71292281 -0.29886004 0.37401971
v 0.69888711 -0.39308593 0.37282145
v 0.70580798 -0.37496141 0.36317623
v 0.70784169 -0.35476559 0.35644659
v 0.69910276 -0.33912286 0.34614250
v 0.69939274 -0.30822489 0.35115403
v 0.70777994 -0.39906204 0.35595152
v 0.70838636 -0.38163355 0.34892651
v 0.70422405 -0.36714524 0.33781368
v 0.69735086 -0.35287654 0.32124573
v 0.69253039 -0.32099336 0.32518855
v 0.71480042 -0.40925217 0.34290898
v 0.71006650 -0.39765635 0.33075190
v 0.70516068 -0.38525671 0.31576243
v 0.69898891 -0.37275642 0.29869807
v 0.68991679 -0.33919105 0.30367735
v 0.72639340 -0.43333131 0.32047278
v 0.72215921 -0.42196825 0.31085041
v 0.71512347 -0.41020444 0.29618770
v 0.70432168 -0.40208626 0.27909422
v 0.69114554 -0.36122304 0.28139728
v 0.75243831 -0.44129670 0.29507849
v 0.74254680 -0.43682045 0.27981767
v 0.72578186 -0.44063210 0.26837233
v 0.71127808 -0.43522066 0.25008267
v 0.69418079 -0.39454725 0.25980341
v 0.76391947 -0.47217673 0.26119658
v 0.74557918 -0.46934292 0.24540539
v 0.72429502 -0.47097629 0.23459372
v 0.70494342 -0.46518743 0.22032514
v 0.69441468 -0.42719048 0.23011851
v 0.75805384 -0.50738573 0.22970375
v 0.73231453 -0.50279176 0.21987024
v 0.71063298 -0.49356684 0.20760672
v 0.68858260 -0.48061529 0.18812479
v 0.68650115 -0.45113865 0.19740939
v 0.74003333 -0.52740109 0.20734861
v 0.73953491 -0.52681762 0.20716855
v 0.71391302 -0.51721102 0.19174711
v 0.71422398 -0.51349556 0.19274166
v 0.68929565 -0.50217301 0.17498927
v 0.68802148 -0.50715315 0.17388776
v 0.65725380 -0.49708202 0.15945852
v 0.65706939 -0.49576655 0.15939061
v 0.66022146 -0.47095895 0.16997990
v 0.71015799 -0.54453164 0.17904933
v 0.68341064 -0.53457183 0.16689777
v 0.65744209 -0.51984066 0.15334126
v 0.63574380 -0.49958676 0.13724160
v 0.63148165 -0.49093676 0.15016480
v 0.63167703 -0.48286295 0.15105897
v 0.68310499 -0.55248713 0.15365896
v 0.66095376 -0.53704774 0.14150429
v 0.63919753 -0.51765609 0.12058287
v 0.61413169 -0.50694442 0.10189296
v 0.61416274 -0.48671687 0.11844023
v 0.66565561 -0.55511570 0.12599379
v 0.64088607 -0.53832281 0.10388109
v 0.61436152 -0.52911931 0.08852282
v 0.59073949 -0.51436806 0.06854014
v 0.59096348 -0.49556714 0.08324571
v 0.64243460 -0.56678545 0.09181827
v 0.61644953 -0.55444008 0.07615925
v 0.59333938 -0.53965259 0.05680107
v 0.56960726 -0.52752811 0.04472250
v 0.56564564 -0.50628805 0.05748795
v 0.61557680 -0.58318889 0.06960565
v 0.59305406 -0.57039756 0.05066664
v 0.57166266 -0.55561638 0.03548834
v 0.55733937 -0.53560370 0.01116168
v 0.55775899 -0.50652736 0.02005391
v 0.59145343 -0.59685808 0.04617472
v 0.57164705 -0.58221436 0.03083518
v 0.55683577 -0.56548005 0.00593996
v 0.57343048 -0.60571378 0.02399225
v 0.55310452 -0.59609747 0.00277146
v 0.53418589 -0.57893217 -0.01800087
v 0.51355767 -0.56016374 -0.04087755
v 0.55055517 -0.61639410 0.00133765
v 0.53587377 -0.60289371 -0.01672872
v 0.52248704 -0.58568621 -0.04052190
v 0.50285476 -0.57135117 -0.06444300
v 0.49164858 -0.54812574 -0.06300403
v 0.53564680 -0.61770749 -0.02109604
v 0.52303976 -0.61091393 -0.04041041
v 0.50929433 -0.60121393 -0.06285204
v 0.48877493 -0.58785242 -0.08149035
v 0.47987479 -0.56559056 -0.07990576
v 0.51792741 -0.63478851 -0.04355464
v 0.50245678 -0.62865674 -0.05710256
v -0.76957291 -0.66128010 0.03130662
v -0.76828969 -0.65158921 0.02988526
v -0.76407844 -0.65074742 0.05121376
v -0.76412010 -0.63949990 0.04908852
v -0.76198214 -0.62761879 0.04498114
v -0.76426399 -0.62833035 0.06759903
v -0.76146972 -0.61549228 0.06002959
v -0.75929624 -0.60500813 0.05539061
v -0.75297213 -0.60115284 0.07291350
v -0.75226361 -0.59359312 0.06918132
v -0.74636638 -0.59079713 0.06601214
v -0.74466455 -0.57145888 0.07848852
v -0.73817801 -0.56798816 0.07459587
v -0.72434908 -0.56915963 0.06809520
v -0.73328662 -0.53737617 0.07184497
v -0.71988356 -0.53913695 0.06536202
v -0.72792685 -0.51358682 0.06180622
v -0.71474910 -0.51327360 0.05365090
v -0.71619016 -0.48959923 0.05038950
v -0.70953906 -0.48975313 0.03827660
v -0.70186627 -0.49290803 0.03123404
v -0.69277817 -0.49873477 0.02627934
v -0.70170188 -0.46470442 0.02712048
v -0.69979596 -0.46634358 0.02156219
v -0.69016600 -0.47347635 0.02159272
v -0.68212324 -0.43629581 0.02111314
v -0.67111099 -0.44851077 0.01716084
v -0.65470237 -0.41350973 0.00616726
v -0.68818331 -0.43057472 0.02357401
v -0.70087504 -0.46573484 0.03876294
v -0.68919784 -0.43081605 0.03079851
v -0.69752455 -0.46860990 0.05175070
v -0.68879634 -0.43533579 0.04227329
v -0.69290149 -0.47490549 0.07282377
v -0.67679232 -0.44758967 0.06332301
v -0.69474417 -0.48082405 0.09662538
v -0.67734742 -0.45522982 0.09400952
v -0.66363472 -0.42522833 0.09036624
v -0.67501301 -0.47232252 0.11791028
v -0.66127694 -0.44231835 0.11780392
v -0.65467173 -0.41345173 0.11490254
v -0.66034597 -0.46587580 0.14073510
v -0.64476681 -0.43648046 0.13930690
v -0.64634895 -0.41109997 0.14140533
v -0.65361536 -0.38826156 0.11387558
v -0.64018112 -0.46245548 0.16423236
v -0.63385659 -0.43881714 0.16409926
v -0.62565488 -0.49287277 0.17984553
v -0.61236668 -0.46740636 0.18149069
v -0.65061241 -0.48929679 0.15846767
v -0.63527375 -0.51603645 0.17174754
v -0.66373956 -0.51447105 0.15302895
v -0.65168720 -0.54111040 0.16596346
v -0.63281530 -0.56876469 0.17714037
v -0.66116244 -0.56466073 0.15259124
v -0.64704007 -0.59324032 0.16619457
v -0.62891310 -0.62140894 0.17551085
v -0.61421603 -0.59764540 0.18802053
v -0.61204028 -0.65341097 0.18769252
v -0.59568757 -0.62731612 0.19575396
v -0.60029399 -0.68878067 0.20169817
v -0.57791460 -0.66369832 0.20596844
v -0.56208569 -0.63974226 0.22482592
v -0.56341106 -0.70122480 0.22033978
v -0.54742563 -0.68191493 0.23702618
v -0.53516048 -0.66981006 0.25178593
v -0.55364031 -0.63159859 0.24577583
v -0.53613091 -0.72165078 0.24644104
v -0.52250314 -0.71506119 0.25951040
v -0.52624953 -0.76035893 0.25151008
v -0.51159149 -0.75618774 0.26503050
v -0.49153423 -0.75205320 0.27749094
v -0.50115508 -0.79021883 0.26562548
v -0.48472562 -0.79302251 0.28033289
v -0.46721900 -0.79260647 0.29073027
v -0.47391629 -0.82058650 0.27407956
v -0.45383105 -0.82272279 0.28679106
v -0.45910186 -0.85010576 0.26816764
v -0.44133246 -0.85738361 0.28319490
v -0.42366874 -0.86296022 0.29589921
v -0.43051660 -0.89013779 0.27894565
v -0.41483194 -0.90025318 0.29381996
v -0.39527506 -0.90434253 0.30647320
v -0.40672734 -0.93055582 0.28878185
v -0.38512599 -0.93538666 0.30436903
v -0.36893988 -0.94694823 0.32221618
v -0.37478101 -0.91329443 0.32295305
v -0.35185656 -0.95731354 0.33382112
v -0.35609680 -0.92287660 0.33672991
v -0.32355657 -0.95819438 0.34473002
v -0.33414418 -0.93124235 0.34976265
v -0.29857653 -0.96699673 0.36122441
v -0.30762592 -0.94004506 0.36404294
v -0.27803028 -0.98008710 0.37912571
v -0.28663698 -0.95439446 0.38333157
v -0.29184318 -0.92330492 0.38496029
v -0.26328295 -0.96363902 0.39998707
v -0.26910460 -0.93466443 0.40241671
v -0.24517672 -0.96977043 0.41759107
v -0.25586960 -0.98839688 0.39511251
v -0.23423810 -0.99001980 0.41199684
v -0.21172658 -0.98753911 0.43012863
v -0.22087954 -1.01158106 0.40667436
v -0.19790454 -1.00038135 0.42221060
v -0.21121280 -1.03472614 0.40118480
v -0.18862259 -1.02017021 0.41589978
v -0.16937979 -1.01913655 0.43362164
v -0.13396263 -1.00799394 0.44554427
v -0.11064408 -0.99725640 0.44220138
v -0.08995391 -1.00625896 0.46161205
v -0.08016302 -0.99708927 0.44327039
v -0.06311016 -1.00718141 0.46107033
v -0.04529257 -1.01143920 0.48065028
v -0.07283922 -1.00162232 0.48021531
v -0.03127426 -1.00176799 0.49725455
v -0.05900485 -0.99966419 0.49637526
v -0.00577489 -1.00253081 0.47535259
v 0.00349531 -0.98592603 0.49194413
v 0.00703322 -0.97418463 0.50883055
v 0.03221443 -0.96022546 0.48826516
v 0.03505738 -0.94976509 0.50677758
v 0.03077069 -0.93868512 0.52371395
v 0.05379181 -0.91358161 0.52539706
v 0.03983727 -0.90057880 0.53592718
v 0.02108315 -0.92511755 0.53541052
v 0.02290345 -0.88004434 0.53920740
v 0.00991036 -0.91229230 0.54374433
v 0.00472012 -0.85083491 0.53519756
v -0.00944372 -0.88668966 0.54275137
v -0.00927321 -0.84547186 0.54126388
v 0.02517611 -0.82756412 0.53458005
v 0.00693150 -0.81490570 0.53974527
v 0.00135587 -0.81357908 0.54687148
v 0.02663996 -0.80880690 0.54940796
v 0.02345293 -0.79450130 0.55537105
v 0.02021588 -0.76454186 0.55284423
v 0.04809985 -0.76614672 0.56208783
v 0.03704209 -0.73566771 0.56105179
v 0.05710932 -0.79574490 0.56509095
v 0.04684255 -0.80717015 0.54073626
v 0.06599762 -0.81162840 0.56028599
v 0.05777793 -0.83900535 0.54109377
v 0.07266413 -0.82449305 0.55233347
v 0.08794352 -0.82793176 0.57017016
v 0.08578540 -0.83190244 0.54475188
v 0.09811080 -0.82656032 0.56235522
v 0.11264672 -0.83728874 0.58212155
v 0.12090097 -0.82510424 0.57398957
v 0.13628769 -0.82309943 0.59177834
v 0.13206656 -0.81723553 0.56723684
v 0.14339973 -0.81400019 0.58379722
v 0.15765338 -0.78774786 0.59666121
v 0.16873837 -0.78454697 0.58566874
v 0.18275239 -0.76563263 0.60183316
v 0.18249229 -0.77924502 0.61220193
v 0.19481975 -0.74311054 0.61347067
v 0.19479509 -0.75077093 0.62327617
v 0.21267617 -0.71656281 0.62055641
v 0.20776497 -0.71816581 0.63009608
v 0.23413539 -0.71038914 0.63125634
v 0.21431088 -0.70844382 0.61338693
v 0.23327497 -0.68626881 0.62286747
v 0.25594521 -0.68555915 0.63199943
v 0.24082784 -0.66880685 0.60614049
v 0.26105395 -0.66234601 0.62010157
v 0.28143296 -0.66230345 0.63144726
v 0.27113625 -0.64322007 0.59875607
v 0.29467648 -0.64081663 0.61321372
v 0.31917921 -0.64827424 0.62613481
v 0.30468246 -0.66214317 0.63941312
v 0.33886251 -0.66674781 0.63652182
v 0.33848321 -0.64741498 0.60941201
v 0.35361838 -0.66915655 0.62201792
v 0.36858350 -0.65652573 0.63074404
v 0.36829728 -0.66965318 0.60895711
v 0.38498312 -0.66178739 0.61777449
v 0.40796930 -0.64720547 0.62981933
v 0.39257494 -0.64914584 0.64493680
v 0.43025371 -0.64214265 0.64402479
v 0.41435540 -0.64449918 0.66003513
v 0.45100155 -0.63531733 0.65886939
v 0.44910172 -0.64670897 0.63054073
v 0.46731108 -0.63528126 0.64335668
v 0.46433344 -0.65032721 0.62070525
v 0.48028353 -0.63525105 0.63247830
v 0.47411826 -0.63365310 0.61036384
v 0.49021730 -0.61162227 0.61949974
v 0.51577747 -0.58971822 0.62834227
v 0.50987637 -0.59529573 0.60029256
v 0.54001522 -0.58045340 0.60672230
v 0.56345385 -0.58693457 0.61653078
v 0.55914944 -0.59312654 0.59190494
v 0.57555532 -0.58938283 0.60091233
v 0.59246820 -0.58029842 0.60782135
v 0.58193600 -0.58007783 0.58454680
v 0.59884793 -0.57179022 0.58964330
v 0.59034300 -0.57263035 0.56433153
v 0.60672271 -0.56719160 0.56840265
v 0.61383671 -0.54772657 0.57143044
v 0.61866868 -0.56780690 0.54910517
v 0.62686908 -0.55300879 0.55191386
v 0.63345176 -0.52507430 0.55016261
v 0.63868880 -0.54993701 0.53147751
v 0.64683598 -0.52815473 0.53393006
v 0.63962519 -0.49022061 0.54535580
v 0.63720042 -0.49277544 0.55264556
v 0.63937867 -0.45362058 0.54301691
v 0.64387089 -0.54277474 0.51146793
v 0.64821249 -0.51417011 0.51656395
v 0.63217276 -0.55989301 0.50973022
v 0.63194478 -0.55400461 0.49491984
v 0.62579572 -0.56433481 0.53016698
v 0.60223007 -0.57110149 0.54390448
v 0.58190566 -0.57842869 0.54053968
v 0.57058346 -0.58443642 0.56003481
v 0.55307829 -0.59849632 0.55297846
v 0.56208843 -0.58482981 0.53524303
v 0.56438071 -0.59167635 0.57788837
v 0.54718703 -0.59884030 0.56667078
v 0.52821869 -0.60753250 0.55598974
v 0.53957987 -0.60358077 0.54334491
v 0.53447497 -0.58900940 0.58011800
v 0.50731856 -0.59563398 0.56944013
v 0.48499015 -0.61530453 0.56188250
v 0.50909406 -0.61558890 0.54696757
v 0.48602840 -0.60865915 0.59359437
v 0.47072181 -0.62467289 0.58107984
v 0.45846045 -0.63841248 0.56566864
v 0.47134793 -0.63578534 0.55457288
v 0.45943499 -0.64058924 0.59727204
v 0.44362271 -0.64263982 0.58125699
v 0.42908409 -0.64576149 0.56458002
v 0.44371277 -0.64906400 0.55270624
v 0.44635719 -0.65468580 0.60758102
v 0.42782426 -0.64721298 0.59501195
v 0.40670958 -0.64173090 0.57952267
v 0.38823050 -0.64294881 0.56350595
v 0.41431940 -0.64805514 0.54983985
v 0.40516385 -0.65447176 0.60550076
v 0.38391107 -0.65635592 0.59627342
v 0.36914307 -0.64760512 0.58030128
v 0.35205230 -0.65154296 0.56331909
v 0.37148249 -0.64922792 0.54998040
v 0.35422438 -0.65057099 0.59529531
v 0.33502558 -0.64779770 0.57722360
v 0.31694102 -0.65033174 0.56060660
v 0.33481911 -0.65776461 0.54909885
v 0.31636271 -0.63820779 0.59237498
v 0.29228756 -0.63930166 0.57520950
v 0.27146894 -0.66349721 0.56433970
v 0.29252243 -0.66680557 0.54774934
v 0.25238624 -0.65858752 0.58386844
v 0.23426992 -0.68123317 0.57208663
v 0.25756583 -0.68652052 0.55360436
v 0.21736614 -0.68911761 0.59636778
v 0.20734781 -0.72292107 0.58749455
v 0.22121888 -0.71079689 0.56390697
v 0.20118052 -0.73536694 0.60241723
v 0.18859570 -0.75690144 0.59001756
v 0.19589539 -0.74316919 0.57458490
v 0.18355240 -0.76214075 0.56206179
v 0.19710164 -0.75330955 0.54175401
v 0.21089673 -0.73319548 0.55253410
v 0.17560942 -0.77801263 0.57678819
v 0.21606618 -0.75795203 0.52802008
v 0.23301338 -0.73893917 0.53728765
v 0.24511750 -0.71584517 0.54640263
v 0.25182092 -0.73807365 0.52511853
v 0.26755497 -0.72061723 0.53369761
v 0.27990836 -0.69982195 0.54214734
v 0.28864130 -0.72292835 0.52302295
v 0.29930574 -0.71174687 0.53382164
v 0.31312820 -0.67346263 0.53538102
v 0.31501016 -0.69732839 0.51572800
v 0.33512226 -0.67365772 0.52165842
v 0.35365626 -0.65322065 0.53388995
v 0.35737470 -0.67888379 0.50901294
v 0.37685108 -0.65811616 0.51960540
v 0.39628538 -0.64944947 0.53488737
v 0.40032965 -0.66881472 0.51058370
v 0.41854960 -0.66185141 0.52595830
v 0.43187964 -0.66133648 0.54036331
v 0.43387645 -0.66424847 0.51686651
v 0.44362181 -0.66098326 0.53078592
v 0.45682943 -0.64468068 0.54245126
v 0.45307991 -0.64344627 0.51634789
v 0.46886289 -0.62436354 0.52727604
v 0.48864526 -0.61658341 0.53778398
v 0.49201298 -0.61622763 0.50651747
v 0.51026326 -0.61048317 0.52042025
v 0.52351886 -0.60741192 0.53220373
v 0.52865195 -0.60968626 0.50427246
v 0.53805906 -0.60693282 0.51606369
v 0.54786241 -0.59577072 0.52687532
v 0.55312687 -0.59920216 0.49738464
v 0.56282049 -0.58337480 0.50740153
v 0.57843196 -0.59926844 0.48161227
v 0.58853823 -0.57916701 0.49035415
v 0.61195451 -0.56974685 0.48553124
v 0.62233186 -0.53618282 0.47860804
v 0.57315063 -0.61450994 0.47313389
v 0.54827082 -0.61132175 0.48647755
v 0.53735626 -0.62653464 0.47644082
v 0.56297308 -0.62919790 0.46720588
v 0.51487833 -0.62046230 0.49081182
v 0.50191230 -0.63931090 0.48185039
v 0.52749282 -0.64822179 0.47327030
v 0.47537097 -0.63773376 0.49689254
v 0.46409443 -0.66237211 0.49076509
v 0.48788393 -0.66255587 0.47874740
v 0.44525611 -0.66524011 0.50463802
v 0.43766069 -0.68855613 0.49707893
v 0.45715481 -0.67951852 0.48639691
v 0.41961616 -0.67643046 0.50197089
v 0.40400368 -0.69395059 0.49466729
v 0.42534089 -0.69735861 0.49134165
v 0.38126013 -0.68665946 0.50028467
v 0.36577275 -0.70705628 0.49593055
v 0.38775551 -0.71175897 0.49111277
v 0.34216550 -0.70165753 0.50373477
v 0.32830784 -0.71798784 0.49932635
v 0.35427269 -0.72685206 0.49407274
v 0.30535612 -0.72032064 0.51133883
v 0.29411367 -0.73896855 0.50638342
v 0.31712127 -0.73975688 0.49851555
v 0.27244118 -0.73770803 0.51493156
v 0.25676104 -0.76010656 0.51117814
v 0.27885044 -0.75673735 0.50294644
v 0.23487447 -0.76084441 0.51911759
v 0.22579063 -0.80331099 0.52395052
v 0.24373728 -0.78791267 0.51173878
v 0.20536418 -0.79279530 0.52663356
v 0.18747891 -0.80921257 0.52414608
v 0.20744693 -0.81534135 0.51872879
v 0.18518454 -0.77361017 0.53176314
v 0.16962835 -0.79406953 0.52895689
v 0.18720752 -0.82485759 0.51268536
v 0.21066318 -0.83202612 0.50735790
v 0.23034036 -0.81579560 0.51213849
v 0.23963618 -0.83496284 0.50053060
v 0.25491413 -0.81121993 0.50388581
v 0.26785842 -0.78674507 0.50530863
v 0.27954373 -0.80527449 0.49582821
v 0.29193383 -0.78294218 0.49872747
v 0.30371314 -0.75580972 0.49620789
v 0.31686348 -0.78920895 0.49644512
v 0.33037075 -0.76576418 0.49564368
v 0.34272602 -0.74641776 0.49438047
v 0.35755569 -0.77349317 0.49395940
v 0.36949489 -0.75606555 0.49350584
v 0.37709361 -0.73319501 0.49191767
v 0.39097011 -0.73665369 0.47891507
v 0.39817613 -0.71754766 0.48060021
v 0.41074017 -0.70607829 0.48506892
v 0.42326665 -0.71840799 0.47508863
v 0.43521547 -0.70591259 0.47810841
v 0.44676045 -0.68937933 0.48048460
v 0.45954800 -0.71353936 0.47571665
v 0.47231263 -0.70331341 0.47845623
v 0.48091695 -0.68618715 0.47936088
v 0.49421138 -0.70220530 0.47268286
v 0.50197351 -0.67881727 0.47068495
v 0.51543498 -0.66142607 0.46985960
v 0.52723312 -0.67175561 0.45992634
v 0.54173946 -0.66511559 0.46423772
v 0.55109519 -0.64793116 0.46491313
v 0.56163967 -0.64934075 0.44817424
v 0.57370353 -0.63332993 0.44839981
v 0.58591104 -0.65018320 0.43759304
v 0.60022014 -0.63593668 0.43702635
v 0.60681528 -0.66074693 0.43213609
v 0.62330377 -0.65286380 0.43574893
v 0.63589460 -0.63591301 0.43351653
v 0.64427626 -0.65903318 0.42622793
v 0.65856653 -0.64735574 0.42857242
v 0.66794157 -0.63027644 0.42728716
v 0.64625174 -0.62189138 0.43187952
v 0.67343122 -0.61325073 0.42439497
v 0.65241665 -0.60633099 0.42950770
v 0.67433989 -0.59388173 0.41802168
v 0.65227693 -0.58223164 0.42157215
v 0.63087136 -0.55878699 0.42206773
v 0.63863182 -0.52333969 0.40007070
v 0.63968778 -0.48635477 0.41428226
v 0.62531388 -0.52789259 0.42950699
v 0.66030079 -0.55542099 0.40676227
v 0.66894859 -0.52654141 0.39218792
v 0.66975099 -0.52617645 0.39059010
v 0.66223300 -0.49367911 0.38460520
v 0.65798187 -0.49289352 0.38909650
v 0.67791152 -0.46719372 0.37020215
v 0.67575306 -0.44233328 0.38330543
v 0.66439444 -0.46428943 0.39888802
v 0.65933186 -0.46837077 0.40373620
v 0.68773180 -0.50263631 0.36913347
v 0.71081620 -0.48680255 0.35650298
v 0.69930685 -0.45016521 0.35690174
v 0.73256660 -0.51295567 0.37260267
v 0.72123069 -0.47135508 0.35141724
v 0.72390079 -0.45639005 0.34452122
v 0.71524519 -0.42550030 0.34983948
v 0.71217543 -0.44045946 0.35334411
v 0.70327890 -0.41593814 0.36324769
v 0.69361973 -0.42896947 0.37131947
v 0.68785346 -0.40975130 0.38692659
v 0.67553866 -0.42702854 0.40211380
v 0.67909902 -0.41329476 0.41864973
v 0.72444415 -0.44697851 0.33206493
v 0.76350683 -0.46384788 0.32320467
v 0.75952375 -0.45020837 0.31031057
v 0.78841734 -0.49417871 0.30824471
v 0.78081846 -0.48641992 0.29283702
v 0.77408731 -0.47884822 0.27817050
v 0.79872000 -0.53081298 0.27107882
v 0.79081869 -0.52204561 0.25890782
v 0.77734286 -0.51533699 0.24539915
v 0.79297954 -0.56892860 0.24570225
v 0.79290962 -0.56806463 0.24563132
v 0.77953446 -0.55839401 0.23516245
v 0.77978539 -0.55653638 0.23536865
v 0.76283336 -0.54252976 0.22308043
v 0.76116788 -0.54493767 0.22164813
v 0.77985436 -0.58916104 0.22205034
v 0.76394755 -0.57192081 0.20809844
v 0.73972797 -0.55501682 0.19133709
v 0.75522226 -0.60422421 0.19448717
v 0.73241818 -0.58714563 0.18091367
v 0.70760077 -0.56960809 0.16751978
v 0.72454095 -0.61239219 0.17052428
v 0.70212734 -0.59588289 0.15792505
v 0.68262118 -0.57636178 0.14415580
v 0.69729054 -0.61550975 0.14803559
v 0.68265814 -0.59691876 0.13081658
v 0.66289544 -0.58359623 0.11360899
v 0.67441499 -0.62642419 0.12018067
v 0.65644944 -0.61397290 0.10655330
v 0.63838899 -0.59847152 0.08792434
v 0.65128684 -0.64094269 0.10207307
v 0.63599747 -0.62669235 0.08480129
v 0.61565590 -0.61039436 0.06453197
v 0.63402569 -0.65201670 0.08176738
v 0.61780351 -0.63619024 0.06087919
v 0.59510761 -0.61907494 0.04125732
v 0.61832929 -0.65890074 0.05990531
v 0.60253304 -0.64065945 0.03595134
v 0.57692826 -0.62493628 0.01643480
v 0.60249090 -0.66484362 0.03656493
v 0.58442694 -0.64061159 0.01229103
v 0.55735087 -0.62815613 -0.00632929
v 0.58819711 -0.66066885 0.01022728
v 0.56068611 -0.64540994 -0.00914786
v 0.54154855 -0.63441831 -0.03012863
v -0.71074283 -0.71392858 0.09392101
v -0.69777584 -0.73251379 0.12059458
v -0.71473777 -0.70170534 0.10665849
v -0.69715083 -0.72122169 0.12895960
v -0.71619928 -0.69522107 0.12044941
v -0.73257411 -0.67608261 0.11549024
v -0.74027497 -0.65604454 0.11014058
v -0.70653981 -0.68391800 0.13310400
v -0.72221959 -0.66023660 0.12669455
v -0.73375684 -0.64114833 0.12346375
v -0.73916841 -0.62189674 0.11246590
v -0.74491239 -0.63711405 0.09597327
v -0.71166992 -0.64201963 0.14045537
v -0.71858019 -0.61995023 0.13350421
v -0.72303033 -0.59848332 0.11831313
v -0.72922194 -0.57939273 0.10178852
v -0.74399638 -0.60628128 0.10024849
v -0.70514560 -0.59423810 0.13814047
v -0.71108830 -0.56966817 0.12033332
v -0.72016156 -0.54986417 0.10661465
v -0.72359151 -0.53710490 0.09339648
v -0.73755825 -0.56570971 0.09135884
v -0.69925374 -0.54191637 0.12327466
v -0.70918995 -0.52138996 0.10972195
v -0.71113795 -0.50670600 0.09590314
v -0.71345419 -0.50095546 0.07830289
v -0.72764134 -0.52721453 0.08077110
v -0.69293880 -0.49668068 0.11457982
v -0.68736738 -0.51517159 0.13021563
v -0.67292225 -0.49101847 0.13765506
v -0.67591691 -0.53910631 0.14273812
v -0.69105387 -0.56739891 0.13990076
v -0.68106586 -0.59406912 0.15011495
v -0.69815218 -0.62019134 0.14792261
v -0.68274164 -0.64315891 0.15137304
v -0.66402406 -0.61812025 0.15685394
v -0.66110629 -0.66711974 0.15769230
v -0.64619809 -0.64630735 0.16860971
v -0.64401984 -0.69637555 0.16890721
v -0.62792331 -0.67444611 0.17763534
v -0.63053280 -0.72258604 0.18084785
v -0.61538422 -0.70601428 0.19399352
v -0.61648732 -0.74673247 0.19152059
v -0.60517281 -0.73475689 0.20386958
v -0.58870488 -0.72171527 0.21265313
v -0.57738477 -0.75347000 0.22197807
v -0.55333877 -0.73757744 0.23127790
v -0.57115901 -0.78238255 0.22754139
v -0.54793358 -0.77289963 0.23837087
v -0.56295496 -0.80512381 0.22546706
v -0.54143202 -0.80108809 0.23878416
v -0.52005535 -0.79364985 0.25101048
v -0.53501385 -0.82228822 0.23418894
v -0.51247376 -0.82006681 0.24643970
v -0.49076611 -0.81773865 0.26007763
v -0.50291723 -0.84208012 0.24088493
v -0.48058680 -0.84508777 0.25419676
v -0.49502823 -0.86237419 0.23380792
v -0.46989208 -0.86597049 0.24725464
v -0.44942561 -0.87900209 0.26433384
v -0.46432182 -0.88765150 0.24016654
v -0.44099453 -0.89875352 0.25771159
v -0.42229033 -0.91641611 0.27480230
v -0.43537301 -0.91695881 0.25149122
v -0.41504985 -0.93701583 0.27031878
v -0.39872986 -0.95625985 0.28541857
v -0.41136703 -0.95704877 0.26657692
v -0.39309978 -0.97827643 0.28242373
v -0.37315348 -0.98330194 0.29621613
v -0.37908471 -0.96385944 0.30181450
v -0.35847107 -0.99040008 0.31161413
v -0.36289740 -0.97350025 0.31802213
v -0.33634433 -0.99970996 0.32478631
v -0.34279546 -0.98167336 0.32928750
v -0.30946323 -1.00411952 0.33720148
v -0.31629157 -0.98832917 0.34309661
v -0.28157684 -1.01026821 0.35227931
v -0.28980094 -0.99161351 0.35701525
v -0.26143631 -1.02090240 0.36862719
v -0.26859668 -1.00392842 0.37471938
v -0.23754346 -1.03252387 0.38514656
v -0.24496712 -1.01159751 0.39013195
v -0.25585073 -1.02101374 0.36252844
v -0.23070574 -1.03003883 0.37916619
v -0.24449299 -1.01340246 0.35656652
v -0.22102842 -1.02080250 0.37257060
v -0.22979055 -1.00670981 0.34820166
v -0.20948468 -1.00880671 0.36388552
v -0.21303676 -0.99112594 0.33797553
v -0.19522369 -0.99026495 0.35331941
v -0.17146865 -0.99367696 0.36398637
v -0.17683317 -0.97084129 0.34005365
v -0.15975723 -0.97338736 0.35211018
v -0.13545606 -0.98101377 0.36067438
v -0.14225583 -1.00218892 0.37153149
v -0.15594061 -0.95284140 0.32650703
v -0.16488180 -0.95293725 0.31268138
v -0.13526903 -0.93887174 0.30269662
v -0.12883395 -0.93648702 0.31852064
v -0.19150004 -0.96890604 0.32560977
v -0.20132127 -0.97593904 0.31103843
v -0.17088488 -0.95688474 0.29744229
v -0.20376633 -0.98636007 0.29748330
v -0.17199257 -0.96744341 0.28354555
v -0.13576749 -0.96715915 0.28346774
v -0.13649899 -0.95284438 0.29170820
v -0.10275390 -0.94754285 0.28264046
v -0.10260030 -0.93375909 0.29072827
v -0.10089238 -0.93725562 0.30484506
v -0.07143192 -0.95513248 0.30546764
v -0.07016647 -0.95662212 0.31566894
v -0.07024892 -0.96212542 0.32667348
v -0.09997495 -0.94607019 0.31819639
v -0.07280271 -0.97174656 0.33728132
v -0.03827059 -0.95652139 0.33991873
v -0.04245006 -0.97344708 0.34801313
v -0.05289634 -0.99413347 0.35943469
v -0.07980021 -0.98391640 0.34875190
v -0.01723532 -0.97313017 0.36277771
v -0.02770537 -0.99674916 0.37546116
v -0.04838784 -1.01760781 0.38991940
v -0.07980352 -1.02385378 0.39458436
v -0.01286871 -0.98257101 0.39673957
v -0.03866493 -0.99403882 0.40658307
v -0.07019993 -1.01028585 0.41102061
v -0.02561837 -0.99395096 0.42146575
v -0.05965979 -1.00327516 0.42742163
v -0.00735069 -0.99259508 0.43688583
v -0.04510392 -1.00830734 0.44324630
v 0.01086839 -0.98217350 0.45259202
v -0.02462408 -1.01113093 0.45859694
v 0.02442778 -0.97031951 0.46933475
v 0.04314826 -0.96001542 0.44619432
v 0.02399615 -0.97071350 0.42862201
v 0.00224267 -0.97763199 0.41247833
v 0.00390361 -0.97027290 0.38286319
v 0.01670701 -0.96014535 0.37042177
v -0.01174736 -0.95529211 0.35385641
v -0.00764228 -0.94744539 0.34367740
v 0.02495589 -0.95200551 0.35667068
v -0.03642562 -0.95392191 0.33109561
v -0.03653844 -0.95870608 0.32073921
v -0.00434575 -0.95378864 0.33230406
v -0.00371501 -0.96335196 0.32048118
v 0.03178091 -0.96059227 0.32988513
v 0.03030113 -0.95385861 0.34301567
v -0.03686806 -0.96404612 0.30984491
v -0.03782584 -0.96906173 0.29975659
v -0.00448785 -0.96988547 0.30861899
v -0.07135665 -0.95719665 0.29656053
v -0.20172162 -0.99531281 0.28602025
v 0.03021516 -0.97210264 0.31813663
v 0.06956411 -0.98195130 0.31197149
v 0.06919874 -0.96603775 0.32447395
v 0.06778827 -0.95175672 0.33656999
v 0.10893288 -0.95267481 0.32216698
v 0.10431218 -0.94145274 0.33878183
v 0.09754810 -0.92511702 0.35541978
v 0.06611102 -0.94242078 0.35077399
v 0.13285911 -0.92429018 0.33377561
v 0.12666818 -0.91648996 0.35711777
v 0.15714972 -0.90832108 0.33068055
v 0.15698053 -0.90758640 0.35444176
v 0.15272443 -0.89270246 0.37442496
v 0.18355313 -0.89567828 0.35032845
v 0.17996947 -0.88947755 0.37128884
v 0.18407591 -0.89667219 0.39360100
v 0.15732263 -0.90363550 0.39687520
v 0.19378270 -0.89992565 0.41560233
v 0.16533522 -0.90989476 0.42118445
v 0.20841940 -0.89826655 0.43754086
v 0.17739236 -0.90854681 0.44506514
v 0.14618896 -0.90880466 0.45161411
v 0.19384263 -0.89605445 0.46372378
v 0.16093957 -0.90023500 0.47398973
v 0.21018957 -0.87920344 0.48044395
v 0.17968479 -0.87430799 0.49119842
v 0.22419864 -0.85555083 0.49319336
v 0.19385944 -0.84487271 0.50029546
v 0.17137554 -0.83938664 0.50660086
v 0.23902312 -0.86661083 0.46666732
v 0.25373161 -0.84948444 0.48009905
v 0.26676422 -0.82699299 0.48977524
v 0.27858168 -0.83713186 0.46949619
v 0.29159969 -0.82017857 0.48166728
v 0.30279365 -0.79947495 0.48865676
v 0.31187317 -0.81422490 0.47582173
v 0.32680362 -0.80257857 0.48520052
v 0.34378701 -0.79264861 0.49253315
v 0.35167837 -0.80344605 0.48144180
v 0.36621955 -0.79377389 0.48912549
v 0.38652465 -0.77047515 0.48930416
v 0.39905745 -0.81654662 0.49285001
v 0.41280758 -0.76896971 0.48438033
v 0.41405606 -0.73036653 0.47301883
v 0.44042587 -0.77599794 0.48364055
v 0.43965203 -0.73590934 0.47255886
v 0.44704854 -0.72535497 0.47362831
v 0.46894673 -0.74153030 0.46655670
v 0.47143599 -0.73259532 0.46992281
v 0.48385072 -0.71990144 0.47215798
v 0.49483538 -0.73399127 0.45937580
v 0.50628638 -0.70960486 0.45968783
v 0.51372385 -0.68682605 0.45850071
v 0.52372897 -0.69945663 0.44731534
v 0.53541785 -0.68234301 0.44777864
v 0.54877931 -0.66532993 0.44759342
v 0.55493510 -0.67834198 0.43656349
v 0.57010710 -0.66415423 0.43716997
v 0.57174850 -0.67880076 0.42633966
v 0.58886468 -0.66909945 0.42844999
v 0.58695263 -0.68310958 0.41548249
v 0.60497332 -0.67426318 0.41918957
v 0.62630272 -0.66716158 0.42314577
v 0.61896574 -0.68435812 0.41018122
v 0.64548773 -0.67275453 0.41451392
v 0.66605389 -0.65738773 0.41351032
v 0.66388166 -0.68595594 0.40104416
v 0.68768561 -0.66137528 0.40050542
v 0.70306665 -0.64068544 0.39863524
v 0.68030995 -0.64345574 0.41309944
v 0.71359372 -0.62304252 0.39743960
v 0.69095129 -0.63036764 0.41498470
v 0.69791496 -0.61348546 0.41489318
v 0.72496563 -0.60996282 0.40018424
v 0.73269719 -0.59338802 0.40219927
v 0.70190579 -0.59772456 0.41349491
v 0.73586702 -0.62116003 0.37887481
v 0.74951535 -0.60325348 0.37883675
v 0.75784522 -0.58173490 0.37814394
v 0.75864023 -0.59123576 0.35494593
v 0.76617086 -0.57257879 0.35036290
v 0.77154458 -0.61172199 0.34459969
v 0.77789807 -0.58836389 0.33475894
v 0.76717806 -0.65881509 0.33876932
v 0.78332144 -0.64934218 0.33766085
v 0.80857259 -0.64298952 0.33580562
v 0.83321762 -0.62264794 0.31186858
v 0.83258396 -0.61630338 0.29977986
v 0.77490044 -0.68000281 0.30868885
v 0.79198617 -0.67992693 0.30687845
v 0.82322872 -0.67397660 0.29010731
v 0.81512332 -0.64879966 0.26476675
v 0.82719159 -0.59871542 0.28406146
v 0.82641160 -0.60575283 0.28186673
v 0.77689612 -0.70773518 0.28360853
v 0.79538047 -0.70347309 0.27668139
v 0.81611198 -0.68833202 0.25679675
v 0.81375206 -0.66100240 0.23012473
v 0.81166768 -0.63295633 0.25846916
v 0.78072631 -0.73342979 0.26126659
v 0.80393457 -0.71855152 0.23828280
v 0.79568553 -0.69253230 0.21500298
v 0.78293628 -0.67516416 0.20588312
v 0.79235989 -0.64751530 0.21990171
v 0.79263550 -0.74422944 0.22496413
v 0.78879625 -0.71033049 0.19461825
v 0.76987541 -0.69190979 0.18621972
v 0.75640756 -0.68057919 0.18346930
v 0.76964200 -0.66100061 0.19893634
v 0.76842523 -0.72532368 0.17572159
v 0.75479722 -0.70574296 0.17033553
v 0.75250655 -0.72721481 0.15856992
v 0.73984236 -0.70961475 0.15638092
v 0.72747731 -0.70575905 0.14032257
v 0.73901653 -0.72757024 0.13960201
v 0.71821177 -0.72644794 0.12169711
v 0.70898283 -0.70137608 0.12341914
v 0.76292604 -0.76209664 0.17417419
v 0.74455959 -0.75998461 0.15120488
v 0.72276032 -0.75691724 0.13084114
v 0.70226789 -0.74770164 0.11091657
v 0.69557565 -0.71761560 0.10867302
v 0.74343348 -0.78527755 0.16864166
v 0.71924466 -0.78410459 0.14542080
v 0.67913365 -0.73554230 0.09587464
v -0.66909069 -0.78971285 0.14663257
v -0.68675482 -0.76600647 0.13298367
v -0.66136307 -0.77482742 0.15115538
v -0.67774779 -0.74866533 0.13671422
v -0.65454483 -0.75709468 0.15793344
v -0.67129165 -0.73239934 0.14933240
v -0.68878508 -0.70836020 0.13964292
v -0.65990132 -0.71735990 0.15973890
v -0.67539299 -0.68971062 0.14761646
v -0.69525981 -0.66386157 0.14268434
v -0.64387661 -0.73854941 0.16720766
v -0.63428777 -0.77780837 0.16821569
v -0.62620294 -0.76028574 0.17827770
v -0.61382896 -0.79735374 0.18307880
v -0.63914120 -0.79124832 0.16252409
v -0.61543936 -0.81021702 0.17812988
v -0.59627026 -0.83024287 0.19386046
v -0.59630603 -0.81628835 0.19743460
v -0.57501429 -0.84210622 0.20497069
v -0.57717335 -0.82478058 0.20890802
v -0.55005920 -0.84146845 0.21498133
v -0.55616212 -0.82332861 0.22095168
v -0.52648658 -0.83862317 0.22701466
v -0.54921806 -0.85770655 0.21089931
v -0.52070946 -0.85546339 0.22021377
v -0.54898560 -0.86690259 0.20641376
v -0.51746488 -0.87115324 0.21583721
v -0.49150908 -0.88239056 0.22864534
v -0.49111471 -0.89474511 0.22468065
v -0.46277475 -0.90408438 0.23471637
v -0.43333265 -0.93423468 0.24779180
v -0.39155582 -0.99290371 0.27657437
v -0.37052500 -0.99129772 0.28444529
v -0.37262583 -0.99141717 0.28975508
v -0.34033549 -0.97920740 0.29908326
v -0.35325974 -0.98488283 0.30695689
v -0.32659507 -0.99607539 0.32087737
v -0.29959461 -1.00648403 0.33292913
v -0.27557534 -1.01760423 0.34680563
v -0.32759964 -0.98654985 0.28744537
v -0.61625940 -0.82206690 0.17470832
v -0.64208984 -0.80386961 0.15751708
v -0.59552222 -0.84096825 0.19066736
v -0.57415807 -0.85592979 0.20204172
v 0.62087917 -0.69153440 0.05389817
v 0.63653827 -0.71334046 0.07084090
v 0.65757388 -0.72349209 0.08285518
v 0.63766706 -0.68994284 0.07076504
v 0.65548432 -0.70092797 0.08604432
v 0.67493832 -0.71114671 0.09741238
v 0.65119749 -0.68376386 0.08982343
v 0.67218739 -0.69256085 0.10102379
v 0.68948102 -0.69985032 0.11387105
v 0.66935647 -0.67260265 0.10667966
v 0.68776280 -0.68288541 0.11990860
v 0.70352495 -0.68828076 0.13089603
v 0.68767917 -0.66389161 0.12660301
v 0.70589727 -0.67419815 0.13943741
v 0.69442654 -0.63750881 0.13312446
v 0.71368480 -0.65275127 0.14759630
v 0.71727931 -0.63216710 0.15958619
v 0.73233670 -0.65420437 0.17379823
v 0.74351799 -0.63279772 0.18435729
v 0.75699615 -0.64911264 0.19407973
v 0.74478620 -0.66805834 0.17909220
v 0.77037477 -0.62130076 0.20663473
v 0.78300530 -0.63394117 0.21392493
v 0.79123992 -0.60363668 0.23181309
v 0.80517745 -0.61629236 0.24257466
v 0.80515361 -0.57812929 0.25532264
v 0.80552930 -0.57749796 0.25571457
v 0.81756842 -0.58734548 0.26734155
v 0.81800830 -0.59117055 0.26812646
v 0.80992675 -0.53662473 0.28273305
v 0.66987681 -0.65177095 0.11344872
v 0.64971536 -0.66429061 0.09575893
v 0.63438684 -0.67184401 0.07694525
v 0.61957622 -0.67736542 0.05644463
v 0.60247803 -0.67940003 0.03707152
v 0.10872846 -0.96176219 0.31000137
v 0.13198428 -0.94593662 0.29416320
v 0.13234907 -0.93493992 0.30430576
v 0.13230367 -0.92430937 0.31578431
v 0.15831238 -0.92363179 0.30293950
v 0.15666871 -0.91186857 0.31466913
v 0.17999761 -0.90851593 0.29876021
v 0.18019617 -0.90161306 0.31192535
v 0.18166244 -0.89630049 0.32847834
v 0.19948775 -0.89748263 0.31106585
v 0.20156494 -0.89113981 0.32761779
v 0.20338833 -0.88870144 0.34706956
v 0.22331983 -0.90452921 0.32939523
v 0.22494468 -0.90333891 0.34669989
v 0.22733544 -0.90586829 0.36553353
v 0.20327933 -0.89155787 0.36783177
v 0.23445299 -0.91084707 0.38969052
v 0.20870143 -0.89629734 0.39072424
v 0.24819663 -0.89954174 0.40743190
v 0.22111289 -0.89812398 0.41141334
v 0.26409218 -0.89247477 0.42599654
v 0.23602843 -0.89110357 0.43063074
v 0.28106788 -0.86918831 0.43885005
v 0.25221312 -0.87789088 0.44731507
v 0.22313981 -0.88085759 0.45348784
v 0.26581702 -0.85218883 0.45704132
v 0.29290611 -0.84564960 0.44907501
v 0.30011880 -0.83275807 0.46303546
v 0.31016350 -0.84380895 0.44271344
v 0.31738091 -0.84879029 0.46114755
v 0.33469218 -0.82643682 0.47520465
v 0.35153481 -0.86784285 0.45968121
v 0.36572468 -0.84920311 0.47363672
v 0.37988821 -0.82910299 0.48277226
v 0.39938506 -0.85138059 0.46185949
v 0.41218582 -0.82782346 0.47102776
v 0.42643186 -0.81025952 0.48092654
v 0.43136185 -0.82609570 0.46262446
v 0.45145056 -0.81233257 0.47302887
v 0.47388333 -0.77638531 0.47040924
v 0.48277599 -0.80149913 0.45215276
v 0.48683816 -0.75950217 0.44493350
v 0.48493779 -0.73642969 0.45202780
v 0.49693650 -0.74723482 0.44005862
v 0.50297511 -0.73299468 0.44425228
v 0.51382780 -0.72054029 0.44552332
v 0.52628887 -0.72181553 0.42604727
v 0.52832943 -0.70845509 0.42924926
v 0.54033780 -0.69742268 0.43590558
v 0.53794801 -0.70288664 0.41976342
v 0.55409414 -0.69485593 0.42457402
v 0.55170065 -0.70422316 0.40873697
v 0.56884509 -0.69568187 0.41227770
v 0.56602073 -0.70451146 0.39341289
v 0.58113980 -0.69376421 0.39700010
v 0.59637100 -0.68439990 0.40320045
v 0.58715832 -0.69315255 0.38436130
v 0.60735255 -0.69847441 0.39102867
v 0.63354284 -0.69368023 0.39450780
v 0.61892152 -0.69216764 0.36945897
v 0.64194196 -0.69136322 0.37124154
v 0.67394781 -0.68930316 0.37553111
v 0.70467621 -0.66944212 0.38033372
v 0.64852214 -0.67111629 0.36062211
v 0.67511410 -0.66485751 0.35814571
v 0.70708525 -0.65959901 0.35932264
v 0.73061609 -0.63630080 0.35872623
v 0.72278231 -0.64160287 0.37918091
v 0.68271077 -0.67390484 0.35184717
v 0.70905346 -0.65985775 0.34636509
v 0.73144907 -0.64163226 0.34498167
v 0.74658012 -0.62195289 0.34414056
v 0.74569297 -0.61264467 0.35792866
v 0.71002716 -0.68276453 0.33694598
v 0.72769332 -0.66597289 0.33211753
v 0.74626219 -0.66322005 0.33591422
v 0.72241330 -0.69232565 0.31803057
v 0.74230897 -0.68906760 0.31415910
v 0.76009095 -0.68573642 0.31154841
v 0.74320549 -0.70711660 0.29055655
v 0.75871104 -0.70940489 0.28850818
v 0.73592323 -0.73517227 0.27235872
v 0.74212730 -0.72806746 0.26751244
v 0.75542247 -0.73219401 0.26759079
v 0.72979307 -0.74125731 0.24863932
v 0.73891288 -0.74821383 0.24966201
v 0.76125234 -0.75314510 0.24398267
v 0.73377234 -0.75469041 0.22940496
v 0.74505413 -0.75983495 0.22473937
v 0.77873665 -0.76110435 0.20160091
v 0.75034595 -0.77470422 0.20052342
v 0.74561173 -0.78007805 0.21307972
v 0.73430353 -0.80583572 0.18873572
v 0.73318017 -0.79404724 0.22885163
v 0.71437162 -0.81805164 0.20684519
v 0.69346786 -0.82360315 0.21504267
v 0.67775130 -0.82601917 0.19430545
v 0.66259074 -0.83595502 0.19907999
v 0.15742421 -0.93870950 0.29319987
v 0.18182290 -0.92403078 0.28997540
v 0.19912949 -0.92329681 0.28867334
v 0.19807290 -0.90910971 0.29873711
v 0.21893032 -0.94444907 0.29217899
v 0.21753861 -0.93017185 0.30426610
v 0.22002897 -0.91425872 0.31563908
v 0.25413746 -0.94382918 0.30900735
v 0.25351059 -0.92801243 0.31976041
v 0.25472587 -0.91746616 0.33151025
v 0.28597894 -0.92901027 0.31685069
v 0.28720212 -0.91537297 0.32855973
v 0.28942758 -0.91431606 0.34116071
v 0.25651389 -0.91539544 0.34597987
v 0.29031038 -0.92041504 0.35741422
v 0.25883541 -0.91834342 0.36357278
v 0.29563057 -0.92452270 0.37722695
v 0.26612729 -0.91588384 0.38433328
v 0.30493253 -0.91899133 0.39955923
v 0.27612182 -0.90543294 0.40304208
v 0.31670067 -0.89749384 0.41469255
v 0.29165587 -0.89226747 0.41968554
v 0.32845265 -0.88492107 0.42981291
v 0.30317694 -0.86629397 0.43293294
v 0.33732814 -0.87469989 0.44412401
v 0.35915634 -0.88547957 0.42133665
v 0.36980873 -0.87568653 0.43502450
v 0.38345289 -0.86524588 0.44856843
v 0.39509505 -0.87286741 0.42614013
v 0.40812427 -0.85870302 0.43919852
v 0.42089182 -0.84354669 0.45118904
v 0.43130901 -0.85102212 0.42920616
v 0.44123164 -0.83942610 0.44018015
v 0.45699558 -0.82749414 0.45138961
v 0.45780870 -0.83085513 0.43154779
v 0.47486988 -0.81411147 0.44225854
v 0.49101287 -0.77778697 0.43990073
v 0.47432694 -0.83087665 0.42425263
v 0.46456701 -0.84183788 0.41371813
v 0.47651973 -0.84046304 0.40487126
v 0.48840344 -0.83338767 0.41688803
v 0.44826788 -0.84251046 0.42017049
v 0.44103163 -0.85369432 0.40374210
v 0.45474136 -0.85284483 0.39743429
v 0.42221302 -0.86928356 0.41488507
v 0.41194415 -0.87665868 0.39796317
v 0.43566486 -0.86004758 0.38862085
v 0.38721704 -0.88517821 0.41110504
v 0.38158706 -0.89979362 0.39626983
v 0.40557733 -0.88001740 0.38390827
v 0.34864596 -0.90458155 0.40833715
v 0.33892077 -0.92017138 0.39070937
v 0.37227136 -0.91094804 0.38039249
v 0.36328328 -0.91725314 0.36336499
v 0.38971886 -0.89496922 0.35605896
v 0.39821941 -0.88759613 0.37023869
v 0.32810867 -0.92522752 0.37184775
v 0.31973198 -0.92705870 0.35154110
v 0.35480958 -0.91600639 0.34788692
v 0.34714407 -0.91497511 0.33613175
v 0.38027295 -0.90440255 0.33217868
v 0.38303611 -0.89335459 0.34310067
v 0.31643075 -0.90980136 0.33707237
v 0.31557792 -0.91728526 0.32740891
v 0.34810418 -0.92219937 0.32388425
v 0.34989151 -0.93022335 0.31043950
v 0.37919983 -0.93114662 0.30557573
v 0.37995517 -0.91712189 0.32000545
v 0.31645310 -0.93250918 0.31537265
v 0.31757584 -0.94272971 0.30442369
v 0.35322577 -0.93861115 0.30065769
v 0.28678691 -0.93877757 0.30531234
v 0.28761241 -0.94984627 0.29533434
v 0.25458705 -0.95728731 0.29557967
v 0.38028467 -0.92963493 0.29395148
v 0.40742841 -0.93258810 0.29281455
v 0.40885845 -0.92235595 0.30418867
v 0.44133639 -0.93549359 0.28939837
v 0.43983039 -0.91818851 0.30333978
v 0.43966433 -0.90757334 0.31455541
v 0.40994990 -0.91360772 0.31587216
v 0.44080871 -0.89481646 0.32708091
v 0.41022116 -0.90560770 0.33009779
v 0.44153896 -0.87965322 0.33798960
v 0.41220543 -0.89006191 0.34205589
v 0.44236532 -0.87173885 0.35012254
v 0.41661361 -0.87987423 0.35340852
v 0.44423035 -0.86168236 0.36233833
v 0.42154711 -0.87104785 0.36555681
v 0.44590393 -0.85021967 0.37460718
v 0.42744067 -0.86183059 0.37704080
v 0.44963700 -0.84373784 0.38409904
v 0.46458900 -0.85763264 0.36131078
v 0.46637952 -0.86930013 0.35048226
v 0.48920277 -0.87561691 0.35278940
v 0.48242441 -0.86554092 0.36366576
v 0.51710570 -0.88981128 0.35716438
v 0.50226176 -0.87802625 0.36993605
v 0.54278958 -0.89056450 0.36154628
v 0.52239782 -0.88189542 0.37672073
v 0.50215030 -0.86906815 0.38929158
v 0.54065073 -0.88066077 0.38491619
v 0.52071714 -0.86321992 0.39988971
v 0.50382733 -0.84399366 0.40915477
v 0.48635018 -0.85064697 0.39768383
v 0.54270583 -0.84183824 0.40244183
v 0.52736157 -0.82268441 0.41172665
v 0.56145525 -0.81701112 0.39378718
v 0.56487632 -0.85973084 0.38871303
v 0.57590628 -0.82693338 0.37752777
v 0.57796293 -0.80350155 0.36865726
v 0.57209086 -0.79634285 0.37957838
v 0.56753623 -0.75824594 0.36973768
v 0.57177943 -0.75119388 0.35770148
v 0.56864733 -0.73033035 0.36101261
v 0.56034184 -0.73558718 0.37587440
v 0.56548059 -0.71588814 0.36833563
v 0.55682850 -0.71605361 0.37995374
v 0.56928247 -0.70817965 0.37652981
v 0.55557853 -0.70539659 0.38911244
v 0.54708278 -0.70748436 0.40098819
v 0.53536659 -0.70733857 0.41110548
v 0.57670432 -0.69920033 0.37957528
v 0.57469672 -0.70136297 0.36350030
v 0.58376294 -0.69434553 0.36769849
v 0.59738749 -0.69182146 0.37005964
v 0.58448541 -0.70038205 0.35685617
v 0.57808244 -0.71254140 0.35280523
v 0.59196496 -0.71470910 0.34515613
v 0.59594113 -0.70413566 0.34969848
v 0.57102245 -0.71002907 0.35727370
v 0.57375890 -0.72362918 0.34914091
v 0.57834816 -0.72122675 0.34471917
v 0.58054370 -0.73521340 0.33682162
v 0.59169590 -0.73366904 0.33143514
v 0.59035778 -0.72417533 0.33951625
v 0.57606107 -0.74299979 0.34809405
v 0.60998034 -0.73378128 0.33424678
v 0.61277509 -0.72805047 0.34107631
v 0.60743392 -0.73674119 0.32401195
v 0.63100404 -0.74485141 0.31769142
v 0.62805879 -0.73338646 0.32364196
v 0.63007987 -0.76792258 0.32613820
v 0.64056277 -0.79542589 0.32003793
v 0.64059401 -0.76059109 0.31390360
v 0.62007576 -0.78900367 0.34570101
v 0.62735879 -0.82325161 0.34154463
v 0.61872309 -0.84579736 0.33071870
v 0.63585699 -0.81303370 0.31791976
v 0.60240501 -0.80192041 0.35550511
v 0.60506511 -0.82746875 0.35571325
v 0.60321730 -0.86053658 0.35320294
v 0.59015900 -0.83209908 0.36938632
v 0.58271766 -0.86345303 0.37177747
v 0.56360042 -0.88385737 0.36708140
v 0.58774769 -0.80294096 0.36151496
v 0.64532369 -0.74273390 0.31917784
v 0.66037333 -0.73203385 0.32576096
v 0.63604063 -0.73056996 0.33260831
v 0.67571509 -0.71597677 0.33391866
v 0.64600366 -0.71768022 0.33962899
v 0.61817551 -0.71772265 0.34768596
v 0.65350115 -0.70302701 0.34934369
v 0.68328118 -0.69298327 0.34204501
v 0.65312916 -0.68073261 0.35673746
v 0.70165575 -0.70505792 0.32529682
v 0.49825189 -0.88621497 0.33931416
v 0.50476432 -0.88842893 0.32572719
v 0.46758986 -0.87703884 0.33828795
v 0.47052070 -0.89202416 0.32722956
v 0.47185355 -0.90435982 0.31480825
v 0.50460732 -0.89925110 0.31397897
v 0.50346756 -0.91185951 0.29595366
v 0.54356962 -0.92038679 0.29881898
v 0.47571680 -0.91953325 0.30153388
v 0.47936806 -0.93204558 0.28299955
v 0.50414968 -0.91230649 0.27898574
v 0.50186938 -0.91403258 0.26422560
v 0.53720564 -0.92016679 0.27489635
v 0.60680050 -0.87365663 0.24924898
v 0.57943666 -0.90383565 0.26360047
v 0.61935645 -0.86568612 0.26593250
v 0.58713806 -0.89849353 0.28370777
v 0.62836540 -0.84648800 0.24047357
v 0.63306963 -0.82771420 0.25403523
v 0.63663584 -0.82013959 0.27125695
v 0.65121233 -0.82169902 0.25226778
v 0.65577823 -0.81209159 0.26772782
v 0.67737150 -0.82751524 0.24776092
v 0.69139409 -0.81834269 0.26581302
v 0.71219504 -0.81401002 0.23943993
v 0.71810383 -0.78262532 0.24352618
v 0.72952729 -0.76815367 0.25369671
v 0.72480476 -0.75882471 0.23479098
v 0.67410588 -0.83550775 0.22458932
v 0.64921016 -0.84011549 0.23574029
v -0.72826409 -0.52111292 0.06965180
v -0.73891115 -0.54322481 0.07408001
v -0.73898423 -0.55487061 0.08285327
v -0.71668142 -0.49457005 0.06162196
v -0.74797308 -0.57908976 0.08255818
v -0.74734598 -0.59111649 0.08932544
v -0.75351781 -0.61311501 0.08151560
v -0.75338441 -0.62487257 0.08783703
v -0.76477605 -0.64105296 0.07157107
v 0.42867243 -0.65082806 0.61644727
v 0.07171065 -0.85923046 0.53999102
v 0.05634240 -0.87786663 0.53688341
v 0.07334416 -0.89436811 0.53117079
v 0.03960126 -0.86146677 0.53966665
v 0.33530557 -0.56613237 -0.13464676
v 0.35888875 -0.57352281 -0.12277018
v 0.38138419 -0.58367789 -0.11604113
v 0.36234078 -0.55883795 -0.12206943
v 0.38674054 -0.56823426 -0.11590044
v 0.41007638 -0.57984132 -0.11382233
v 0.33721283 -0.55164856 -0.13476731
v 0.46958408 -0.54383457 -0.08008739
v 0.45742649 -0.51958740 -0.08141012
v 0.44474652 -0.49917048 -0.08238614
v 0.44072276 -0.47284478 -0.09310757
v 0.44107860 -0.47181863 -0.09383322
v 0.65580165 -0.41877601 0.47527236
v -0.61950445 -0.37755185 -0.28263015
v -0.62138665 -0.34668875 -0.31262362
v -0.62096810 -0.37236005 -0.32183892
v -0.61977625 -0.39727685 -0.29201275
v -0.62601924 -0.39360887 -0.33159727
v -0.62412292 -0.41852447 -0.30222988
v -0.63350391 -0.41973969 -0.33866450
v -0.62937158 -0.44262123 -0.31102756
v -0.64015454 -0.44595671 -0.34319812
v -0.63567686 -0.46551129 -0.31537199
v -0.62942797 -0.39861935 -0.36942557
v -0.64373291 -0.42765206 -0.37469122
v -0.64937592 -0.45837361 -0.38148907
v -0.64921904 -0.45911491 -0.38405490
v -0.63175493 -0.41579121 -0.40931112
v -0.63792074 -0.45139769 -0.41762996
v -0.63751960 -0.45182839 -0.41854084
v -0.64100349 -0.48243254 -0.42350754
v -0.61311936 -0.45128500 -0.44717211
v -0.61326689 -0.44643772 -0.44594634
v -0.61763692 -0.47699028 -0.45510727
v -0.58884519 -0.47269395 -0.46454597
v 0.05562478 -0.45321670 -0.55425030
v 0.06255464 -0.45000434 -0.52834779
v 0.07062892 -0.44972217 -0.50043029
v 0.06802490 -0.43295711 -0.53160405
v 0.06747179 -0.43740910 -0.53032583
v 0.05781587 -0.43666360 -0.55590373
v 0.05791378 -0.43588486 -0.55603898
v 0.06036145 -0.41726640 -0.55823839
v 0.06816997 -0.41634229 -0.53398341
v 0.04342892 -0.41392553 -0.57800245
v 0.04336614 -0.39362016 -0.57388717
v 0.04231801 -0.43462121 -0.57832277
v 0.04281414 -0.43274409 -0.57827204
v 0.02042341 -0.42841250 -0.59507012
v 0.02076778 -0.42680672 -0.59529263
v 0.02489872 -0.40790921 -0.59600216
v 0.03973000 -0.45156038 -0.57674462
v 0.01528401 -0.44536978 -0.59245831
v -0.01097762 -0.43798056 -0.60347855
v -0.00323472 -0.42033941 -0.60850912
v -0.00390982 -0.42350546 -0.60801035
v -0.01922621 -0.45045072 -0.59813541
v -0.04363700 -0.44536632 -0.61156523
v -0.03485559 -0.43337452 -0.61774218
v -0.05406540 -0.45198080 -0.60275310
v -0.07813510 -0.45036730 -0.61620140
v -0.06646090 -0.44345662 -0.62604421
v -0.09056935 -0.45568034 -0.60424632
v -0.55365968 -0.47868872 -0.48730993
v -0.57078087 -0.47637913 -0.48114988
v -0.57151055 -0.45122713 -0.47169223
v -0.57074255 -0.45008966 -0.47204721
v -0.58777976 -0.45267904 -0.46070957
v -0.58625239 -0.44959143 -0.46107191
v -0.58264244 -0.41730151 -0.45820677
v -0.61043143 -0.41292042 -0.44200003
v -0.59672403 -0.38624200 -0.42543361
v -0.61387068 -0.38840345 -0.39856061
v -0.60389698 -0.36046275 -0.38797721
v -0.61849010 -0.37273827 -0.36086470
v -0.60814083 -0.34337920 -0.35243207
v -0.55811304 -0.23070213 -0.32898068
v -0.58226764 -0.22984520 -0.33580464
v -0.57302213 -0.19713616 -0.33312604
v -0.55106467 -0.19792321 -0.33682701
v -0.53382158 -0.16974935 -0.31877100
v -0.55784541 -0.17095731 -0.32184964
v -0.55465138 -0.13754874 -0.32024670
v -0.52418643 -0.13128750 -0.31495878
v -0.58853978 -0.17272693 -0.31683758
v -0.57903075 -0.13908425 -0.31369442
v -0.56845790 -0.10489305 -0.30142915
v -0.54353130 -0.10049281 -0.30631572
v -0.61455798 -0.17012726 -0.29599380
v -0.60049117 -0.13778800 -0.30000225
v -0.58249503 -0.10698597 -0.29652613
v -0.57325375 -0.07636985 -0.30015466
v -0.55827105 -0.07209234 -0.31278202
v -0.60791832 -0.13661063 -0.27430782
v -0.58579314 -0.10386534 -0.27607054
v -0.58834958 -0.07399813 -0.28898290
v -0.57651353 -0.05071250 -0.28870907
v -0.55779231 -0.04805538 -0.30483383
v -0.60198843 -0.09881795 -0.25803235
v -0.59815758 -0.07396614 -0.27544653
v -0.59000230 -0.05311174 -0.28146407
v -0.57499379 -0.03617318 -0.28516337
v -0.56115311 -0.02775530 -0.30204096
v -0.59734964 -0.07635598 -0.25541753
v -0.59144717 -0.05416902 -0.26685581
v -0.59655553 -0.06620960 -0.22430846
v -0.59047216 -0.05183096 -0.24311143
v -0.61112177 -0.05552943 -0.20172969
v -0.59441990 -0.04389138 -0.21453910
v -0.61050677 -0.04191111 -0.18194555
v -0.60306436 -0.02346166 -0.19788125
v -0.57999450 -0.00905991 -0.21721599
v -0.57284880 0.01041811 -0.24772388
v -0.59840947 -0.00427445 -0.17944951
v -0.58571219 0.01445385 -0.20035996
v -0.57283878 0.03030131 -0.22997309
v -0.57439905 0.04393709 -0.25249672
v -0.57106900 0.03130281 -0.26438329
v -0.59442425 0.03429984 -0.18598545
v -0.57740504 0.04917647 -0.21158937
v -0.57892692 0.06008977 -0.23464090
v -0.57318956 0.06340510 -0.24392211
v -0.56939036 0.04677517 -0.26243654
v -0.58514798 0.06563513 -0.20044716
v -0.58331805 0.07255819 -0.21865869
v -0.57614726 0.07842658 -0.22807485
v -0.57145917 0.07865298 -0.23355520
v -0.56957078 0.06390101 -0.25389883
v -0.57026541 0.09070523 -0.20890328
v -0.57002521 0.10185207 -0.22208649
v -0.56759071 0.10263974 -0.22220305
v -0.56509262 0.12599593 -0.21438254
v -0.55802250 0.12620111 -0.21296455
v -0.53536975 0.12460126 -0.22470771
v -0.54392624 0.15880580 -0.21681786
v -0.52538222 0.15700714 -0.23214093
v -0.50888360 0.14916015 -0.24745414
v -0.51588583 0.11706533 -0.24472925
v -0.51754469 0.18650070 -0.23940164
v -0.49940452 0.17956653 -0.24877214
v -0.48099717 0.16745910 -0.26583108
v -0.48781419 0.21082944 -0.26188007
v -0.47548363 0.19837046 -0.27114540
v -0.45036051 0.17553294 -0.28221306
v -0.46171042 0.15179051 -0.29055330
v -0.43239921 0.16288510 -0.30912140
v -0.45194620 0.14640254 -0.31579381
v -0.42312673 0.16335718 -0.32288450
v -0.43887082 0.14480422 -0.32096538
v -0.44457301 0.11618055 -0.32408831
v -0.40886909 0.13433674 -0.33006084
v -0.42094088 0.11037464 -0.33667746
v -0.42877638 0.08421800 -0.33958635
v -0.45425406 0.08770877 -0.33615866
v -0.43797445 0.05016853 -0.34676325
v -0.46186471 0.06452073 -0.34697875
v -0.44977403 0.02849173 -0.36660445
v -0.46005785 0.03883226 -0.36149678
v -0.46530017 0.03522300 -0.34180823
v -0.46443272 0.01279401 -0.36645439
v -0.47709703 0.00996681 -0.35220641
v -0.49700123 0.00982943 -0.32317832
v -0.49013340 0.02646654 -0.31670693
v -0.53379101 0.00729978 -0.32288629
v -0.52252418 0.01981026 -0.30488288
v -0.54704112 0.00742591 -0.32665300
v -0.54794371 0.02307525 -0.30825099
v -0.54395431 0.04312200 -0.29592144
v -0.54039800 0.05525646 -0.27970552
v -0.55772704 0.02460976 -0.30651525
v -0.55815327 0.03792525 -0.29273829
v -0.55801159 0.05109902 -0.27547684
v -0.56795603 0.03727787 -0.29038519
v -0.56617439 0.05023785 -0.27171475
v -0.56813765 0.03709916 -0.28360736
v -0.56485283 0.02686724 -0.30262604
v -0.56140918 0.02195140 -0.29790643
v -0.55600452 0.00304412 -0.31000444
v -0.55970699 -0.00648309 -0.29173553
v -0.55388546 0.00632996 -0.32150033
v -0.55380422 -0.01769417 -0.31712019
v -0.54725748 -0.01270325 -0.32422185
v -0.54847962 -0.04447398 -0.31860092
v -0.54084349 -0.01189451 -0.32528967
v -0.54159939 -0.04266831 -0.32294700
v -0.54494363 -0.06985217 -0.32169303
v -0.51398903 -0.04944755 -0.32115281
v -0.52072001 -0.07494480 -0.32528916
v -0.52520812 -0.10069697 -0.32916912
v -0.50404608 -0.08082901 -0.35321754
v -0.52218264 -0.10267746 -0.35196930
v -0.52852541 -0.13525818 -0.34583384
v -0.51045495 -0.10205702 -0.36675486
v -0.52906013 -0.13540375 -0.37018725
v -0.49764907 -0.10353572 -0.38994056
v -0.51563460 -0.13265938 -0.39083609
v -0.49637666 -0.10168436 -0.42129138
v -0.51066810 -0.12885717 -0.41772225
v -0.52744067 -0.16167638 -0.41653410
v -0.51808977 -0.12323173 -0.45032287
v -0.53224653 -0.15654397 -0.45386019
v -0.53545970 -0.18802021 -0.46430275
v -0.53206611 -0.19670920 -0.42601058
v -0.52946836 -0.21537188 -0.47617263
v -0.52528512 -0.22568132 -0.44374502
v -0.51825827 -0.17335226 -0.49653837
v -0.51651514 -0.20148766 -0.50705969
v -0.50356358 -0.16524920 -0.52833563
v -0.50264502 -0.19070362 -0.53631175
v -0.50573939 -0.21729560 -0.54223013
v -0.49395987 -0.18492113 -0.56607920
v -0.49876171 -0.21272765 -0.57063127
v -0.51216221 -0.24174947 -0.57143545
v -0.51425761 -0.24230562 -0.54414535
v -0.51998270 -0.27244726 -0.56968594
v -0.53350735 -0.26731846 -0.54300612
v -0.53830260 -0.30423570 -0.56262159
v -0.54274184 -0.30275470 -0.53508788
v -0.53890342 -0.30732852 -0.50431436
v -0.56203210 -0.33589816 -0.53033173
v -0.55013144 -0.34011427 -0.49504298
v -0.53692853 -0.34862116 -0.47767603
v -0.55959672 -0.37816221 -0.49720508
v -0.56761020 -0.37645590 -0.52663296
v -0.57472730 -0.41346827 -0.52591956
v -0.55493242 -0.38245401 -0.55631518
v -0.55586869 -0.41654003 -0.55836815
v -0.55055439 -0.44385952 -0.56172848
v -0.55076259 -0.44686386 -0.56095523
v -0.53394717 -0.42214337 -0.58073366
v -0.52237141 -0.44888344 -0.57819062
v -0.52324980 -0.44030663 -0.57851148
v -0.52101523 -0.46696123 -0.58261603
v -0.50211799 -0.43924603 -0.58906949
v -0.50231570 -0.44533065 -0.58781713
v -0.50134194 -0.46225840 -0.59381545
v -0.48855647 -0.46165699 -0.61175883
v -0.23863333 -0.45352578 -0.66101044
v -0.25126174 -0.44945040 -0.68207657
v -0.22715604 -0.44489717 -0.67486322
v -0.24195808 -0.44216123 -0.69511056
v -0.21867272 -0.43513930 -0.68808192
v -0.23573689 -0.43354917 -0.70833510
v -0.21434528 -0.42600712 -0.70238185
v -0.23387118 -0.41984865 -0.71714771
v -0.23387118 -0.41984865 -0.71714771
v -0.21345446 -0.41348800 -0.71395624
v -0.21345446 -0.41348800 -0.71395624
v -0.19222741 -0.40870285 -0.71468979
v -0.19222741 -0.40870285 -0.71468979
v -0.21448195 -0.39685813 -0.72102296
v -0.19483304 -0.39202428 -0.72303188
v -0.17645241 -0.38875100 -0.72925794
v -0.17153339 -0.40504631 -0.71878314
v -0.17153339 -0.40504631 -0.71878314
v -0.15890025 -0.38535228 -0.73522764
v -0.15206479 -0.40118867 -0.72479647
v -0.15206479 -0.40118867 -0.72479647
v -0.12097742 -0.40319145 -0.71655327
v -0.12097742 -0.40319145 -0.71655327
v -0.11236480 -0.38027784 -0.71162248
v -0.10230565 -0.38238698 -0.69441497
v -0.11285683 -0.40409201 -0.69635749
v -0.11285683 -0.40409201 -0.69635749
v -0.09220251 -0.38476846 -0.67762178
v -0.09825575 -0.35668650 -0.68911928
v -0.08872560 -0.35915709 -0.67230111
v -0.07713159 -0.36239108 -0.65407628
v -0.08119445 -0.33095068 -0.67100632
v -0.06764553 -0.33330163 -0.65377128
v -0.05111644 -0.33754522 -0.63813293
v -0.05598001 -0.30569437 -0.65671951
v -0.04639434 -0.31018871 -0.63627261
v -0.03142742 -0.31607383 -0.61698645
v -0.04957668 -0.28406900 -0.62886494
v -0.03082901 -0.28948587 -0.60997146
v -0.01344678 -0.29537877 -0.59292799
v -0.03123719 -0.26233023 -0.60330164
v -0.01175974 -0.26875544 -0.58631510
v 0.00438526 -0.27581587 -0.56688017
v -0.01073517 -0.24200737 -0.58020788
v 0.00894373 -0.24955204 -0.56146824
v 0.02562479 -0.25773975 -0.54306465
v 0.00872067 -0.22383617 -0.55425817
v 0.02710095 -0.23142898 -0.53523457
v 0.03940700 -0.23981531 -0.51199448
v 0.02925610 -0.20338389 -0.52701128
v 0.04706981 -0.21038392 -0.50678039
v 0.06229034 -0.22086407 -0.48360088
v 0.04722143 -0.18197991 -0.49826926
v 0.06535879 -0.18856201 -0.47524250
v 0.08361731 -0.19905074 -0.45295590
v 0.07546007 -0.15328757 -0.47459385
v 0.09266908 -0.15962499 -0.45011225
v 0.11136912 -0.17217949 -0.42329308
v 0.10596271 -0.21149924 -0.43539739
v 0.12975056 -0.19101432 -0.40559351
v 0.12288778 -0.22277075 -0.42264256
v 0.08823361 -0.11938978 -0.48025593
v 0.06421083 -0.11800897 -0.50091517
v 0.06777644 -0.08737464 -0.50541955
v 0.09366574 -0.08633381 -0.48527685
v 0.05537695 -0.14992945 -0.49530640
v 0.03091839 -0.14914656 -0.51589173
v 0.03573410 -0.11849599 -0.51597089
v 0.03089880 -0.17608112 -0.52167690
v 0.01248347 -0.16954863 -0.54476535
v 0.01623491 -0.14310351 -0.54375887
v 0.00983048 -0.19652186 -0.54870564
v -0.00534963 -0.18978462 -0.57290781
v -0.00474999 -0.16505669 -0.56809974
v -0.00832260 -0.21575254 -0.57597917
v -0.02883124 -0.21077360 -0.59483904
v -0.02808782 -0.18596841 -0.59059024
v -0.02861989 -0.23571406 -0.60037416
v -0.04959075 -0.23065352 -0.61981153
v -0.05098537 -0.20587793 -0.61533976
v -0.04991698 -0.25676140 -0.62373632
v -0.06003672 -0.25082058 -0.64788687
v -0.06233460 -0.22485353 -0.64443249
v -0.05740514 -0.27768221 -0.65207660
v -0.07026678 -0.27394414 -0.67186868
v -0.07483807 -0.24709840 -0.66843796
v -0.07494264 -0.30225393 -0.67088294
v -0.08822995 -0.30077443 -0.68805146
v -0.08446985 -0.27246824 -0.69028682
v -0.09352584 -0.32905313 -0.68718565
v -0.10523145 -0.32962227 -0.70466077
v -0.09934896 -0.30223903 -0.70744395
v -0.10929652 -0.35598123 -0.70601630
v -0.11414757 -0.33174974 -0.72218972
v -0.12718381 -0.33415523 -0.73529148
v -0.12544841 -0.30823570 -0.73809451
v -0.11337619 -0.30460969 -0.72266620
v -0.12900740 -0.28089759 -0.74032831
v -0.11397345 -0.27653465 -0.72600186
v -0.09876912 -0.27368578 -0.70971370
v -0.11867172 -0.24847567 -0.72982001
v -0.10111059 -0.24532652 -0.71242714
v -0.08631384 -0.24444506 -0.69043285
v -0.10806888 -0.21830985 -0.71251255
v -0.08868919 -0.21744111 -0.69100219
v -0.07916849 -0.22081932 -0.66598612
v -0.09360690 -0.19193630 -0.68966675
v -0.07826952 -0.19490255 -0.66603166
v -0.06613866 -0.19998294 -0.64059067
v -0.07928334 -0.17044215 -0.66433787
v -0.06704015 -0.17566092 -0.63792586
v -0.05251367 -0.18143721 -0.61099768
v -0.06842864 -0.15227196 -0.63419843
v -0.05174989 -0.15720417 -0.60840482
v -0.02952542 -0.16210774 -0.58533150
v -0.05164324 -0.13319573 -0.60516286
v -0.02912028 -0.13682228 -0.58255255
v -0.00331485 -0.13930061 -0.56563783
v -0.02444230 -0.11152450 -0.58531415
v 0.00047696 -0.11330262 -0.56695789
v 0.01880089 -0.11599915 -0.54265726
v 0.00340125 -0.08653481 -0.56803721
v 0.02460531 -0.08844908 -0.54558522
v 0.04374213 -0.08951101 -0.52318853
v 0.02256578 -0.05977305 -0.54624009
v 0.04480536 -0.05953591 -0.52768284
v 0.06656541 -0.05882969 -0.51017386
v 0.03523677 -0.03375768 -0.52821779
v 0.05981542 -0.02910976 -0.51596665
v 0.08610012 -0.02418801 -0.49780953
v 0.09348142 -0.05704374 -0.49133959
v 0.10889570 -0.02632504 -0.47266409
v 0.11131735 -0.05695096 -0.46211547
v 0.12651932 -0.02680035 -0.44760799
v 0.13380072 -0.05588353 -0.44263837
v 0.14915897 -0.02215255 -0.42279106
v 0.15769687 -0.05305257 -0.41495398
v 0.16582581 -0.01854522 -0.39140669
v 0.17355169 -0.04882323 -0.38307112
v 0.17648707 -0.07895058 -0.37308651
v 0.18909504 -0.04498462 -0.35343337
v 0.13648939 0.00878830 -0.42536137
v 0.14908919 0.01396604 -0.39784163
v 0.11662206 0.00378278 -0.45179984
v 0.09323183 0.00449765 -0.47455847
v 0.07637734 0.03653649 -0.46968025
v 0.04974649 0.03474919 -0.48882830
v 0.03025155 0.04627145 -0.47529638
v 0.05805613 0.05400878 -0.45532578
v 0.06969181 0.00516178 -0.49534875
v 0.04619351 0.00254737 -0.51258671
v 0.02722740 0.02997737 -0.50364119
v 0.00606159 0.02201411 -0.51842380
v -0.00951015 0.04541609 -0.50767785
v 0.01018900 0.04846820 -0.49031752
v 0.02339052 -0.00408855 -0.52763361
v 0.00348484 -0.01049438 -0.53811508
v -0.01136330 0.01412354 -0.52998602
v 0.01320171 -0.03651814 -0.54074198
v -0.00488223 -0.03901660 -0.55778271
v -0.01144839 -0.01383780 -0.55246848
v -0.00157553 -0.06245542 -0.56232440
v -0.02345395 -0.06309421 -0.58057165
v -0.02506044 -0.04086575 -0.57628840
v -0.02237076 -0.08674236 -0.58500749
v -0.04532170 -0.08468913 -0.60414481
v -0.04337125 -0.06085363 -0.60172576
v -0.04891299 -0.10879469 -0.60429049
v -0.06902152 -0.10493029 -0.62643951
v -0.06733760 -0.08116337 -0.62327182
v -0.07201785 -0.12926476 -0.62842947
v -0.08759632 -0.12463250 -0.65372658
v -0.08633690 -0.10077710 -0.64945811
v -0.08534583 -0.14795507 -0.65891677
v -0.09719562 -0.14256124 -0.68550622
v -0.10292538 -0.12022356 -0.67811435
v -0.09527416 -0.16686399 -0.68888843
v -0.11518256 -0.16572209 -0.71450204
v -0.11700072 -0.14035901 -0.71064138
v -0.11317924 -0.19184850 -0.71362108
v -0.12604398 -0.22097072 -0.73311913
v -0.14376931 -0.22658135 -0.75133103
v -0.13551167 -0.25358754 -0.74515051
v -0.15345980 -0.26087627 -0.75656533
v -0.16361874 -0.23555438 -0.76381910
v -0.14521340 -0.28707740 -0.75187099
v -0.16501321 -0.29390237 -0.75343156
v -0.17332104 -0.26967520 -0.76119602
v -0.14347349 -0.31224817 -0.74316216
v -0.16096012 -0.31673601 -0.74241996
v -0.17721198 -0.32013887 -0.73126763
v -0.18325587 -0.29618934 -0.74209011
v -0.14354259 -0.33739838 -0.74233854
v -0.16123703 -0.34141889 -0.74197364
v -0.17804907 -0.34603047 -0.73447967
v -0.19665138 -0.35064393 -0.72786868
v -0.19814079 -0.32540444 -0.72749633
v -0.16180696 -0.36539200 -0.74443865
v -0.18028419 -0.36960629 -0.73969769
v -0.19677028 -0.37297431 -0.72925061
v -0.21585508 -0.37754583 -0.72471297
v -0.21695915 -0.35630232 -0.72798592
v -0.23263361 -0.36506790 -0.74018317
v -0.23696904 -0.34252223 -0.74088621
v -0.22001657 -0.33231649 -0.72863501
v -0.23330931 -0.38535845 -0.73217344
v -0.25164557 -0.39280710 -0.73644859
v -0.25137427 -0.37359855 -0.74409735
v -0.23400092 -0.40318844 -0.72356737
v -0.25273055 -0.41039518 -0.72880334
v -0.26772761 -0.41865826 -0.74026012
v -0.27062121 -0.40018833 -0.73988640
v -0.25221643 -0.42756504 -0.72501987
v -0.25221643 -0.42756504 -0.72501987
v -0.26882309 -0.43524322 -0.73626137
v -0.26882309 -0.43524322 -0.73626137
v -0.28402030 -0.44232413 -0.75079072
v -0.28402030 -0.44232413 -0.75079072
v -0.28076479 -0.42580941 -0.75447369
v -0.25489360 -0.44201896 -0.71751261
v -0.27356273 -0.44923112 -0.72916186
v -0.29805839 -0.44914612 -0.76909441
v -0.29805839 -0.44914612 -0.76909441
v -0.38386884 -0.44831184 -0.75796860
v -0.39579707 -0.44736633 -0.73753357
v -0.41757062 -0.43346530 -0.74162763
v -0.40609810 -0.43520388 -0.76457494
v -0.40697134 -0.44844270 -0.71630031
v -0.42757958 -0.43386596 -0.71851146
v -0.44247332 -0.41129687 -0.71579218
v -0.44247332 -0.41129687 -0.71579218
v -0.43684846 -0.41393059 -0.74234152
v -0.43684846 -0.41393059 -0.74234152
v -0.43669492 -0.43623045 -0.69564956
v -0.45075062 -0.41359696 -0.69162512
v -0.45075062 -0.41359696 -0.69162512
v -0.45756021 -0.38501292 -0.68627995
v -0.45529819 -0.38591844 -0.71232474
v -0.45056504 -0.44432789 -0.67636734
v -0.46381277 -0.42039371 -0.67203844
v -0.46363151 -0.42106912 -0.67221528
v -0.46769473 -0.39103085 -0.66614366
v -0.48013368 -0.35782653 -0.66456491
v -0.46995458 -0.35454038 -0.68570310
v -0.47484311 -0.42729092 -0.64924443
v -0.47479114 -0.42787176 -0.65005296
v -0.47547081 -0.39786848 -0.64442509
v -0.48850992 -0.36359248 -0.64438218
v -0.49572352 -0.32314166 -0.64260966
v -0.48758021 -0.32129794 -0.66460991
v -0.47539079 -0.40340042 -0.62438828
v -0.50050408 -0.37198964 -0.62896103
v -0.50043690 -0.41622800 -0.61024219
v -0.47170559 -0.42955473 -0.62727958
v -0.47198698 -0.43296605 -0.62791532
v -0.49398273 -0.43791309 -0.60991752
v -0.49321789 -0.44070995 -0.61095238
v -0.50952560 -0.42188832 -0.58796787
v -0.47686753 -0.45671555 -0.63303280
v -0.46582159 -0.45322099 -0.65596986
v -0.48626232 -0.28502616 -0.66469461
v -0.47614777 -0.29010260 -0.69046789
v -0.47433755 -0.32170480 -0.68726772
v -0.49226391 -0.28333166 -0.64300162
v -0.47095123 -0.25365347 -0.64224607
v -0.46581280 -0.25805247 -0.66315842
v -0.48490775 -0.24955875 -0.62828642
v -0.47622836 -0.21767525 -0.63567466
v -0.45523182 -0.22750711 -0.64203376
v -0.49926710 -0.24704817 -0.61179662
v -0.49046621 -0.21342322 -0.61519122
v -0.47891429 -0.18325819 -0.61784136
v -0.46050188 -0.18698329 -0.63669997
v -0.50442612 -0.24472515 -0.59194982
v -0.49285689 -0.21323267 -0.59315759
v -0.48611206 -0.18347083 -0.59399593
v -0.47695628 -0.15805994 -0.59129542
v -0.46768305 -0.15869243 -0.61758757
v -0.48680383 -0.15996444 -0.56080210
v -0.48389021 -0.13604781 -0.55490154
v -0.47036499 -0.13493910 -0.58680582
v -0.49744815 -0.13934727 -0.51926178
v -0.48781627 -0.11244721 -0.51505274
v -0.47930929 -0.10977646 -0.55061346
v -0.50790513 -0.14830062 -0.48592997
v -0.50049520 -0.11874961 -0.48167634
v -0.48039216 -0.09138043 -0.48061094
v -0.47035870 -0.08546975 -0.51370698
v -0.49132434 -0.09820773 -0.45078239
v -0.46163148 -0.08004083 -0.45465580
v -0.45982960 -0.06852436 -0.48957160
v -0.46918368 -0.08232638 -0.41764659
v -0.44824940 -0.05017455 -0.41599086
v -0.48477674 -0.07538652 -0.38781023
v -0.46337637 -0.04996224 -0.38777772
v -0.45546755 -0.01547059 -0.38724869
v -0.43735689 -0.01412490 -0.41636127
v -0.49710169 -0.07692260 -0.37023714
v -0.47317925 -0.05169962 -0.36628488
v -0.46862146 -0.01389252 -0.37009156
v -0.45091861 0.00898937 -0.38390353
v -0.48731118 -0.05196337 -0.34516761
v -0.47545990 -0.01627702 -0.35170740
v -0.50111938 -0.01917748 -0.31399521
v -0.42284873 0.02159719 -0.39282420
v -0.43857822 0.00781749 -0.41254061
v -0.40705749 0.03066907 -0.42420289
v -0.39549679 0.05844243 -0.40927553
v -0.40824977 0.05178149 -0.37756070
v -0.40152755 0.08206782 -0.36639929
v -0.38663170 0.08721551 -0.39956328
v -0.39264727 0.10976572 -0.36081910
v -0.38254020 0.11516741 -0.40163550
v -0.38360637 0.11140835 -0.42952982
v -0.38291061 0.13162127 -0.40484226
v -0.38210097 0.12472326 -0.42803323
v -0.38520989 0.10783922 -0.45233500
v -0.39052412 0.09604526 -0.45669591
v -0.38521695 0.09116663 -0.48101324
v -0.40233713 0.08361429 -0.48214111
v -0.38070196 0.08296148 -0.51285869
v -0.40295377 0.06957089 -0.50556052
v -0.41437984 0.06250064 -0.50398666
v -0.40279320 0.05888645 -0.53871793
v -0.41947621 0.04869229 -0.53207415
v -0.40611768 0.05725748 -0.56753665
v -0.42406824 0.04149751 -0.56215096
v -0.40090403 0.04831583 -0.59408760
v -0.42656025 0.03805901 -0.59068668
v -0.43730986 0.01558616 -0.58202946
v -0.42050415 0.03342646 -0.61585617
v -0.43834034 0.01238436 -0.61006403
v -0.45087966 -0.01114554 -0.60199678
v -0.44887045 -0.00803221 -0.57178622
v -0.46005803 -0.03462570 -0.59377068
v -0.45577881 -0.03020720 -0.56210732
v -0.46374261 -0.06042260 -0.58699894
v -0.45644838 -0.05688438 -0.55484611
v -0.46229792 -0.05595376 -0.52098948
v -0.46643960 -0.08487424 -0.55062515
v -0.47321853 -0.08519838 -0.58382547
v -0.47490433 -0.11054642 -0.58416528
v -0.46389338 -0.08767706 -0.60942715
v -0.46810561 -0.11128568 -0.61198199
v -0.46875057 -0.13538530 -0.61551225
v -0.44668713 -0.08993265 -0.62848008
v -0.44796544 -0.06714758 -0.63438338
v -0.42405537 -0.06988384 -0.64952397
v -0.42577764 -0.09315296 -0.64727783
v -0.45848882 -0.06293715 -0.61180860
v -0.45780405 -0.03752608 -0.61935318
v -0.44290921 -0.04258575 -0.63965857
v -0.43676713 -0.01785668 -0.64831352
v -0.41509646 -0.02408713 -0.66390330
v -0.42222720 -0.04721108 -0.65740764
v -0.45005411 -0.01256819 -0.62738377
v -0.43572083 0.01143681 -0.63433969
v -0.42344198 0.00592581 -0.65446979
v -0.40572408 0.02793020 -0.65858883
v -0.38961500 0.02025784 -0.67506993
v -0.40452531 -0.00129355 -0.67103583
v -0.41628972 0.03312244 -0.63940632
v -0.39542112 0.05270870 -0.64136952
v -0.39943424 0.05131981 -0.61956626
v -0.38291827 0.07716537 -0.61869282
v -0.36984688 0.07112104 -0.63476986
v -0.38223425 0.07420886 -0.59659368
v -0.36989003 0.10210241 -0.59373719
v -0.36406398 0.10100333 -0.61423224
v -0.38457140 0.07618602 -0.57144904
v -0.37194791 0.10381042 -0.57120442
v -0.35150769 0.12699002 -0.56464618
v -0.34982237 0.12700762 -0.58716047
v -0.38222334 0.07956067 -0.54462236
v -0.36862931 0.10702296 -0.54653239
v -0.35266539 0.13045621 -0.54152560
v -0.33008876 0.15306099 -0.53721774
v -0.33390266 0.15616697 -0.56126362
v -0.36420459 0.10952193 -0.51937795
v -0.34884325 0.13062879 -0.51690471
v -0.32865417 0.15286392 -0.51203060
v -0.34585962 0.12914705 -0.48788223
v -0.32716838 0.15116961 -0.48306993
v -0.34822172 0.13072230 -0.45345756
v -0.33002636 0.15439409 -0.45151886
v -0.33764872 0.16174975 -0.42053956
v -0.35881138 0.14120039 -0.42009845
v -0.36785725 0.15880147 -0.39636904
v -0.35203236 0.17151615 -0.39296532
v -0.37190354 0.11455262 -0.45100561
v -0.38065866 0.13071319 -0.42569444
v -0.37768409 0.14330927 -0.40023947
v -0.38176125 0.15242605 -0.37371403
v -0.37017390 0.16214061 -0.37531543
v -0.38326806 0.13332295 -0.36706600
v -0.39850879 0.15428539 -0.33620170
v -0.41459134 0.18063322 -0.32174170
v -0.38456494 0.16147240 -0.33533677
v -0.39704129 0.19860168 -0.31105295
v -0.36422727 0.18200508 -0.33713526
v -0.35916045 0.18061304 -0.37236995
v -0.35419264 0.20100179 -0.33391464
v -0.34967214 0.19456044 -0.36237773
v -0.34916762 0.21729589 -0.32088891
v -0.33832061 0.20564890 -0.34305623
v -0.34304819 0.23412943 -0.30312011
v -0.32348692 0.21771675 -0.31664780
v -0.28625342 0.23296298 -0.29783300
v -0.25688124 0.23762564 -0.30998191
v -0.23489492 0.27520999 -0.29463574
v -0.24173877 0.25551730 -0.32653579
v -0.22427702 0.28935182 -0.31051955
v -0.22824408 0.26930991 -0.33563799
v -0.23063135 0.24283792 -0.36378574
v -0.21905874 0.28622085 -0.34860298
v -0.21517371 0.26413494 -0.37449124
v -0.21454966 0.29721457 -0.35785389
v -0.21248883 0.27979815 -0.38511962
v -0.21479923 0.29839551 -0.36198318
v -0.21735029 0.31370553 -0.33101633
v -0.21812046 0.31217045 -0.32938242
v -0.20742461 0.30813450 -0.32492092
v -0.20925263 0.29277322 -0.36011726
v -0.18589512 0.30505663 -0.31950092
v -0.18988569 0.28996414 -0.35267910
v -0.16674073 0.30807149 -0.32032526
v -0.16799437 0.29029226 -0.34394804
v -0.16075894 0.27805388 -0.37127176
v -0.14549999 0.29378009 -0.33406627
v -0.13598078 0.27298692 -0.35420603
v -0.11769449 0.28044856 -0.37773961
v -0.14680885 0.26871362 -0.39449665
v -0.10372569 0.28617048 -0.39607838
v -0.13040613 0.27346820 -0.41666240
v -0.08720948 0.28799206 -0.41535744
v -0.11737940 0.27459490 -0.43318671
v -0.14481124 0.26298708 -0.44930863
v -0.10644305 0.25885883 -0.43942618
v -0.13508791 0.24862972 -0.45239148
v -0.15543492 0.23367843 -0.46680555
v -0.16340397 0.24529395 -0.46067768
v -0.17364585 0.21172191 -0.48414668
v -0.17734410 0.22193494 -0.47734445
v -0.18027927 0.19236913 -0.51010609
v -0.18681985 0.19675332 -0.49427804
v -0.20514506 0.20854080 -0.48443356
v -0.22185898 0.21868320 -0.47679445
v -0.19885300 0.17608918 -0.52182192
v -0.21900822 0.18724063 -0.50557494
v -0.23190042 0.19722335 -0.49427050
v -0.23082878 0.22161713 -0.46216148
v -0.23000920 0.18070866 -0.53645724
v -0.21478651 0.18092756 -0.55043179
v -0.22727345 0.18666032 -0.57091099
v -0.24247088 0.18267220 -0.55871338
v -0.24590822 0.18259023 -0.58521163
v -0.25997841 0.18384910 -0.57400244
v -0.27001792 0.17213245 -0.59514940
v -0.28156057 0.18154965 -0.58641851
v -0.29204625 0.16559237 -0.60916710
v -0.30390739 0.17286596 -0.59965098
v -0.31268811 0.15057842 -0.62121952
v -0.32612303 0.15824203 -0.61285406
v -0.33551523 0.16052195 -0.59840339
v -0.34090078 0.13206436 -0.62299836
v -0.34474593 0.12912048 -0.60632575
v -0.33690217 0.15860347 -0.58105367
v -0.35736418 0.10265660 -0.63213485
v -0.32987094 0.12869163 -0.63427067
v -0.29831412 0.13930976 -0.62414849
v -0.31453991 0.11957976 -0.63653386
v -0.27902663 0.15427569 -0.61490744
v -0.26736343 0.13898641 -0.61697060
v -0.25828290 0.16307975 -0.60488451
v -0.24889500 0.14737868 -0.60637140
v -0.24205978 0.12564136 -0.60380751
v -0.25974783 0.11802389 -0.61523253
v -0.23441157 0.09797126 -0.60462058
v -0.25101626 0.09573737 -0.62221968
v -0.22298056 0.07961486 -0.61799526
v -0.24436606 0.07423002 -0.62997466
v -0.26643848 0.06988227 -0.64126909
v -0.23821534 0.05361098 -0.64244819
v -0.26123595 0.04825687 -0.65447855
v -0.28567305 0.04328193 -0.66429961
v -0.28915823 0.06688166 -0.65141231
v -0.27509815 0.03852867 -0.68727970
v -0.29758117 0.03748210 -0.69814247
v -0.31972936 0.03353142 -0.70627302
v -0.26503491 0.02696968 -0.70863730
v -0.28557110 0.02747950 -0.72141123
v -0.30710933 0.02067417 -0.72705370
v -0.32543734 0.00987529 -0.72715706
v -0.33848277 0.02094284 -0.70769221
v -0.27710414 0.00337833 -0.73340124
v -0.29585922 0.00112936 -0.74374932
v -0.31476316 -0.00692346 -0.74265927
v -0.30788219 -0.02897524 -0.74636298
v -0.30381113 -0.04892840 -0.75201893
v -0.32594866 -0.05236870 -0.75330442
v -0.34293821 -0.07474438 -0.73602039
v -0.34401345 -0.05493651 -0.73642272
v -0.35586116 -0.07531898 -0.71090126
v -0.35832545 -0.05543716 -0.71400195
v -0.37652636 -0.07473727 -0.68835837
v -0.37142950 -0.05421848 -0.68736076
v -0.36718205 -0.03395810 -0.69236469
v -0.35897869 -0.01484747 -0.69645518
v -0.40193775 -0.05135849 -0.67858303
v -0.39199865 -0.02945409 -0.67954254
v -0.37973917 -0.00876279 -0.68078536
v -0.36645183 0.01115318 -0.68338102
v -0.34602427 0.00247571 -0.69846880
v -0.40553975 -0.07382160 -0.67338628
v -0.36830997 -0.09384783 -0.67943037
v -0.40769207 -0.09754981 -0.67444235
v -0.35889578 -0.12073616 -0.67983359
v -0.34708115 -0.09507836 -0.70703387
v -0.34936553 -0.11814903 -0.71388096
v -0.34848124 -0.14310525 -0.72366995
v -0.36287433 -0.14519040 -0.69676673
v -0.35675275 -0.16787352 -0.73652589
v -0.36750349 -0.17106649 -0.71283680
v -0.37464473 -0.18904458 -0.74956924
v -0.38641363 -0.18796878 -0.73042828
v -0.38887566 -0.21567126 -0.75595742
v -0.39862588 -0.21417063 -0.73668110
v -0.40020719 -0.24257989 -0.75860071
v -0.41229212 -0.23840754 -0.74026221
v -0.42187685 -0.23133017 -0.71615690
v -0.42544615 -0.26171318 -0.74252373
v -0.43992215 -0.25018132 -0.71959025
v -0.44784316 -0.23871048 -0.68914527
v -0.42896777 -0.21986423 -0.68806159
v -0.44339299 -0.23834868 -0.66067749
v -0.42855129 -0.21432208 -0.65973353
v -0.43942806 -0.20018809 -0.64055717
v -0.46333414 -0.26272964 -0.69033772
v -0.45569584 -0.27209529 -0.72123897
v -0.46367919 -0.29895842 -0.71880072
v -0.44242239 -0.28181800 -0.74711585
v -0.44859490 -0.30816907 -0.74424058
v -0.45391905 -0.33515728 -0.74146551
v -0.46750668 -0.32772774 -0.71537185
v -0.45620847 -0.36270753 -0.74019724
v -0.46508285 -0.35763389 -0.71211058
v -0.45239523 -0.39043492 -0.74124795
v -0.44443095 -0.36699486 -0.76801914
v -0.44148475 -0.39366046 -0.76982290
v -0.42505354 -0.41567349 -0.76796484
v -0.42505354 -0.41567349 -0.76796484
v -0.42591345 -0.39507610 -0.79487145
v -0.40833732 -0.41525805 -0.78947312
v -0.40833732 -0.41525805 -0.78947312
v -0.39346215 -0.43851781 -0.78692663
v -0.39184114 -0.41511911 -0.80853415
v -0.39184114 -0.41511911 -0.80853415
v -0.37738964 -0.43928245 -0.80576056
v -0.35801879 -0.43451545 -0.81862193
v -0.35801879 -0.43451545 -0.81862193
v -0.33757660 -0.44414958 -0.80248898
v -0.33757660 -0.44414958 -0.80248898
v -0.32275552 -0.43135020 -0.80554283
v -0.30547652 -0.43441287 -0.78962177
v -0.29322064 -0.43144757 -0.77084517
v -0.30599159 -0.41766971 -0.78337890
v -0.29451624 -0.41452318 -0.76848984
v -0.28329629 -0.40830180 -0.75368917
v -0.29389146 -0.39844993 -0.76945853
v -0.28536740 -0.39017785 -0.75524127
v -0.27025124 -0.38110521 -0.74606735
v -0.28424460 -0.37338790 -0.76271087
v -0.26935333 -0.36357853 -0.75618809
v -0.25260192 -0.35335985 -0.75100976
v -0.27347380 -0.34529430 -0.76312727
v -0.25824758 -0.33333874 -0.75611472
v -0.24463561 -0.32095200 -0.74343419
v -0.26804367 -0.31520599 -0.76320630
v -0.25438920 -0.30213061 -0.75285375
v -0.23442537 -0.29242179 -0.75467533
v -0.22435836 -0.31082207 -0.74071544
v -0.21475755 -0.28207487 -0.75119478
v -0.20418072 -0.30125067 -0.73632914
v -0.19394334 -0.27736968 -0.75799352
v -0.22920436 -0.26366147 -0.76409376
v -0.20727353 -0.25546467 -0.76595032
v -0.18536647 -0.24622034 -0.76777780
v -0.22190569 -0.23506536 -0.77460390
v -0.19820182 -0.22423783 -0.77498418
v -0.23572622 -0.21531178 -0.78607494
v -0.21207459 -0.20344496 -0.77892399
v -0.22704095 -0.18412352 -0.77997845
v -0.26069689 -0.22557819 -0.78587180
v -0.24481441 -0.24579702 -0.77755350
v -0.26684260 -0.25466073 -0.77236336
v -0.28301528 -0.23581557 -0.77775854
v -0.25006837 -0.27285901 -0.76261729
v -0.26882496 -0.28439593 -0.76175511
v -0.28681710 -0.26633957 -0.76677972
v -0.30292162 -0.28308046 -0.77119339
v -0.31645814 -0.26952973 -0.78547996
v -0.30202818 -0.25135821 -0.77906519
v -0.28262472 -0.29819867 -0.77020353
v -0.29399052 -0.31247923 -0.77987194
v -0.31221613 -0.29892060 -0.78430563
v -0.28010988 -0.32850060 -0.77317333
v -0.29306617 -0.34201595 -0.77828634
v -0.30462950 -0.32764572 -0.78618973
v -0.28474975 -0.35780501 -0.77232593
v -0.29666337 -0.36910039 -0.77876747
v -0.30168292 -0.35549012 -0.78655744
v -0.29580119 -0.38306811 -0.77179551
v -0.30965993 -0.36778888 -0.79418582
v -0.31216782 -0.34277293 -0.79303098
v -0.32798252 -0.33277145 -0.79718316
v -0.32179260 -0.31570065 -0.79114509
v -0.34304079 -0.32424924 -0.80761129
v -0.33883381 -0.30585119 -0.79978538
v -0.33028689 -0.28782088 -0.79033101
v -0.35204473 -0.29739040 -0.81338143
v -0.34502485 -0.27864149 -0.79938233
v -0.33242279 -0.25870314 -0.79007995
v -0.31603912 -0.23826937 -0.78798300
v -0.35836384 -0.26974034 -0.80897748
v -0.34584209 -0.25032604 -0.79668939
v -0.33058909 -0.22752984 -0.79424781
v -0.36076558 -0.24524301 -0.79435414
v -0.34705496 -0.22077002 -0.79070902
v -0.37396133 -0.24469912 -0.78419930
v -0.36003464 -0.21959779 -0.77871448
v -0.34896916 -0.19056299 -0.77788150
v -0.33793530 -0.16263323 -0.77226937
v -0.37483457 -0.21787249 -0.76882350
v -0.36146301 -0.19056955 -0.76390201
v -0.35227838 -0.16283074 -0.75781417
v -0.34613284 -0.13810556 -0.74888700
v -0.32821244 -0.13950171 -0.76012117
v -0.34352180 -0.11496878 -0.74148518
v -0.34001690 -0.09447604 -0.73542535
v -0.38664746 -0.24467197 -0.77196968
v -0.38804811 -0.26771361 -0.79305363
v -0.40015253 -0.26905698 -0.77882999
v -0.41270441 -0.26730978 -0.76266819
v -0.41821748 -0.28895733 -0.78942275
v -0.43091634 -0.28705791 -0.77047390
v -0.43107775 -0.31459862 -0.79448390
v -0.44251955 -0.31291884 -0.77172178
v -0.43071565 -0.34252504 -0.79190785
v -0.44451895 -0.34048277 -0.76884013
v -0.43179631 -0.36897290 -0.79372352
v -0.41660377 -0.34221497 -0.81134760
v -0.41548118 -0.36856437 -0.81383193
v -0.40572214 -0.39273408 -0.81189150
v -0.39558682 -0.36599618 -0.82484889
v -0.38944632 -0.39100766 -0.82971460
v -0.37674841 -0.41536850 -0.82796717
v -0.37674841 -0.41536850 -0.82796717
v -0.36817753 -0.38510439 -0.83622032
v -0.35582486 -0.40636027 -0.83024275
v -0.33959338 -0.42279580 -0.82101864
v -0.33969712 -0.39671433 -0.82327080
v -0.32806507 -0.40963411 -0.81338668
v -0.31665227 -0.41626194 -0.79916269
v -0.32729089 -0.38776898 -0.81317663
v -0.31713045 -0.37837732 -0.80348539
v -0.34782988 -0.37824550 -0.83183360
v -0.35912266 -0.36176392 -0.82031631
v -0.37616968 -0.36256823 -0.83065689
v -0.37960586 -0.33962974 -0.82858652
v -0.36218533 -0.34041965 -0.81864405
v -0.40036353 -0.34093586 -0.82641715
v -0.40014991 -0.31313339 -0.82878327
v -0.37744901 -0.31496841 -0.82901937
v -0.41771218 -0.31395626 -0.81363326
v -0.40548250 -0.28768963 -0.80575383
v -0.39116001 -0.28482354 -0.82201523
v -0.37619776 -0.26373804 -0.80746675
v -0.36956993 -0.29029882 -0.82246345
v -0.35868868 -0.31861278 -0.81963372
v -0.25835353 0.00427646 -0.72323859
v -0.24520029 -0.02545744 -0.72215718
v -0.22935826 -0.02981889 -0.71777642
v -0.23968832 -0.05775484 -0.72386277
v -0.25356317 -0.04978346 -0.73228407
v -0.21250315 -0.03354583 -0.71903008
v -0.22180833 -0.06194648 -0.72775823
v -0.23382512 -0.08797497 -0.73365998
v -0.20984416 -0.05989185 -0.74194837
v -0.21999972 -0.08652208 -0.74914950
v -0.23147991 -0.11059161 -0.75436395
v -0.24800064 -0.11053488 -0.74038088
v -0.26004457 -0.13072450 -0.75097591
v -0.20637110 -0.08451594 -0.76576138
v -0.21497755 -0.11190163 -0.76644850
v -0.18637787 -0.09118441 -0.76165718
v -0.19568455 -0.11616591 -0.77387059
v -0.16876955 -0.09827357 -0.75415015
v -0.17790435 -0.06563897 -0.74879879
v -0.16258843 -0.07290506 -0.74071509
v -0.14589921 -0.07964318 -0.73179859
v -0.15187007 -0.10535917 -0.74229813
v -0.13036892 -0.08629142 -0.71651977
v -0.13430499 -0.11122649 -0.72596496
v -0.11538907 -0.09180282 -0.69559342
v -0.11792544 -0.11589856 -0.70323414
v -0.10112265 -0.09643944 -0.67275739
v -0.11037410 -0.06826358 -0.68828946
v -0.09586567 -0.07270520 -0.66849101
v -0.08221456 -0.07685792 -0.64627528
v -0.09055416 -0.04930034 -0.66493130
v -0.07888523 -0.05339321 -0.64276117
v -0.06488290 -0.05796485 -0.62047327
v -0.07630007 -0.03165052 -0.63983405
v -0.06210682 -0.03648579 -0.61754948
v -0.04364163 -0.03950049 -0.59681392
v -0.06070483 -0.01638372 -0.61403948
v -0.04362138 -0.01865682 -0.59213167
v -0.02671832 -0.01719426 -0.57146966
v -0.04887782 0.00383803 -0.58501911
v -0.03815819 0.00547558 -0.56204569
v -0.02576284 0.00958855 -0.54438674
v -0.05839287 0.02164295 -0.55253714
v -0.04724070 0.02940879 -0.53587776
v -0.02974077 0.03934814 -0.52332431
v -0.06963995 0.04647221 -0.52730548
v -0.05310578 0.05809763 -0.51200265
v -0.02807142 0.07064743 -0.50553644
v -0.07569697 0.09018596 -0.51059061
v -0.05442440 0.10565613 -0.49335128
v -0.02351642 0.11419664 -0.47914073
v -0.00396247 0.07265518 -0.48889458
v 0.00397190 0.10415483 -0.45857358
v 0.02355796 0.07508332 -0.47582492
v 0.03930800 0.08830614 -0.43859780
v 0.04825400 0.06820837 -0.44010147
v 0.06409593 0.06647187 -0.41002658
v 0.06540466 0.08260553 -0.40954265
v 0.09133749 0.06579553 -0.37869734
v 0.08850735 0.05379989 -0.38755354
v 0.06930117 0.10863987 -0.40671083
v 0.10020640 0.08739606 -0.37552643
v 0.07648325 0.13309351 -0.39493245
v 0.10703343 0.11000921 -0.36408520
v 0.14346980 0.09690824 -0.33967695
v 0.11738893 0.13416986 -0.35605159
v 0.14917611 0.12141420 -0.32769576
v 0.17961769 0.10795353 -0.30225044
v 0.17204392 0.07653160 -0.31174976
v 0.20512216 0.09725697 -0.27487978
v 0.20432499 0.06633590 -0.28901124
v 0.23384671 0.08489349 -0.24891831
v 0.23383014 0.05272954 -0.25813803
v 0.23030950 0.01987110 -0.25963324
v 0.25804850 0.04143335 -0.22739127
v 0.25706822 0.07289235 -0.22129427
v 0.28274298 0.06197377 -0.19481200
v 0.25651905 0.09876332 -0.21167774
v 0.28119496 0.08832121 -0.18692772
v 0.30436271 0.07886690 -0.15859798
v 0.28374162 0.11741999 -0.18196999
v 0.30903336 0.10605992 -0.15203302
v 0.32436758 0.09676342 -0.12026593
v 0.30730119 0.13561603 -0.14388040
v 0.32664341 0.12323019 -0.11380133
v 0.34066203 0.11294360 -0.08151376
v 0.32585171 0.15135160 -0.10775621
v 0.34656471 0.14224243 -0.07977807
v 0.35540017 0.13305569 -0.04373062
v 0.34938711 0.10415713 -0.04676121
v 0.36850798 0.12589467 -0.01402326
v 0.36451402 0.09569006 -0.01712499
v 0.38726327 0.11810648 0.01145686
v 0.38867739 0.09064090 0.00114305
v 0.40540296 0.10918401 0.03237931
v 0.40679178 0.08306714 0.02314521
v 0.41947389 0.09769416 0.05805052
v 0.40386224 0.13573304 0.04287501
v 0.42135993 0.12517489 0.06810372
v 0.43689254 0.11410157 0.08815972
v 0.42427748 0.15142582 0.07694283
v 0.43962815 0.13780588 0.09843811
v 0.45397529 0.12452689 0.12296504
v 0.42532867 0.17576627 0.08874755
v 0.40606481 0.18587333 0.06721194
v 0.40808117 0.21456641 0.07687589
v 0.42659572 0.20244983 0.09743652
v 0.40646771 0.16207184 0.05322048
v 0.38972908 0.17217037 0.02739066
v 0.38884854 0.19722636 0.03899541
v 0.39080563 0.14705878 0.01481795
v 0.37419018 0.15531868 -0.01119466
v 0.37399551 0.18198286 0.00011384
v 0.35944828 0.19177738 -0.02947406
v 0.35391536 0.21546432 -0.01140893
v 0.37369725 0.20851794 0.01157121
v 0.35879728 0.16299692 -0.03866754
v 0.34492573 0.17317453 -0.06981191
v 0.34202006 0.19920959 -0.05550431
v 0.32665184 0.20730825 -0.08468631
v 0.32385677 0.23266947 -0.06920584
v 0.33980793 0.22520405 -0.04123200
v 0.32577714 0.17951334 -0.09618900
v 0.30872378 0.18594667 -0.12264797
v 0.30810517 0.21360500 -0.10954009
v 0.30420852 0.15888621 -0.13177773
v 0.28187597 0.16459268 -0.15181550
v 0.28884986 0.19054590 -0.14665338
v 0.28256226 0.14357057 -0.16644183
v 0.26198587 0.14805414 -0.19216652
v 0.26633665 0.17320725 -0.17904636
v 0.25705481 0.12322235 -0.20193441
v 0.23212025 0.13317055 -0.22692902
v 0.23629925 0.15557623 -0.21649911
v 0.23086423 0.11016529 -0.23717658
v 0.20216134 0.12002597 -0.25758061
v 0.20496309 0.14004451 -0.24735783
v 0.18250231 0.15188764 -0.27027315
v 0.18750755 0.17487851 -0.26317275
v 0.21357393 0.16395609 -0.24131054
v 0.17933270 0.13203824 -0.28374022
v 0.15262461 0.14289032 -0.31059232
v 0.15973780 0.16565925 -0.29841414
v 0.13517748 0.17976700 -0.32574823
v 0.14117809 0.20426086 -0.30802321
v 0.16332141 0.18960358 -0.28610003
v 0.12538776 0.15698673 -0.33922347
v 0.09243308 0.17267065 -0.36184919
v 0.10397360 0.19251367 -0.34816366
v 0.08419628 0.15394603 -0.37824911
v 0.04528943 0.17444518 -0.39485833
v 0.05811108 0.18795222 -0.37590182
v 0.02833103 0.20390421 -0.38664845
v 0.04136065 0.22253506 -0.37007025
v 0.07232351 0.20538566 -0.36467022
v 0.00788573 0.18737538 -0.40149093
v -0.01741516 0.20620865 -0.40706271
v 0.00565767 0.22258145 -0.38888967
v -0.00705343 0.24264455 -0.39294022
v 0.01367935 0.25752491 -0.36725309
v 0.02040999 0.23885718 -0.36453897
v -0.03316263 0.22761649 -0.40683964
v -0.04063807 0.25183907 -0.40718290
v -0.01700955 0.26536030 -0.39082995
v -0.05957747 0.21646933 -0.42335963
v -0.06670808 0.24227186 -0.42599314
v -0.07074892 0.26881027 -0.42894870
v -0.04937102 0.27474767 -0.40190524
v -0.09089191 0.20782378 -0.42637071
v -0.09837126 0.23585619 -0.43651062
v -0.11480860 0.19853400 -0.44225278
v -0.12439258 0.22685818 -0.45023412
v -0.13798399 0.18412849 -0.45561880
v -0.15047978 0.21253495 -0.45902890
v -0.15847656 0.16686621 -0.47782838
v -0.16813087 0.19314983 -0.48245195
v -0.16825143 0.15450828 -0.50804919
v -0.17723648 0.17753622 -0.50979102
v -0.17982580 0.14446490 -0.53435445
v -0.18835154 0.16625221 -0.53386426
v -0.18825957 0.18184820 -0.53587228
v -0.19635458 0.15962048 -0.55704391
v -0.20481557 0.17289498 -0.55211210
v -0.21466130 0.15532720 -0.57409757
v -0.21970935 0.17437568 -0.57541096
v -0.23124677 0.15238394 -0.59163970
v -0.23772219 0.16980511 -0.59066510
v -0.20704371 0.13317466 -0.57381529
v -0.22500119 0.12954779 -0.58891088
v -0.19834696 0.10674288 -0.57542562
v -0.21340698 0.10434648 -0.59451717
v -0.18618262 0.08693234 -0.58568007
v -0.20376477 0.08449345 -0.60346377
v -0.18242103 0.06393849 -0.59175789
v -0.20027763 0.06119553 -0.60848075
v -0.21781567 0.05861538 -0.62735063
v -0.19102585 0.04060907 -0.62202823
v -0.17678475 0.03786423 -0.60183150
v -0.15775855 0.02509473 -0.61935985
v -0.17449510 0.03317088 -0.63847089
v -0.13837846 0.02915606 -0.63119292
v -0.15702294 0.03197847 -0.64994955
v -0.12108594 0.02838197 -0.64075655
v -0.14006315 0.02942391 -0.65985078
v -0.15855357 0.03068693 -0.67996448
v -0.12403017 0.02622585 -0.66920942
v -0.14115301 0.02671561 -0.68963099
v -0.15930654 0.01489766 -0.71033192
v -0.17664357 0.02178330 -0.70309842
v -0.17396790 -0.00497050 -0.72986531
v -0.18924993 -0.00491545 -0.71768898
v -0.18472241 -0.03270836 -0.74103957
v -0.19975506 -0.03227212 -0.73126501
v -0.19516762 -0.05841519 -0.75468993
v -0.16766061 -0.03923828 -0.73977000
v -0.15762448 -0.01554864 -0.72698498
v -0.15365022 -0.04789566 -0.73141831
v -0.14011165 -0.05607953 -0.72057527
v -0.12537970 -0.06291874 -0.70679331
v -0.10768426 -0.04585214 -0.68147534
v -0.10541634 -0.02489581 -0.67827624
v -0.08964959 -0.02740256 -0.66118830
v -0.10814168 -0.00611139 -0.67588305
v -0.09111796 -0.00771159 -0.65840459
v -0.07436012 -0.01146986 -0.63758743
v -0.09394578 0.01114567 -0.65628970
v -0.07884134 0.00674732 -0.63312215
v -0.06174640 0.00432802 -0.60965449
v -0.08843414 0.02181892 -0.62700367
v -0.07487505 0.01978687 -0.60169262
v -0.06680220 0.01761784 -0.57585013
v -0.09512743 0.02029105 -0.59516871
v -0.09003482 0.01942875 -0.56815803
v -0.08435339 0.02811217 -0.54239291
v -0.10490515 0.02815147 -0.61938858
v -0.10311283 0.02830040 -0.65075469
v -0.11425106 0.01122086 -0.67360759
v -0.13099857 0.00930444 -0.69091517
v -0.14504546 0.00166576 -0.71073049
v -0.18184020 0.11373608 -0.56049168
v -0.19248119 0.13660549 -0.55528289
v -0.17426184 0.12140688 -0.53366524
v -0.15248397 0.13285124 -0.50988454
v -0.13803941 0.14346011 -0.48255372
v -0.11858592 0.12190468 -0.48769993
v -0.11872224 0.15746997 -0.46003395
v -0.10058621 0.12957506 -0.46050847
v -0.08459859 0.10049776 -0.46078193
v -0.10782847 0.08957858 -0.48138392
v -0.06352365 0.29191184 -0.38947004
v -0.04943899 0.30121532 -0.36577025
v -0.03171586 0.28947431 -0.38390177
v -0.04001383 0.31069213 -0.33957347
v -0.01520108 0.30477315 -0.36037695
v 0.00180816 0.28017151 -0.36685270
v -0.00761414 0.31036642 -0.33341700
v 0.00877606 0.29444885 -0.34451786
v 0.01841788 0.27377635 -0.34893376
v 0.01097611 0.31400639 -0.32982579
v 0.02418449 0.29933855 -0.34057119
v 0.04831015 0.28421700 -0.35227454
v 0.03001205 0.25798085 -0.35744542
v 0.07420018 0.26842356 -0.34652519
v 0.05685323 0.24454235 -0.36174181
v 0.10203807 0.25459784 -0.33573446
v 0.08803584 0.22914916 -0.35035011
v 0.12432189 0.24039435 -0.31527954
v 0.11599974 0.21773769 -0.33206108
v 0.14567950 0.22600000 -0.29573995
v 0.13084452 0.26725253 -0.30549899
v 0.15899101 0.25455022 -0.29048526
v 0.17977831 0.24411002 -0.26373780
v 0.17102072 0.21548319 -0.27960584
v 0.20055221 0.23509640 -0.24239369
v 0.19637764 0.20380439 -0.25621757
v 0.22221971 0.22393237 -0.22278948
v 0.21915556 0.19248828 -0.23153149
v 0.24975501 0.21373963 -0.20162702
v 0.24346337 0.18158019 -0.20889203
v 0.27184886 0.20134073 -0.17278993
v 0.24870612 0.23996261 -0.18634418
v 0.27006298 0.22964999 -0.16128987
v 0.29147822 0.22114819 -0.13639721
v 0.27358410 0.25322321 -0.15283886
v 0.29374745 0.24706940 -0.12492225
v 0.30903992 0.23991682 -0.09783322
v 0.29572225 0.27488831 -0.11514226
v 0.31164628 0.26804662 -0.08925804
v 0.32508877 0.26011741 -0.05865031
v 0.30953923 0.29586923 -0.07799005
v 0.32490799 0.28758538 -0.04970072
v 0.33327338 0.27781880 -0.01509163
v 0.33572409 0.25057691 -0.02573089
v 0.34676495 0.26921546 0.01569735
v 0.34819463 0.23957901 0.00583971
v 0.36659274 0.26257777 0.03826023
v 0.36777917 0.23188032 0.02944222
v 0.38490742 0.25335300 0.06451201
v 0.38507167 0.22184497 0.05616209
v 0.40700689 0.24301486 0.08307616
v 0.38662896 0.28413886 0.06266467
v 0.40427023 0.27133071 0.08709764
v 0.42374811 0.25836232 0.11268975
v 0.42545533 0.22884697 0.10543995
v 0.44380859 0.24174847 0.13757776
v 0.42590687 0.28759998 0.11343151
v 0.44287717 0.26841503 0.14110182
v 0.46599767 0.24991934 0.16904476
v 0.46530989 0.22425847 0.16672599
v 0.48732114 0.23022410 0.19503142
v 0.48610198 0.20881610 0.19477272
v 0.49531171 0.20924327 0.23104590
v 0.49434531 0.18566576 0.22823076
v 0.50076318 0.16222683 0.22708791
v 0.50178134 0.14199692 0.26497239
v 0.50762552 0.12249081 0.26876950
v 0.50487572 0.14249291 0.22916022
v 0.51032633 0.10895273 0.27403772
v 0.50502193 0.12202555 0.23380995
v 0.50815010 0.08524019 0.28551179
v 0.50505292 0.09711811 0.24098825
v 0.51101840 0.10607967 0.20926252
v 0.50694048 0.11229178 0.19304994
v 0.51201153 0.06059062 0.25229633
v 0.52094328 0.07403065 0.21674103
v 0.54638320 0.03836095 0.26300502
v 0.52298242 0.05081561 0.30134052
v 0.55505699 0.04110733 0.29836538
v 0.54032284 0.05465016 0.33156711
v 0.55374157 0.03669724 0.32683539
v 0.54677612 0.04860434 0.35623825
v 0.55585343 0.02962655 0.35652050
v 0.54809421 0.03311765 0.39246321
v 0.56438965 0.01522610 0.39099824
v 0.55371225 0.02546215 0.42633981
v 0.53770596 0.05336103 0.39057764
v 0.54161805 0.04877535 0.42021531
v 0.54148138 0.04231551 0.44751731
v 0.52812189 0.07354110 0.41352516
v 0.53040648 0.07426578 0.43198907
v 0.52627206 0.06605896 0.45304817
v 0.51770604 0.10002422 0.41655961
v 0.51262397 0.09325877 0.42955023
v 0.50114352 0.09101704 0.44437408
v 0.49776086 0.13222057 0.40185428
v 0.49173358 0.13616619 0.41665742
v 0.48530689 0.13467038 0.43023968
v 0.49313667 0.16744229 0.39182580
v 0.48041564 0.16381678 0.40075845
v 0.45834428 0.16125005 0.41041195
v 0.46992823 0.18275297 0.36534721
v 0.44616568 0.17855674 0.37901974
v 0.42089429 0.16993093 0.39547139
v 0.43254927 0.19568858 0.34902418
v 0.40612152 0.18502063 0.37060833
v 0.37756720 0.17225730 0.39485437
v 0.39424711 0.15873662 0.41702294
v 0.35340995 0.15991724 0.41933405
v 0.37091354 0.14857560 0.43900204
v 0.32969463 0.14487350 0.43315324
v 0.35166970 0.12511617 0.45224786
v 0.31349519 0.13021126 0.44223541
v 0.33349958 0.10527921 0.46530417
v 0.29835120 0.11134353 0.44475293
v 0.29624143 0.15838644 0.41827101
v 0.28080437 0.14219612 0.41693950
v 0.25815007 0.12088892 0.42320859
v 0.26463830 0.17453578 0.38908964
v 0.24257386 0.15424025 0.39128047
v 0.21504100 0.13411480 0.40485364
v 0.22862856 0.18709245 0.35761285
v 0.19840349 0.16349682 0.36793050
v 0.16481224 0.15421134 0.38934320
v 0.18073347 0.19934180 0.31628293
v 0.14295271 0.18747598 0.34356797
v 0.12410695 0.18047959 0.37936607
v 0.14521246 0.14207822 0.41295898
v 0.11248594 0.16104281 0.40519708
v 0.13282868 0.12565985 0.43437988
v 0.10779078 0.14174524 0.42119807
v 0.09465045 0.19602880 0.37772354
v 0.09000220 0.17617881 0.39137763
v 0.08456615 0.15920088 0.39531398
v 0.10023510 0.11903358 0.42433959
v 0.07055853 0.13105714 0.40028399
v 0.06398056 0.19477212 0.36913133
v 0.05449817 0.17242792 0.37088943
v 0.03906532 0.14218843 0.38381398
v 0.04718870 0.10808161 0.41393021
v 0.03939675 0.09265754 0.40739450
v 0.02547394 0.12253344 0.39262539
v 0.02104051 0.06615347 0.39521971
v 0.03001936 0.17526904 0.34788561
v 0.01686022 0.14715797 0.36421996
v 0.00881758 0.19938642 0.32318568
v 0.00593584 0.17219684 0.33361772
v -0.01271217 0.21514314 0.29629326
v -0.01508033 0.19157544 0.30592960
v -0.01418573 0.15266812 0.31953251
v -0.03440030 0.11487418 0.34791821
v -0.03159656 0.20524299 0.28275278
v -0.03898354 0.16287354 0.29499567
v -0.05315686 0.12487307 0.32419038
v -0.07385314 0.10304129 0.35354853
v -0.05350726 0.09132090 0.36855954
v -0.06432267 0.17404106 0.28185502
v -0.07684006 0.13854668 0.30517247
v -0.09104514 0.10881701 0.33095825
v -0.10393557 0.07555038 0.35022849
v -0.07902307 0.06683645 0.36452267
v -0.10233769 0.15341248 0.29786247
v -0.11334176 0.11901942 0.31509250
v -0.12731124 0.08680934 0.33637124
v -0.14510012 0.05533132 0.36453918
v -0.11609860 0.04195619 0.37054703
v -0.13759470 0.13328040 0.31386405
v -0.15299462 0.09974450 0.32986039
v -0.17350334 0.06522122 0.34902003
v -0.17975265 0.02646166 0.36136591
v -0.15181185 0.01370138 0.37510556
v -0.17809844 0.10708874 0.31860811
v -0.19238992 0.07208341 0.32543352
v -0.19963025 0.03987473 0.33665156
v -0.21210685 0.00722593 0.35381037
v -0.18425858 -0.00627971 0.37627703
v -0.20873705 0.08300449 0.31332362
v -0.21891066 0.05115435 0.32656026
v -0.23105229 0.01701021 0.33443296
v -0.24052355 -0.01580188 0.34557033
v -0.22027308 -0.02976307 0.36662677
v -0.24593526 0.06224416 0.31207746
v -0.25500214 0.02865228 0.32113707
v -0.26693445 -0.00479779 0.33008376
v -0.27828860 -0.03963590 0.33850098
v -0.25178009 -0.05070150 0.35968506
v -0.28350830 0.03992133 0.30468684
v -0.29217717 0.00558347 0.30871880
v -0.29936370 -0.02630846 0.31552681
v -0.30604443 -0.06077956 0.32648027
v -0.28639862 -0.07695463 0.34847313
v -0.31710777 0.01736841 0.29035646
v -0.32121614 -0.01283546 0.29442695
v -0.32728380 -0.04594351 0.30633837
v -0.33412480 -0.08424230 0.31819099
v -0.31217730 -0.09842999 0.33754134
v -0.34447187 -0.00017989 0.27943265
v -0.35307869 -0.03405698 0.29032904
v -0.35864905 -0.07134055 0.30036175
v -0.36316153 -0.11221695 0.30488658
v -0.33843455 -0.12376867 0.32266220
v -0.37835169 -0.02339895 0.26983470
v -0.38528180 -0.06056993 0.28349981
v -0.38268414 -0.09212621 0.28023270
v -0.41056073 -0.05177127 0.25856528
v -0.40793139 -0.07879858 0.25852770
v -0.40765223 -0.09993322 0.25835776
v -0.41823259 -0.12581968 0.26751053
v -0.42706066 -0.06570011 0.23217589
v -0.42752114 -0.08473101 0.23355035
v -0.43433768 -0.10471837 0.23814893
v -0.44423103 -0.12160747 0.24748707
v -0.42328796 -0.14919612 0.26811340
v -0.45087048 -0.07588877 0.21152996
v -0.45479119 -0.09194514 0.21128911
v -0.46451917 -0.10750087 0.21518572
v -0.47653529 -0.12552164 0.22212806
v -0.46265480 -0.14307828 0.25429881
v -0.47465199 -0.08148886 0.18353820
v -0.48020974 -0.09420006 0.18522787
v -0.48596793 -0.10605756 0.19257388
v -0.49762666 -0.11530621 0.20745814
v -0.49044511 -0.14073630 0.23340052
v -0.49353826 -0.07877749 0.15573022
v -0.50195974 -0.08666436 0.16314799
v -0.51524341 -0.09843285 0.17687237
v -0.53271508 -0.11448572 0.19728988
v -0.51507729 -0.13246492 0.22623037
v -0.52053553 -0.08215322 0.13641959
v -0.53255880 -0.09031035 0.15015209
v -0.55837369 -0.10623466 0.17427751
v -0.57618642 -0.13959226 0.19132552
v -0.55657500 -0.13760380 0.21664214
v -0.56019717 -0.09151932 0.13439271
v -0.57783759 -0.11815667 0.15695894
v -0.58775795 -0.14629519 0.17376584
v -0.59323722 -0.12659146 0.14151007
v -0.59948391 -0.15288053 0.15940821
v -0.60430688 -0.13574031 0.11772254
v -0.61276782 -0.15819421 0.14160654
v -0.60799742 -0.14589721 0.09857140
v -0.62073922 -0.16517326 0.11719514
v -0.61203039 -0.16037768 0.08249985
v -0.62231433 -0.17522778 0.09072590
v -0.63399649 -0.19027977 0.10772242
v -0.62066394 -0.18730396 0.06950834
v -0.61696345 -0.17071688 0.06287380
v -0.61367464 -0.13286145 0.06926221
v -0.59580803 -0.12331257 0.08671702
v -0.59847647 -0.10361916 0.07550029
v -0.60715264 -0.11376987 0.05307439
v -0.61479837 -0.09623824 0.04633065
v -0.63222641 -0.07361718 0.03352642
v -0.64282423 -0.04267392 0.01017754
v -0.64450198 -0.01704287 -0.01946205
v -0.63585150 -0.03803088 -0.04057219
v -0.62451911 0.00337066 -0.01218878
v -0.62077528 0.02350450 -0.04431588
v -0.63807726 0.00381606 -0.05276189
v -0.62164605 0.02691461 0.00345006
v -0.61890340 0.04817637 -0.02874866
v -0.60786158 0.06419720 -0.06015366
v -0.61893755 0.04559714 -0.07278316
v -0.60617530 0.05382475 0.01324545
v -0.59900141 0.07078283 -0.01807723
v -0.59821385 0.08828291 -0.04590438
v -0.58519840 0.10064816 -0.07210340
v -0.59297866 0.07957913 -0.08782876
v -0.58190644 0.09710546 -0.11329386
v -0.58754528 0.07521787 -0.12787510
v -0.60216582 0.06070016 -0.09945079
v -0.57163286 0.11047519 -0.09556969
v -0.59850574 0.06031822 -0.14235310
v -0.60517347 0.04294892 -0.11071011
v -0.62320244 0.02374455 -0.08361053
v -0.60741782 0.02294615 -0.12366681
v -0.62510002 0.00740049 -0.09636566
v -0.63416260 -0.01450701 -0.06939624
v -0.60995328 -0.01387908 -0.11284935
v -0.60418600 0.00362422 -0.14535004
v -0.60529143 -0.02124230 -0.16224298
v -0.60904270 -0.04084173 -0.13616699
v -0.61356002 -0.05989585 -0.16028023
v -0.61186594 -0.07203996 -0.18487430
v -0.61118507 -0.09747815 -0.16458277
v -0.60240090 -0.09034434 -0.20827197
v -0.61210072 -0.11785438 -0.19211455
v -0.62510115 -0.14092135 -0.17915283
v -0.61429846 -0.12449431 -0.14980716
v -0.62416637 -0.15421331 -0.13104171
v -0.61725295 -0.12636150 -0.22214717
v -0.63247430 -0.15145618 -0.21033449
v -0.61422104 -0.13232118 -0.24814793
v -0.63168162 -0.16007057 -0.24075089
v -0.62373435 -0.16631997 -0.26728311
v -0.60417217 -0.10015178 -0.23730367
v -0.60494721 0.01977924 -0.16891481
v -0.59761518 0.03820292 -0.15586674
v -0.59646124 0.05377272 -0.17812794
v -0.58966720 0.07100337 -0.16566268
v -0.57777351 0.08089977 -0.18828830
v -0.59078526 0.05338748 0.06254031
v -0.57118094 0.02766995 0.08420777
v -0.55946547 0.03862092 0.09940704
v -0.57808423 0.06780007 0.08734226
v -0.54761082 0.04270045 0.12045554
v -0.56180120 0.07642689 0.11662674
v -0.53489816 0.04757503 0.14831418
v -0.53563833 0.07997832 0.14051729
v -0.53950834 0.11152555 0.12949820
v -0.51981384 0.07490787 0.17026712
v -0.52135485 0.11042564 0.16058701
v -0.51601511 0.14444725 0.14084490
v -0.53543478 0.14464809 0.11412327
v -0.50882757 0.17251590 0.12075603
v -0.52382517 0.17125966 0.09637940
v -0.50081778 0.19625208 0.10347968
v -0.51849496 0.19566309 0.08633357
v -0.53961849 0.19257194 0.05728208
v -0.50975960 0.21916872 0.07015260
v -0.53252393 0.21438062 0.04564014
v -0.53530437 0.20728360 0.00846572
v -0.54724443 0.18781757 0.01759547
v -0.53234887 0.20430559 -0.02858651
v -0.54252779 0.18151414 -0.01946072
v -0.53827620 0.20569369 -0.06145528
v -0.54729062 0.18463236 -0.05462117
v -0.52807724 0.20595321 -0.09428763
v -0.53854579 0.18067311 -0.08271244
v -0.52738732 0.19996780 -0.12998146
v -0.52969462 0.17041098 -0.11508109
v -0.53321558 0.23564416 -0.10302882
v -0.52946168 0.23037273 -0.13448392
v -0.53512907 0.22339298 -0.16995859
v -0.53082579 0.25207099 -0.13377337
v -0.53443646 0.24981655 -0.16774225
v -0.53947574 0.24816230 -0.19226201
v -0.54716486 0.22153412 -0.19396475
v -0.53725696 0.24872321 -0.21038270
v -0.54490870 0.22339672 -0.20736852
v -0.53072917 0.24991849 -0.22634923
v -0.53776664 0.22598726 -0.22119324
v -0.54471099 0.19264087 -0.21134576
v -0.52379203 0.22292802 -0.23216182
v -0.53056782 0.19074890 -0.22311439
v -0.55612397 0.15814750 -0.20970355
v -0.50524694 0.21806091 -0.24710083
v -0.51246202 0.24603742 -0.23980175
v -0.49599111 0.24403813 -0.26241010
v -0.48317039 0.23657145 -0.27083376
v -0.48888773 0.26188168 -0.26888454
v -0.47346461 0.25818413 -0.27452350
v -0.44425869 0.24461147 -0.27899030
v -0.46156043 0.22165143 -0.26956537
v -0.42561936 0.23128402 -0.29669937
v -0.43132049 0.20371939 -0.28668097
v -0.41460824 0.21501525 -0.30652574
v -0.42141858 0.19030845 -0.31290352
v -0.42662212 0.24189827 -0.29313418
v -0.40259099 0.22636136 -0.29566252
v -0.37898567 0.21717024 -0.30902994
v -0.38267320 0.24747375 -0.29400501
v -0.36862183 0.23763238 -0.30580443
v -0.37458670 0.26029727 -0.28505003
v -0.36102733 0.25028825 -0.29537076
v -0.36875388 0.26986694 -0.26871791
v -0.38449949 0.28014269 -0.25887001
v -0.38035747 0.27849871 -0.23172268
v -0.35917813 0.27065778 -0.24437419
v -0.39330405 0.26592469 -0.26991713
v -0.42277181 0.26766270 -0.26072472
v -0.40381444 0.27531070 -0.23935848
v -0.40915108 0.25223139 -0.27776229
v -0.43711424 0.26159984 -0.27315554
v -0.45624894 0.27306563 -0.27250892
v -0.44578651 0.27689797 -0.25586024
v -0.44302121 0.25699615 -0.28551015
v -0.46497825 0.26913598 -0.28096488
v -0.48395661 0.26857775 -0.26873684
v -0.47289041 0.26979235 -0.25777304
v -0.49188006 0.27133632 -0.23688462
v -0.47922292 0.27808386 -0.22146586
v -0.45963085 0.27623746 -0.24109924
v -0.49933878 0.27162644 -0.24794191
v -0.50210023 0.26425728 -0.24489646
v -0.52243894 0.26661748 -0.22837497
v -0.53059560 0.26793021 -0.21008220
v -0.53429139 0.26923472 -0.19087085
v -0.53151786 0.26847246 -0.16819200
v -0.52720219 0.27927807 -0.17031534
v -0.52162230 0.27287388 -0.14321177
v -0.52940452 0.26499847 -0.13777265
v -0.52736658 0.26144743 -0.10831334
v -0.51972926 0.27548996 -0.11140389
v -0.53756166 0.25063658 -0.10406666
v -0.52980191 0.24564567 -0.07652330
v -0.51951462 0.26432985 -0.08104239
v -0.53391391 0.22897889 -0.07054262
v -0.52664733 0.22804452 -0.03668487
v -0.52381414 0.24951018 -0.04272909
v -0.53210044 0.23074183 0.00037627
v -0.52579284 0.25407571 -0.00957964
v -0.51493818 0.27400923 -0.02237385
v -0.51923388 0.26901281 -0.05038763
v -0.49978191 0.28606230 -0.03853092
v -0.50990266 0.28006655 -0.06025375
v -0.51612866 0.27904698 -0.08486409
v -0.50102669 0.28124514 -0.00025505
v -0.48529935 0.29303527 -0.02179303
v -0.47124004 0.30176196 -0.04344387
v -0.46713519 0.30010244 -0.00808886
v -0.45243350 0.30489773 -0.03556396
v -0.43537673 0.31486574 -0.06458985
v -0.45018572 0.30271173 -0.06430579
v -0.42827222 0.33339006 -0.09224422
v -0.43597424 0.32191849 -0.09610790
v -0.41731995 0.34601048 -0.11864958
v -0.42545113 0.33285394 -0.12408855
v -0.40727663 0.36098036 -0.14391261
v -0.41706344 0.34299892 -0.15295547
v -0.39717329 0.37272614 -0.16443376
v -0.40882766 0.34954199 -0.17539653
v -0.39233416 0.37869141 -0.17991084
v -0.40627205 0.35888946 -0.18960315
v -0.41347897 0.32905197 -0.19542193
v -0.39644772 0.35234675 -0.18569008
v -0.40667334 0.32685122 -0.20394234
v -0.41134244 0.30491447 -0.21270223
v -0.42235526 0.29783672 -0.20028059
v -0.43113801 0.28009072 -0.23125336
v -0.44761693 0.28264832 -0.22238272
v -0.39976481 0.29395092 -0.21988571
v -0.39464074 0.31825751 -0.19943120
v -0.36647561 0.30095506 -0.19703898
v -0.37400430 0.34503242 -0.18838084
v -0.34684208 0.33436987 -0.19288737
v -0.31558880 0.31477296 -0.19822386
v -0.33786809 0.27706113 -0.20157866
v -0.33545807 0.35828367 -0.18368861
v -0.30190498 0.33774412 -0.18206131
v -0.31875992 0.37834448 -0.17540824
v -0.28720492 0.36284897 -0.17248975
v -0.26364627 0.35541579 -0.18797606
v -0.27551627 0.37700367 -0.15614545
v -0.25506851 0.36890751 -0.16726556
v -0.24087094 0.35779393 -0.16998419
v -0.24936527 0.34016144 -0.19111630
v -0.21187097 0.33566427 -0.17333846
v -0.22181407 0.32654056 -0.20641845
v -0.22872470 0.31638744 -0.23224238
v -0.19789843 0.33458614 -0.23041713
v -0.20903644 0.32295001 -0.25446951
v -0.21749157 0.30739111 -0.28239688
v -0.23129129 0.29534239 -0.26001081
v -0.20184653 0.33766109 -0.27238911
v -0.21091911 0.32210353 -0.29749480
v -0.21761698 0.30517414 -0.32417610
v -0.21068458 0.32982835 -0.30219138
v -0.19865261 0.34462640 -0.27540866
v -0.18602213 0.34597170 -0.27683744
v -0.20645313 0.33091179 -0.30076355
v -0.17572525 0.35315704 -0.28576946
v -0.19162467 0.33214501 -0.29784113
v -0.16702721 0.35402995 -0.28903526
v -0.17624956 0.33375427 -0.30525777
v -0.15538281 0.34674162 -0.28156188
v -0.16705137 0.32693940 -0.30016470
v -0.13686197 0.33809510 -0.27881324
v -0.14598759 0.32107463 -0.29626745
v -0.14593953 0.31113699 -0.31883812
v -0.12195726 0.29077756 -0.31546116
v -0.09879346 0.29821557 -0.30182073
v -0.08840030 0.29163823 -0.31647521
v -0.10857692 0.28101599 -0.33474821
v -0.07569752 0.29541576 -0.33305705
v -0.09456054 0.28458405 -0.35438263
v -0.06478641 0.29881099 -0.34686539
v -0.08146787 0.29305291 -0.37121257
v -0.05923044 0.29889897 -0.31054047
v -0.05269777 0.30531532 -0.32196036
v -0.04309531 0.31156743 -0.29534715
v -0.03815763 0.30910170 -0.29965711
v -0.03136304 0.31662112 -0.31469887
v -0.00861011 0.32311457 -0.31311896
v -0.00091252 0.33613065 -0.28817573
v 0.01622140 0.33346331 -0.30255228
v -0.00056849 0.33660203 -0.26764774
v 0.01710648 0.33468634 -0.27865905
v 0.03654573 0.33461565 -0.29056251
v 0.03385055 0.32861245 -0.31997138
v 0.05519149 0.32866552 -0.30046037
v 0.06098909 0.31597528 -0.33188629
v 0.09056891 0.32740852 -0.30714893
v 0.08720959 0.29557464 -0.32776272
v 0.11342831 0.31273216 -0.29762265
v 0.10948130 0.28208372 -0.31788278
v 0.13832073 0.30294928 -0.28585202
v 0.11061325 0.33288410 -0.27372018
v 0.13433300 0.31986696 -0.25614017
v 0.15014301 0.30527478 -0.24177080
v 0.16237651 0.29028797 -0.26584831
v 0.17414200 0.29365927 -0.23050253
v 0.18097121 0.27094066 -0.24410629
v 0.20189314 0.28167433 -0.21574815
v 0.19989800 0.25785375 -0.22488680
v 0.22129689 0.27089858 -0.19530363
v 0.22183539 0.25056723 -0.20857194
v 0.24951379 0.26275891 -0.17858985
v 0.22601008 0.29819217 -0.19365303
v 0.25293082 0.29146802 -0.17340131
v 0.27985305 0.28386357 -0.14711124
v 0.25409624 0.32624388 -0.16546562
v 0.27874506 0.31692529 -0.13743600
v 0.29632181 0.30526721 -0.10790181
v 0.27304158 0.34792024 -0.12768683
v 0.29351118 0.33787492 -0.10082321
v 0.30903912 0.32838649 -0.07240503
v 0.28492925 0.36627692 -0.08455577
v 0.29989660 0.35705799 -0.05410407
v 0.31390005 0.34842014 -0.02712096
v 0.32619241 0.32037842 -0.04581361
v 0.33042613 0.33894926 -0.00190192
v 0.33483246 0.30847609 -0.01113745
v 0.34578779 0.32945433 0.02409531
v 0.35179698 0.30179793 0.01298849
v 0.35984832 0.31734386 0.05398619
v 0.36884806 0.29358369 0.03841616
v 0.38084996 0.30958632 0.07564047
v 0.35488719 0.34477088 0.06635848
v 0.37767094 0.33738640 0.08372535
v 0.39853865 0.32171312 0.10346495
v 0.40312621 0.29951346 0.09599963
v 0.42225835 0.30674356 0.12330164
v 0.38975173 0.33637023 0.12415583
v 0.41854638 0.32316139 0.13954675
v 0.43985805 0.30441254 0.16002737
v 0.44274569 0.28977141 0.14709182
v 0.46077567 0.28493816 0.18478584
v 0.46127576 0.26757306 0.17561536
v 0.47900832 0.26228404 0.21341088
v 0.47937834 0.24419075 0.20600104
v 0.49227396 0.23471427 0.24599780
v 0.49629942 0.22521272 0.23830540
v 0.49822983 0.20861207 0.27977955
v 0.48728216 0.23954572 0.25510776
v 0.49321690 0.21520489 0.29220831
v 0.49965596 0.19110584 0.32468718
v 0.50036961 0.18277609 0.31045273
v 0.50438994 0.16438767 0.35257924
v 0.50208825 0.15670764 0.33487570
v 0.50645536 0.13168746 0.37495643
v 0.50526094 0.12709397 0.35615090
v 0.50670421 0.12822071 0.33041561
v 0.50360042 0.13496602 0.30206630
v 0.51283616 0.09823722 0.37191591
v 0.51298887 0.10348913 0.34347171
v 0.50821024 0.10945943 0.31007442
v 0.52143991 0.07812473 0.35369498
v 0.51557761 0.08989224 0.31875688
v 0.53620136 0.06049865 0.35762107
v 0.52641767 0.07264981 0.32808310
v 0.52417344 0.07221839 0.38545799
v 0.51389068 0.10004085 0.39873323
v 0.50476450 0.13134742 0.38969433
v 0.50464857 0.16799963 0.36508137
v 0.50069684 0.16751820 0.37790233
v 0.49817425 0.19593921 0.33630884
v 0.49517351 0.19380301 0.34541419
v 0.48652199 0.19029725 0.35538530
v 0.48521063 0.21976072 0.31225961
v 0.47565597 0.21437076 0.32047984
v 0.45661312 0.20534948 0.33165625
v 0.46284646 0.23600042 0.29251125
v 0.44317651 0.22687760 0.30742657
v 0.41984770 0.21400455 0.32677603
v 0.42818734 0.24273106 0.28503323
v 0.40411761 0.22844154 0.30438221
v 0.37551749 0.21721259 0.32743579
v 0.39168802 0.19996217 0.34915811
v 0.34829083 0.20695364 0.35225302
v 0.36152470 0.18890533 0.37332487
v 0.31770343 0.19991261 0.37324733
v 0.33278680 0.17814112 0.39483908
v 0.29717845 0.19766149 0.38826340
v 0.30988851 0.17161316 0.41134554
v 0.28149593 0.18802240 0.39093462
v 0.28663296 0.22256353 0.35882670
v 0.27129540 0.21801338 0.36009634
v 0.25210932 0.20536768 0.35565549
v 0.26535821 0.24503654 0.32701084
v 0.24131876 0.23568085 0.31765783
v 0.21651883 0.21903574 0.31207669
v 0.23170780 0.26925570 0.27606708
v 0.20504719 0.25673389 0.26711130
v 0.22439480 0.30434501 0.24957377
v 0.20195478 0.29626945 0.22971445
v 0.22803506 0.33002436 0.21731444
v 0.19973107 0.32453361 0.19975454
v 0.16629370 0.32654187 0.18396936
v 0.13917643 0.33069813 0.17352380
v 0.20728798 0.34150326 0.16258723
v 0.17198686 0.35074604 0.14571893
v 0.14982636 0.36152267 0.13630413
v 0.13026945 0.36424804 0.12383126
v 0.11427034 0.33757293 0.16710445
v 0.18634707 0.37326026 0.11134189
v 0.16216435 0.38183504 0.09745997
v 0.14112084 0.39296398 0.08254831
v 0.11998212 0.40381446 0.06538665
v 0.10567708 0.36910436 0.10716607
v 0.17991512 0.40725404 0.05785060
v 0.15852480 0.41143143 0.04053636
v 0.13777420 0.42541775 0.02240059
v 0.11776709 0.43891507 0.00267913
v 0.10047737 0.41496933 0.04652376
v 0.17895396 0.44281185 -0.00415821
v 0.15693092 0.44729000 -0.02233373
v 0.13929355 0.45434678 -0.03850158
v 0.12082238 0.47037569 -0.05892509
v 0.09726952 0.45393845 -0.01736038
v 0.17934252 0.44970566 -0.06717283
v 0.16225478 0.45678201 -0.07881741
v 0.14244671 0.46956316 -0.09947778
v 0.11644831 0.47650596 -0.12116279
v 0.09469651 0.47811118 -0.08225286
v 0.18392920 0.44570801 -0.11580750
v 0.15806293 0.45389494 -0.13904805
v 0.13235389 0.45884094 -0.15594184
v 0.10242836 0.46693113 -0.17482950
v 0.08398458 0.48246160 -0.14013110
v 0.16595733 0.42529181 -0.16510300
v 0.14159949 0.43266323 -0.18168415
v 0.11489458 0.44128573 -0.19795258
v 0.07906885 0.45062852 -0.21423209
v 0.06409569 0.47001517 -0.18591216
v 0.14449234 0.40463632 -0.19674659
v 0.12154104 0.41360986 -0.21176800
v 0.09215900 0.42774132 -0.22894776
v 0.05003331 0.43091971 -0.23523366
v 0.03765534 0.44671017 -0.21892422
v 0.12696990 0.38840753 -0.22447154
v 0.10542385 0.40234169 -0.24453592
v 0.06452643 0.41623950 -0.26269275
v 0.02419985 0.40083471 -0.25094774
v 0.10822867 0.37262380 -0.24866511
v 0.08019904 0.38510248 -0.27437896
v 0.03655520 0.38570216 -0.27044567
v 0.01198963 0.37646574 -0.25488415
v 0.00046827 0.38821104 -0.24524674
v 0.08521685 0.35712394 -0.27472800
v 0.05286460 0.36960411 -0.28360587
v 0.01843559 0.36155066 -0.27213565
v 0.00021974 0.35201064 -0.25808194
v -0.00304897 0.37146077 -0.25230536
v 0.05657269 0.34682959 -0.29702494
v 0.02650670 0.34082156 -0.28102878
v 0.00715694 0.34088930 -0.26891789
v -0.00582550 0.33662486 -0.25484025
v -0.00715539 0.34499249 -0.25256845
v -0.01573006 0.34651756 -0.25856161
v -0.03161975 0.36561346 -0.25956121
v -0.01311756 0.36839461 -0.25854462
v -0.01285004 0.33504495 -0.25762469
v -0.02399556 0.33005893 -0.26456320
v -0.03295646 0.34489653 -0.26820561
v -0.05043492 0.33573449 -0.27530652
v -0.06681096 0.34926242 -0.27205133
v -0.04907635 0.36090466 -0.26408127
v -0.03954911 0.32616404 -0.27506274
v -0.05423336 0.31883067 -0.28843021
v -0.06682859 0.32625541 -0.28101283
v -0.08110929 0.33194476 -0.27080825
v -0.06833266 0.30604440 -0.30413648
v -0.08042274 0.31496862 -0.29479802
v -0.09302641 0.33505064 -0.26074931
v -0.10761596 0.34011909 -0.25878379
v -0.12370112 0.34944746 -0.26187071
v -0.13482356 0.36074087 -0.26842415
v -0.12255838 0.36440903 -0.24248758
v -0.13115980 0.37823495 -0.24622491
v -0.11605403 0.37568700 -0.21644890
v -0.15006933 0.36492679 -0.26461092
v -0.16333739 0.36684754 -0.25956842
v -0.14251980 0.38594252 -0.24412689
v -0.15205649 0.38139424 -0.23722567
v -0.13495055 0.39309037 -0.21416500
v -0.12401672 0.38831750 -0.21690461
v -0.17182031 0.36707339 -0.25882649
v -0.17736855 0.35890058 -0.25482515
v -0.16033880 0.37111118 -0.23101006
v -0.16850717 0.36091638 -0.22503665
v -0.15003791 0.36301890 -0.19807611
v -0.14364508 0.38074046 -0.20610470
v -0.18490818 0.34881982 -0.24695273
v -0.17807041 0.33816969 -0.20415562
v -0.19964200 0.34858128 -0.15128082
v -0.17020898 0.34703329 -0.17126667
v -0.18972522 0.35487288 -0.12744039
v -0.16200745 0.35786557 -0.14410532
v -0.18123405 0.35964143 -0.10899921
v -0.15497342 0.36379308 -0.12159999
v -0.17680889 0.35630259 -0.08591388
v -0.14880151 0.36187956 -0.09386019
v -0.14452660 0.36108786 -0.06066183
v -0.11781040 0.37657148 -0.06996166
v -0.17368014 0.35317799 -0.05398494
v -0.17575896 0.36227331 -0.02242746
v -0.14685096 0.36536527 -0.02725463
v -0.15394618 0.37933356 -0.00317599
v -0.12585074 0.37674785 -0.00520891
v -0.12033876 0.37984195 -0.03816450
v -0.17913601 0.37695175 -0.00400377
v -0.18606493 0.38519612 0.01491734
v -0.16016816 0.39352435 0.01704489
v -0.20544751 0.37670356 -0.01151434
v -0.21112061 0.38438344 0.00506124
v -0.21951169 0.38698882 0.02603685
v -0.19718388 0.39379472 0.03873582
v -0.22961083 0.38186711 -0.02554449
v -0.23605227 0.38947204 -0.01076320
v -0.24276274 0.39414811 0.00858739
v -0.25339782 0.39265653 0.03202184
v -0.22861940 0.38744819 0.05093063
v -0.25670582 0.39686951 -0.03121899
v -0.26418996 0.39695886 -0.01461464
v -0.27677256 0.39537251 0.00602929
v -0.29019549 0.39284763 0.02890386
v -0.26637319 0.38683602 0.05769829
v -0.28665471 0.39417547 -0.04203695
v -0.30078861 0.39567897 -0.02558083
v -0.31149763 0.39281175 -0.00781129
v -0.32384402 0.38428733 0.01206548
v -0.30246019 0.37902206 0.04800647
v -0.32248217 0.40749291 -0.05871374
v -0.33025834 0.40136904 -0.04308635
v -0.34356439 0.39090502 -0.02427864
v -0.35516810 0.37623706 -0.00549668
v -0.33458570 0.36933228 0.02972557
v -0.33407128 0.39271015 -0.08289254
v -0.34781381 0.37945312 -0.06241130
v -0.36036626 0.36671475 -0.04295830
v -0.37686300 0.35481036 -0.02169959
v -0.36679897 0.36096257 0.01418527
v -0.36537540 0.37355483 -0.09901024
v -0.37309319 0.35847270 -0.07863674
v -0.38521010 0.33864489 -0.05411444
v -0.40230462 0.33011356 -0.02842427
v -0.39153337 0.34290797 -0.00031076
v -0.39601329 0.34831429 -0.10466509
v -0.41235656 0.33472741 -0.07817021
v -0.42118636 0.32352585 -0.05109409
v -0.43351272 0.31452519 -0.02302395
v -0.41644973 0.32174289 -0.00445478
v -0.42840952 0.30821303 0.02057685
v -0.41685185 0.31476057 0.04516121
v -0.40369231 0.32855821 0.02210108
v -0.44672751 0.30456543 0.00428057
v -0.46037287 0.29364130 0.03138535
v -0.44217944 0.29675284 0.04680633
v -0.48158267 0.28857017 0.01701582
v -0.49544924 0.26928768 0.03944129
v -0.47357798 0.27483192 0.05712093
v -0.51251560 0.26059932 0.01659123
v -0.52469134 0.23858884 0.03283187
v -0.50384367 0.24449112 0.05714288
v -0.49287635 0.22384554 0.09010662
v -0.48315969 0.24986498 0.07482667
v -0.47565404 0.22780471 0.10582195
v -0.46513569 0.25319016 0.08985441
v -0.45451698 0.27649149 0.07143670
v -0.44625714 0.25401071 0.10626716
v -0.43727878 0.27644503 0.08996695
v -0.42760509 0.29746351 0.06864396
v -0.41686177 0.27231872 0.10995051
v -0.40911156 0.29169160 0.09430131
v -0.40194854 0.31295905 0.07689941
v -0.39034152 0.27958167 0.12150201
v -0.38175055 0.30291063 0.11009729
v -0.37250143 0.32428652 0.09280156
v -0.39231488 0.33272132 0.05654850
v -0.36200029 0.34487534 0.07251506
v -0.37766147 0.34618443 0.03378929
v -0.34823626 0.35916609 0.05111399
v -0.34272456 0.33412471 0.11232100
v -0.32879341 0.35596192 0.09022293
v -0.31471780 0.36819398 0.06773859
v -0.30350512 0.34095371 0.12292521
v -0.28921556 0.35867003 0.10032655
v -0.27916554 0.37227368 0.07996926
v -0.26563346 0.34293500 0.12264198
v -0.25598446 0.36269513 0.10612656
v -0.24131630 0.38132110 0.08112839
v -0.22788334 0.35253251 0.12370351
v -0.21539807 0.37143970 0.09807451
v -0.20753796 0.38439190 0.06838007
v -0.19620270 0.36291918 0.11040542
v -0.18425485 0.38678461 0.08578283
v -0.16944405 0.39749405 0.04888293
v -0.15219226 0.37770578 0.09015290
v -0.14083175 0.38417530 0.05361066
v -0.13284764 0.38604352 0.02117497
v -0.11765602 0.36885735 0.05488554
v -0.10620568 0.37428379 0.02328509
v -0.09751546 0.38419336 -0.01007166
v -0.08053101 0.38517287 0.02503454
v -0.07446572 0.40383017 -0.01220449
v -0.07128511 0.41758114 -0.04920419
v -0.09458191 0.39591861 -0.04560058
v -0.07177381 0.42909122 -0.08755095
v -0.09330707 0.39960450 -0.08038361
v -0.04454533 0.44030768 -0.04860074
v -0.03983960 0.45191371 -0.08674745
v -0.03577416 0.45885515 -0.12853986
v -0.00354607 0.46472511 -0.08254641
v 0.00730700 0.46482402 -0.11964503
v 0.01440579 0.46699363 -0.15582597
v -0.02896332 0.45120305 -0.16331387
v 0.02462704 0.46024913 -0.18921685
v 0.04839602 0.47505668 -0.14919683
v 0.03470429 0.47172827 -0.11134718
v 0.06465071 0.47920758 -0.09983295
v 0.02409522 0.46183077 -0.07365879
v 0.04805533 0.46686196 -0.06124172
v 0.07513997 0.46488675 -0.04040249
v 0.03314066 0.44963348 -0.01659278
v 0.05910585 0.44038507 0.00478455
v 0.08018944 0.42039776 0.02372062
v 0.04548685 0.39783990 0.04508461
v 0.06921375 0.38419303 0.06964412
v 0.08699273 0.38028890 0.09140833
v 0.03440890 0.35965306 0.09295384
v 0.01437739 0.33989131 0.13679492
v 0.02450513 0.41220942 0.02821915
v 0.01333780 0.37090015 0.07003365
v -0.00539471 0.35019356 0.11127740
v -0.01344433 0.32754439 0.14073884
v 0.00257417 0.32651442 0.16845614
v -0.00780167 0.37798667 0.05370095
v -0.02499694 0.36101767 0.09324560
v -0.03670584 0.33601451 0.12115043
v -0.04800489 0.30813700 0.14983381
v -0.02769755 0.30117029 0.16949710
v -0.04422879 0.36700186 0.07884051
v -0.05779770 0.34381461 0.10869938
v -0.07183319 0.31432515 0.13604015
v -0.08938058 0.28614521 0.16745736
v -0.06368200 0.27720487 0.18374723
v -0.08155201 0.34838235 0.09919297
v -0.09659877 0.32234305 0.12858300
v -0.11318921 0.30297017 0.16349053
v -0.13022368 0.28437191 0.19947410
v -0.10742905 0.26745594 0.20246071
v -0.12057557 0.33377558 0.12407297
v -0.13612203 0.31720158 0.15938275
v -0.15151097 0.29365081 0.18923360
v -0.16375302 0.26857051 0.22384053
v -0.14411439 0.25472993 0.22820276
v -0.16095333 0.32748067 0.15311615
v -0.16996901 0.30656910 0.18123634
v -0.18542331 0.27981246 0.21888010
v -0.20360792 0.24280733 0.24077721
v -0.18147369 0.23379284 0.25043738
v -0.19283551 0.32188213 0.17198509
v -0.21232346 0.29196674 0.21105726
v -0.22697286 0.25317487 0.23127431
v -0.23712896 0.22183363 0.23900306
v -0.21633296 0.21137975 0.25086585
v -0.23576719 0.30299377 0.19039865
v -0.24995980 0.26808330 0.21344045
v -0.26156038 0.23688500 0.22915342
v -0.28105053 0.20472376 0.24360114
v -0.25675768 0.18957615 0.25969461
v -0.27506849 0.28496981 0.19399802
v -0.28903392 0.25439823 0.21234183
v -0.30507061 0.22124968 0.22048882
v -0.31920776 0.19133531 0.21777591
v -0.29931885 0.16859642 0.24805000
v -0.31194082 0.27307284 0.17990780
v -0.32732010 0.24200305 0.19640733
v -0.33442396 0.21393275 0.19363782
v -0.34662071 0.19683695 0.19501188
v -0.34126952 0.26673415 0.16334759
v -0.35343015 0.23820736 0.17306039
v -0.36300367 0.22014092 0.17036001
v -0.36314765 0.18414453 0.19408557
v -0.37037387 0.26089451 0.14406005
v -0.37502199 0.24477412 0.14699377
v -0.39514357 0.26338553 0.12710351
v -0.42782566 0.25178981 0.12137692
v -0.44162554 0.23181261 0.14702795
v -0.45987397 0.23116603 0.12562098
v -0.46849337 0.20171198 0.15382078
v -0.44386819 0.19915962 0.17219388
v -0.48820040 0.20106290 0.12821564
v -0.48982248 0.17192860 0.14804834
v -0.46766338 0.16999741 0.17159179
v -0.46784663 0.13893336 0.19259873
v -0.44147268 0.13919462 0.20757359
v -0.44394389 0.16796781 0.19055423
v -0.49448550 0.14240545 0.17085201
v -0.49152297 0.10917446 0.18525815
v -0.46627522 0.10789272 0.20191880
v -0.46784481 0.07767883 0.21344274
v -0.44257769 0.07478508 0.23530231
v -0.44247597 0.10734268 0.22165763
v -0.49383610 0.07702915 0.19512752
v -0.49303895 0.04362878 0.19970994
v -0.46781653 0.04345879 0.22202972
v -0.51480848 0.04663827 0.17379829
v -0.51094699 0.01693620 0.17876120
v -0.48811623 0.01496780 0.20067659
v -0.48325121 -0.01296280 0.20124465
v -0.45861256 -0.01640302 0.22158635
v -0.46553791 0.01065388 0.22512195
v -0.50430119 -0.01155759 0.17657086
v -0.49707940 -0.03300630 0.16967893
v -0.47815403 -0.03616069 0.19624653
v -0.47682509 -0.05799793 0.19378471
v -0.44970125 -0.05950700 0.21429724
v -0.45363894 -0.03962587 0.21807674
v -0.49307385 -0.04607394 0.16170442
v -0.49297750 -0.05879556 0.15797417
v -0.47289330 -0.07077122 0.18694863
v -0.51060230 -0.03563532 0.13635731
v -0.50863469 -0.04216538 0.12835541
v -0.51101905 -0.05282183 0.12889229
v -0.49227160 -0.06913167 0.15526119
v -0.53007525 -0.01800707 0.11296300
v -0.52766359 -0.02376857 0.10392459
v -0.53224552 -0.03767328 0.10512625
v -0.53880298 -0.05391827 0.11357336
v -0.51420671 -0.06711421 0.13120367
v -0.54557616 -0.07382319 0.12216660
v -0.57247561 -0.07692709 0.10429229
v -0.58376002 -0.10007812 0.11879382
v -0.58720994 -0.09077915 0.09002595
v -0.59124160 -0.11847983 0.09905788
v -0.54910588 0.00546867 0.09765384
v -0.43151453 -0.04449913 0.23575516
v -0.43330312 -0.01760957 0.23998961
v -0.40777060 -0.01771820 0.25680017
v -0.40426627 0.00887032 0.25482404
v -0.43493471 0.00827296 0.24468398
v -0.40487343 0.03376609 0.26063615
v -0.44027922 0.03910913 0.24433415
v -0.40873125 0.06976686 0.25958806
v -0.37165710 0.03237681 0.26924327
v -0.40984225 0.11077964 0.24214923
v -0.40753207 0.14327304 0.21821010
v -0.38156286 0.17623003 0.19780585
v -0.41154253 0.17199741 0.20576532
v -0.37664881 0.00418353 0.26904723
v -0.33973867 0.02866077 0.27384210
v -0.35956448 0.28399372 0.13641353
v -0.32884040 0.28770244 0.14866866
v -0.35319936 0.30669686 0.12952986
v -0.31839594 0.31516948 0.14141087
v -0.29633364 0.30149397 0.16476409
v -0.28035042 0.32589447 0.14289944
v -0.26026809 0.31917644 0.16956733
v -0.24178439 0.33337396 0.13903637
v -0.22138932 0.32642081 0.15439296
v -0.20514973 0.34313262 0.13129637
v -0.18198980 0.33371308 0.14177835
v -0.16963927 0.35885847 0.12311713
v -0.14280258 0.34805322 0.12297568
v -0.12970302 0.36464101 0.08995326
v -0.10669936 0.35505158 0.09314543
v -0.09201790 0.36937821 0.05995589
v -0.06641214 0.36764932 0.06725892
v -0.05509497 0.38740087 0.03023510
v -0.03063066 0.38266385 0.03999429
v -0.02115635 0.41607651 -0.00010882
v -0.04838690 0.41701615 -0.00771257
v -0.01313529 0.44479698 -0.04100446
v 0.00238362 0.41514635 0.01183919
v 0.01118042 0.44429231 -0.03200415
v -0.27180654 0.15166031 0.26645404
v -0.25944594 0.10727555 0.28493944
v -0.24805632 0.13709040 0.28087628
v -0.23407035 0.17663607 0.27700341
v -0.22477570 0.12614438 0.29615837
v -0.20879778 0.16541277 0.28732032
v -0.19737327 0.20082831 0.26284081
v -0.19148073 0.15386941 0.29684731
v -0.17851785 0.19458596 0.28373802
v -0.15796913 0.22461040 0.25510317
v -0.14692509 0.18059741 0.28586304
v -0.13427199 0.21070148 0.25944656
v -0.12292668 0.24123831 0.23358104
v -0.11126637 0.19589150 0.26089558
v -0.10120550 0.23064630 0.24120352
v -0.08794299 0.26312286 0.21690741
v -0.07362028 0.21998592 0.24305548
v -0.07104579 0.26046538 0.23498744
v -0.04691069 0.27463961 0.20308465
v -0.05027320 0.24634981 0.24878779
v -0.03175194 0.26467130 0.21937877
v -0.01099264 0.29759526 0.19012600
v -0.01572875 0.24933580 0.24280614
v 0.00731465 0.28450474 0.21106367
v 0.00463190 0.23498692 0.27572671
v 0.02346118 0.26808870 0.25019944
v 0.01959174 0.22076371 0.31149146
v 0.03545004 0.24479893 0.29439601
v 0.03858904 0.20429781 0.34298617
v 0.04417154 0.22704655 0.34018084
v 0.05080297 0.23699731 0.32845822
v 0.07092124 0.21176735 0.36659285
v -0.03185716 0.23284893 0.27185893
v -0.05136426 0.21339965 0.26043999
v -0.08768208 0.18475646 0.27072147
v -0.12562975 0.16643846 0.29017156
v -0.16578640 0.14394589 0.31302994
v -0.20139176 0.11563814 0.31108376
v -0.23415631 0.09467478 0.30166751
v -0.27284616 0.07548267 0.29345903
v -0.38599268 0.36974090 -0.12848982
v -0.35584876 0.38697264 -0.12245508
v -0.38149533 0.38757235 -0.14633158
v -0.35228568 0.40113592 -0.13539529
v -0.37372577 0.39102617 -0.15722917
v -0.34114441 0.40165514 -0.14457026
v -0.36025310 0.39053047 -0.16949522
v -0.37932292 0.37685275 -0.18479159
v -0.34225982 0.38482732 -0.17474583
v -0.35859552 0.37070778 -0.18884349
v -0.32614926 0.39814365 -0.15346470
v -0.30360639 0.38848048 -0.15452716
v -0.31258741 0.39681408 -0.12005176
v -0.28777698 0.39457536 -0.13156411
v -0.26832771 0.38503012 -0.13849685
v -0.28037876 0.39049751 -0.09997842
v -0.26217034 0.38011879 -0.11252961
v -0.23974048 0.37152150 -0.12076109
v -0.24831483 0.37484676 -0.14488968
v -0.21735416 0.36387295 -0.12339829
v -0.22980964 0.36176226 -0.14471449
v -0.23093325 0.36884141 -0.09477504
v -0.20672671 0.36118874 -0.10177415
v -0.25256076 0.37711906 -0.08223202
v -0.26747113 0.39129049 -0.06989986
v -0.25164813 0.38676491 -0.04436444
v -0.27572164 0.39542648 -0.05638099
v -0.29474509 0.39516959 -0.08466023
v -0.31165805 0.40066656 -0.07189070
v -0.32620141 0.40754896 -0.11268286
v -0.33086693 0.40443161 -0.09946787
v -0.10189791 0.38061702 -0.18811609
v -0.09759450 0.36779648 -0.18785310
v -0.03212291 0.39539358 -0.23361899
v -0.01710061 0.38547474 -0.23770392
v 0.08959815 0.33958483 -0.27923340
v 0.10981120 0.35013899 -0.26033044
v 0.12565869 0.36251813 -0.23403297
v 0.12914215 0.33895913 -0.24776104
v 0.14994575 0.35773018 -0.22776696
v 0.15166944 0.32616341 -0.23972866
v 0.17893796 0.34513351 -0.21235341
v 0.17737226 0.31710768 -0.22302768
v 0.19662218 0.33505741 -0.19309546
v 0.20057267 0.30972853 -0.20840676
v 0.22440590 0.33258301 -0.18475640
v 0.19887567 0.36471459 -0.18345287
v 0.22161035 0.36058459 -0.16633892
v 0.24708095 0.35569549 -0.14938524
v 0.21753280 0.38640195 -0.14811289
v 0.23963876 0.38165888 -0.13055965
v 0.26307875 0.37443978 -0.11006323
v 0.22937371 0.40446240 -0.11091614
v 0.25453907 0.39950022 -0.09337758
v 0.27789849 0.39267993 -0.06354339
v 0.24415664 0.42936727 -0.06805157
v 0.26390764 0.41717413 -0.03437561
v 0.27180782 0.39414695 -0.00224785
v 0.28709817 0.37765768 -0.02837364
v 0.28374767 0.37909129 0.02928267
v 0.29821798 0.36383799 0.00092551
v 0.30370915 0.37417537 0.05151030
v 0.31699315 0.35773712 0.02329413
v 0.32393318 0.36306554 0.07448865
v 0.33624312 0.35188684 0.04408469
v 0.34957451 0.36328739 0.08766681
v 0.31281814 0.37418878 0.10482834
v 0.34621337 0.38003203 0.10952981
v 0.36783621 0.37439027 0.11695038
v 0.37024578 0.35698584 0.10131321
v 0.38831055 0.35320297 0.13589369
v 0.36193493 0.37205991 0.13962673
v 0.38289914 0.35161129 0.15333985
v 0.40783057 0.32897055 0.16902924
v 0.41619083 0.33367139 0.15108818
v 0.43359298 0.30696374 0.18916048
v 0.43948969 0.31440687 0.17168254
v 0.45317417 0.29648870 0.21019599
v 0.45660070 0.29350147 0.19597095
v 0.46399972 0.26586404 0.23639095
v 0.47466269 0.26484928 0.22334552
v 0.47736350 0.24219175 0.27029413
v 0.45649371 0.26422212 0.25209361
v 0.47227517 0.24635506 0.28326589
v 0.49134222 0.22293353 0.30440629
v 0.44636807 0.25387746 0.26569670
v 0.43157524 0.27545041 0.24487454
v 0.41019464 0.26142454 0.26539460
v 0.44447818 0.28805012 0.22813229
v 0.42368120 0.30120230 0.20878737
v 0.40801659 0.29093236 0.22849266
v 0.38520214 0.31515813 0.21673453
v 0.37744865 0.30359691 0.24122712
v 0.39085251 0.28365901 0.25153667
v 0.39772478 0.32263595 0.19124448
v 0.37488079 0.34183884 0.17986210
v 0.36826786 0.33425075 0.20776473
v 0.34383693 0.34584534 0.19743843
v 0.33467907 0.33094418 0.22464512
v 0.35995758 0.31853086 0.23120499
v 0.35298556 0.35800681 0.16863053
v 0.32637900 0.36606851 0.16270863
v 0.31799558 0.36051425 0.19306122
v 0.33723560 0.38036394 0.13328063
v 0.30799514 0.38741884 0.12514770
v 0.29989803 0.37520778 0.15178980
v 0.27460441 0.38347104 0.13502663
v 0.26647410 0.36906505 0.16654292
v 0.29293102 0.36491191 0.18405057
v 0.28280437 0.39408118 0.10518405
v 0.26202664 0.40148103 0.08306698
v 0.25284868 0.38848794 0.11561985
v 0.29270735 0.39161167 0.07473052
v 0.27427343 0.39894411 0.05184610
v 0.25340858 0.40025929 0.02968308
v 0.23927411 0.40191439 0.06193507
v 0.21680610 0.40834284 0.03892505
v 0.20067339 0.39408451 0.07556023
v 0.22827518 0.38468403 0.09574573
v 0.23720448 0.41421419 0.00231753
v 0.22397937 0.43856928 -0.02539489
v 0.19925578 0.42753053 0.01589482
v 0.19988540 0.44589746 -0.04992375
v 0.21594165 0.42992103 -0.08948950
v 0.19699393 0.43122736 -0.09816714
v 0.21037261 0.41190878 -0.12497936
v 0.19133370 0.41957173 -0.14644739
v 0.19458714 0.39272436 -0.16774601
v 0.16900489 0.39952785 -0.18276241
v 0.17512193 0.37652403 -0.20328036
v 0.14634296 0.38101903 -0.21199228
v 0.21772064 0.36424935 0.12716050
v 0.24525093 0.37090179 0.14748742
v 0.23796131 0.34855437 0.18249288
v 0.26067677 0.35171062 0.20018898
v 0.25596765 0.33202809 0.22902168
v 0.28047615 0.33360380 0.24322923
v 0.28521240 0.35197830 0.21532661
v 0.30338874 0.32638592 0.24857754
v 0.30947050 0.34525162 0.22050172
v 0.28165299 0.30749911 0.26894611
v 0.30212876 0.30397671 0.27521867
v 0.28512418 0.27866077 0.29702693
v 0.30355904 0.27869651 0.29839957
v 0.28432930 0.25117403 0.32871175
v 0.30501431 0.25176126 0.31859344
v 0.33010045 0.25406229 0.31100541
v 0.35468099 0.25765726 0.29676056
v 0.30834204 0.22329393 0.34572241
v 0.33712199 0.22816378 0.32693762
v 0.36433616 0.23931536 0.31071919
v 0.38795450 0.25001740 0.28711966
v 0.37612697 0.26957360 0.27389067
v 0.25999108 0.27190500 0.28632617
v 0.25426158 0.30256572 0.25516367
v -0.53431511 -0.15527865 0.23939195
v -0.52029407 -0.17849037 0.25133067
v -0.50465226 -0.16129611 0.24403040
v -0.51501369 -0.20160550 0.27175122
v -0.49746576 -0.18649200 0.26299542
v -0.48047742 -0.16340983 0.26077831
v -0.48962292 -0.20938179 0.29544461
v -0.46205595 -0.18747637 0.28927478
v -0.43954581 -0.16758946 0.27920583
v -0.44722778 -0.22056966 0.31188685
v -0.42364806 -0.19918707 0.30123562
v -0.41003892 -0.23684952 0.31882238
v -0.32177484 -0.16856484 0.34042293
v -0.31726664 -0.13517445 0.34169614
v -0.30012786 -0.17991088 0.36960769
v -0.29052109 -0.14580542 0.36241776
v -0.28948337 -0.11476691 0.35863113
v -0.26401788 -0.16162781 0.38028699
v -0.26457056 -0.13264377 0.37964171
v -0.26425362 -0.09262969 0.37462556
v -0.24068755 -0.14905272 0.39835507
v -0.23849255 -0.10707809 0.39866340
v -0.22731760 -0.06424978 0.38032138
v -0.21131110 -0.11792004 0.40929341
v -0.20373869 -0.07957114 0.39712524
v -0.19439049 -0.04237130 0.38677761
v -0.18313852 -0.09312630 0.41254520
v -0.16753253 -0.05311531 0.39867157
v -0.15524198 -0.02026239 0.38205194
v -0.13865471 -0.06979254 0.40723190
v -0.12972292 -0.03406864 0.39200631
v -0.12464644 0.00410739 0.38425046
v -0.10472620 -0.04315957 0.40845537
v -0.09702014 -0.00518551 0.39490789
v -0.08850855 0.03107500 0.37952742
v -0.06614233 -0.01370960 0.40176487
v -0.05812461 0.02441582 0.38762125
v -0.05544488 0.05902672 0.37854707
v -0.03426285 0.02137217 0.40737104
v -0.03194016 0.05031636 0.39611691
v -0.01764370 0.01971963 0.42046762
v -0.01253765 0.04957789 0.40734839
v 0.01537523 0.02855623 0.41751981
v 0.01312338 -0.01526129 0.43922287
v -0.01370801 -0.01697803 0.42661443
v -0.01563285 -0.05973250 0.44183758
v 0.00709599 -0.05996704 0.45930481
v -0.03755763 -0.01650488 0.41502470
v -0.04421745 -0.05861160 0.42716718
v -0.05434551 -0.10437542 0.44336498
v -0.02070175 -0.10838759 0.46066016
v -0.07380977 -0.05375463 0.41756308
v -0.08818408 -0.08973494 0.44236967
v -0.09474464 -0.12992248 0.45687151
v -0.06619992 -0.14067060 0.47054923
v -0.11292387 -0.08273250 0.42285264
v -0.12818751 -0.11782634 0.44805741
v -0.13372518 -0.16089346 0.46438822
v -0.09836321 -0.17031989 0.46749720
v -0.15872507 -0.10356212 0.43259057
v -0.17080908 -0.14950696 0.45223215
v -0.17008705 -0.18737566 0.45264894
v -0.13423070 -0.19608584 0.46394581
v -0.19539590 -0.13423887 0.42644304
v -0.19656467 -0.17341386 0.42997596
v -0.19827451 -0.20697957 0.42911080
v -0.17329936 -0.21841262 0.45068753
v -0.21649203 -0.16083251 0.41490746
v -0.21682079 -0.19342646 0.41076428
v -0.23852511 -0.17980619 0.39815646
v -0.14021671 -0.22834036 0.46732545
v -0.09732462 -0.20613138 0.46804437
v -0.06400694 -0.17936936 0.47429767
v -0.03664416 -0.15097591 0.48369056
v -0.00120964 -0.10859388 0.47838280
v 0.01743863 -0.10895514 0.49181795
v 0.03275594 -0.05524552 0.47667420
v -0.36338276 0.11020665 -0.48746675
v -0.54981196 -0.34410799 -0.55885172
v -0.53839302 -0.26812768 -0.42631295
v -0.52394390 -0.26661000 -0.43352821
v -0.52485716 -0.29725862 -0.44454116
v 0.11848237 -0.37127891 -0.42311752
v 0.12447446 -0.35066459 -0.39900637
v 0.13401619 -0.33098459 -0.36444408
v -0.69511932 -0.53860009 -0.17074147
v -0.68971616 -0.54301161 -0.15150131
v -0.67048675 -0.52572727 -0.15698788
v -0.66248125 -0.53899133 -0.13462800
v -0.68189633 -0.55388093 -0.13057491
v -0.70518988 -0.56191117 -0.12740380
v -0.70250475 -0.59132409 -0.01923490
v -0.71193856 -0.57877541 -0.03976769
v -0.73302662 -0.59521806 -0.03184654
v -0.71708369 -0.57074714 -0.05318294
v -0.73936814 -0.58523262 -0.04325101
v -0.75587922 -0.59852815 -0.03278881
v -0.74027014 -0.57894444 -0.05198475
v -0.75672299 -0.59458935 -0.03989758
v -0.73892415 -0.57985580 -0.06147243
v -0.75372690 -0.60012841 -0.04504551
v -0.72501767 -0.55998385 -0.07474574
v -0.72344446 -0.56126475 -0.06295369
v -0.70574558 -0.54253447 -0.06577559
v -0.70167977 -0.54915881 -0.05380048
v 0.25458604 -0.23826712 0.66482222
v -0.63037360 -0.20993763 0.01483136
v -0.64870244 -0.22811601 0.01535993
v -0.65326470 -0.23884629 -0.01888549
v -0.65644014 -0.25256321 0.00777975
v -0.30210906 -0.44934890 -0.77285689
v -0.30210906 -0.44934890 -0.77285689
v -0.55029297 -0.48433191 -0.48512262
v -0.76591140 -0.67056113 0.03129274
v 0.38038617 -0.58676535 -0.11535661
v 0.46928620 -0.59368479 -0.09799632
v 0.44047481 -0.58619517 -0.11402468
v -0.75265992 -0.68168378 0.04528553
v -0.35659191 -0.44934890 -0.79320323
v -0.72250283 -0.59365445 -0.09367798
v -0.74379563 -0.69019508 0.05518612
v -0.73148340 -0.60202426 -0.07550891
v -0.72909087 -0.70691490 0.07252763
v 0.14531535 -0.50861901 -0.27940568
v 0.13817422 -0.50691372 -0.29118109
v -0.56691325 -0.49291393 -0.48070464
v 0.18269263 -0.93158197 0.28507185
v 0.54072875 -0.64144993 -0.03032347
v 0.20001890 -0.93004829 0.28244591
v -0.22503397 -1.00520504 0.29191804
v 0.56043565 -0.64376903 -0.00894696
v 0.65666300 -0.73218024 0.08363098
v -0.25275856 -0.99686825 0.29055911
v 0.15657742 -0.94392729 0.28918180
v -0.55256283 -0.49179670 -0.48577198
v 0.51663196 -0.63765496 -0.04353371
v 0.63621825 -0.71850717 0.07115393
v -0.56040317 -0.47248620 -0.54802012
v -0.41121116 -0.96664250 0.26527670
v -0.54230368 -0.48101011 -0.56292272
v -0.35672802 -0.98735201 0.27854824
v -0.37524647 -0.44934890 -0.77890563
v -0.32270810 -0.99141252 0.27917069
v -0.37193486 -1.00336218 0.27678478
v -0.36913523 -0.98664308 0.28168994
v -0.72231787 -0.57679081 -0.12338227
v -0.51884961 -0.47396311 -0.58072060
v -0.77566046 -0.65579653 0.00364402
v -0.38865018 -0.99291730 0.27950126
v 0.67932594 -0.74745917 0.09925888
v -0.43890864 -0.93097937 0.24378303
v 0.70695347 -0.77926552 0.13260865
v -0.43317774 -0.93650138 0.24799410
v -0.35231960 -0.44934890 -0.79360521
v 0.12808231 -0.95455885 0.29387301
v -0.31950188 -0.44934890 -0.78859842
v -0.31950188 -0.44934890 -0.78859842
v 0.10850386 -0.96889961 0.30373576
v 0.69876909 -0.76959324 0.12109415
v 0.21183786 -0.52221894 -0.21606694
v 0.62153894 -0.69296587 0.05374925
v -0.26253113 -0.44934890 -0.70616519
v -0.31638137 -0.44934890 -0.78675872
v -0.50029945 -0.46669462 -0.59352094
v -0.39498457 -0.99417186 0.27397209
v 0.35435423 -0.94519144 0.29210919
v 0.09481147 -0.47573352 -0.44114068
v -0.57450914 -0.86495429 0.20001325
v 0.35709262 -0.57864153 -0.12222924
v -0.61651802 -0.82392663 0.17442110
v 0.33525464 -0.56655031 -0.13490088
v -0.64291626 -0.80608737 0.15693688
v -0.40962359 -0.44934890 -0.71158874
v 0.18793976 -0.51556855 -0.23270969
v -0.76571888 -0.67025560 0.03161906
v 0.58855700 -0.66400707 0.01072393
v 0.12924471 -0.50132966 -0.31590152
v -0.75277191 -0.60972905 -0.05049539
v 0.16975829 -0.50883788 -0.25133458
v -0.72135270 -0.56263924 -0.14262423
v 0.71733475 -0.80530918 0.16342556
v 0.22024383 -0.52569807 -0.21184717
v 0.06152310 -0.46631899 -0.49466425
v 0.31904575 -0.95033240 0.29544467
v 0.07276878 -0.47341946 -0.46458232
v -0.59538257 -0.84402132 0.19012673
v -0.20024952 -0.99415493 0.28414571
v -0.40497568 -0.44934890 -0.71572405
v 0.23918791 -0.52799726 -0.20530987
v -0.42241904 -0.44934890 -0.69514257
v 0.64299393 -0.84905183 0.21712682
v -0.17746697 -0.98924637 0.27840334
v -0.39114261 -0.44934890 -0.73597360
v 0.03759384 -0.45307431 -0.57507855
v -0.25597632 -0.45032728 -0.68409175
v 0.42570704 -0.58593440 -0.11479515
v -0.71314108 -0.55058831 -0.16021627
v -0.48765141 -0.46386620 -0.61165220
v 0.25490937 -0.96082222 0.29030973
v 0.05254088 -0.45570669 -0.55287135
v 0.26348063 -0.53525364 -0.19731626
v -0.26171595 -0.44934890 -0.70478308
v 0.28740424 -0.95310104 0.29227549
v 0.40600887 -0.59004873 -0.11267164
v 0.05431579 -0.46209186 -0.52405798
v -0.47517759 -0.46014062 -0.63323140
v 0.31001931 -0.94975913 0.29542851
v 0.65927827 -0.84018123 0.20061888
v -0.07120951 -0.96017504 0.29153460
v 0.38717356 -0.58751285 -0.11488809
v 0.29618999 -0.55383950 -0.17406026
v 0.59873384 -0.87749469 0.23701717
v -0.03967720 -0.96838295 0.29954746
v 0.28303501 -0.54128528 -0.19138402
v 0.03924887 -0.98076093 0.30805984
v 0.02800812 -0.97925818 0.30745292
v -0.77246618 -0.66562086 0.02179731
v -0.38013926 -0.44934890 -0.76346636
v 0.29636422 -0.55464101 -0.17370965
v -0.78276175 -0.63382572 -0.02819587
v -0.44322839 -0.45182025 -0.67644966
v 0.44215333 -0.93819880 0.27877080
v 0.00897190 -0.45316583 -0.58705837
v -0.38119674 -0.44934890 -0.75683814
v -0.66422808 -0.52334738 -0.24432975
v -0.01424041 -0.45245695 -0.59457821
v -0.03777497 -0.96971345 0.29922301
v -0.65768588 -0.51460767 -0.26272714
v -0.05258402 -0.45245546 -0.60124791
v -0.77235872 -0.61603492 -0.03609653
v -0.28647190 -0.98897707 0.28365797
v -0.05553068 -0.45250806 -0.60156786
v -0.28833082 -0.44934890 -0.74695742
v 0.05773959 -0.46388966 -0.51007289
v -0.07751060 -0.45627245 -0.59731841
v -0.46327722 -0.45616478 -0.65619123
v -0.02040455 -0.45070103 -0.59755909
v -0.31232461 -0.99194288 0.28020442
v 0.12174636 -0.49508116 -0.35937914
v 0.12362637 -0.49561757 -0.34327337
v -0.22115374 -0.46835259 -0.61433572
v 0.57299066 -0.90274769 0.25131357
v -0.54896533 -0.86994171 0.20472308
v -0.64059114 -0.50275147 -0.30146626
v -0.29832911 -0.44934890 -0.76891822
v -0.56596154 -0.86927414 0.20140101
v -0.27392015 -0.44934890 -0.72944403
v -0.21951154 -0.46905628 -0.61175495
v -0.25519672 -0.45180199 -0.67795038
v -0.77859008 -0.64571208 -0.01253251
v -0.25020963 -0.45499569 -0.66498476
v -0.59128499 -0.47877103 -0.46765479
v -0.65383500 -0.50026727 -0.39072376
v 0.15490192 -0.50233275 -0.27205488
v -0.27371347 -0.44934890 -0.72899526
v -0.00556394 -0.97220707 0.30353183
v -0.61593163 -0.49228597 -0.45511940
v 0.38157853 -0.93353772 0.28656930
v -0.65558314 -0.49968094 -0.35298043
v -0.65071428 -0.49931958 -0.33613396
v -0.64690453 -0.50260192 -0.32339832
v 0.40838099 -0.93641317 0.28457946
v 0.49005681 -0.60824990 -0.08043976
v -0.63773113 -0.50012439 -0.42314377
v -0.78155601 -0.64191455 -0.02153424
v -0.70190430 -0.74450946 0.11341460
v -0.70118654 -0.74722648 0.11479778
v 0.49925506 -0.91267145 0.26544315
v 0.53457904 -0.91733122 0.26527315
v 0.50407416 -0.91385365 0.26456133
v -0.56573451 -0.47748753 -0.51912409
v 0.50185841 -0.91541106 0.26236078
v -0.56884903 -0.47632098 -0.53083795
v -0.70994711 -0.71863139 0.09090907
v 0.11891708 -0.49035951 -0.39824975
v -0.64177728 -0.50529623 -0.29198730
v -0.64042252 -0.50331074 -0.29088858
v -0.71106148 -0.54857588 -0.16339126
v -0.55411714 -0.48868617 -0.49930140
v -0.66515076 -0.52646267 -0.23691039
v -0.55064207 -0.48965555 -0.48621219
v 0.47716367 -0.93009299 0.26877293
v 0.11081383 -0.48234683 -0.42076606
v -0.68510705 -0.52427638 -0.22000593
v -0.69345981 -0.52654678 -0.20441052
v -0.69859600 -0.53588867 -0.18548219
v 0.62171632 -0.85713148 0.22699042
v -0.66951913 -0.79129577 0.14571685
v -0.68943596 -0.77307683 0.13187937
v -0.64027035 -0.50632328 -0.28338975
v 0.21978773 -0.94812369 0.28662318
v -0.74592036 -0.60731339 -0.05663904
v -0.72219777 -0.57803053 -0.12180330
v 0.66084731 -0.83603209 0.19671406
v -0.16981737 -0.98592544 0.27637905
v 0.13170853 -0.94821143 0.29232302
v 0.70198417 -0.82261157 0.18934062
v -0.13459316 -0.97591186 0.28039557
v 0.67689353 -0.82687831 0.19233966
v 0.67730653 -0.82423383 0.19598675
v -0.69984269 -0.53829676 -0.18213122
v -0.10279901 -0.95328069 0.27897054
v -0.51648802 -0.88243914 0.21248583
v 0.71671402 -0.79822254 0.15486486
v 0.12048177 -0.49328488 -0.37151864
v -0.77937365 -0.62376970 -0.03165510
v 0.31255314 -0.55694258 -0.15229231
v 0.60246086 -0.68075955 0.03644852
v -0.46261099 -0.91282159 0.23183140
v -0.77405798 -0.65979034 0.01139842
v -0.49111789 -0.89557374 0.22315636
v 0.33118156 -0.56633002 -0.13727395
v -0.51042986 -0.88503814 0.21566825
v 0.06858540 -0.98478615 0.30817580
f 1 2 3
f 3 4 1
f 1 5 6
f 6 2 1
f 1 4 7
f 7 5 1
f 8 9 10
f 10 11 8
f 8 12 13
f 13 9 8
f 8 11 14
f 14 12 8
f 15 16 17
f 17 18 15
f 15 19 20
f 20 21 15
f 15 21 22
f 22 16 15
f 15 18 23
f 23 24 15
f 15 24 25
f 25 19 15
f 26 27 28
f 28 29 26
f 26 30 31
f 31 27 26
f 26 29 32
f 32 30 26
f 33 34 35
f 35 36 33
f 33 36 37
f 37 38 33
f 33 39 40
f 40 41 33
f 33 41 42
f 42 34 33
f 33 38 43
f 43 39 33
f 44 45 46
f 46 48 44
f 44 49 50
f 50 45 44
f 44 48 51
f 51 49 44
f 52 53 54
f 54 55 52
f 52 56 57
f 57 53 52
f 52 55 58
f 58 59 52
f 52 60 61
f 61 56 52
f 52 59 62
f 62 60 52
f 63 64 65
f 65 66 63
f 63 67 58
f 58 64 63
f 63 66 68
f 68 67 63
f 69 70 71
f 71 72 69
f 69 72 73
f 73 74 69
f 69 74 75
f 75 70 69
f 76 77 78
f 78 79 76
f 76 80 81
f 81 77 76
f 76 82 83
f 83 84 76
f 76 84 85
f 85 80 76
f 76 79 86
f 86 82 76
f 87 88 89
f 89 90 87
f 87 90 91
f 91 92 87
f 87 92 93
f 93 88 87
f 94 95 96
f 96 97 94
f 94 98 99
f 99 95 94
f 94 97 100
f 100 98 94
f 101 102 103
f 103 104 101
f 101 105 106
f 106 102 101
f 101 107 108
f 108 105 101
f 101 104 109
f 109 110 101
f 101 110 111
f 111 107 101
f 112 113 114
f 114 115 112
f 112 115 116
f 116 117 112
f 112 118 119
f 119 113 112
f 112 120 121
f 121 118 112
f 122 123 124
f 124 125 122
f 122 125 126
f 126 127 122
f 122 127 128
f 128 129 122
f 130 131 132
f 132 133 130
f 130 134 135
f 135 131 130
f 130 133 136
f 136 134 130
f 137 138 139
f 139 140 137
f 137 141 142
f 142 138 137
f 137 140 143
f 143 141 137
f 141 144 145
f 145 146 141
f 141 143 147
f 147 144 141
f 148 149 150
f 150 151 148
f 148 151 152
f 152 153 148
f 148 153 154
f 154 149 148
f 155 156 157
f 157 158 155
f 155 159 160
f 160 156 155
f 155 158 161
f 161 159 155
f 162 163 164
f 164 165 162
f 162 151 150
f 150 163 162
f 162 165 166
f 166 167 162
f 162 167 168
f 168 169 162
f 162 169 152
f 152 151 162
f 170 171 172
f 172 173 170
f 170 174 175
f 175 171 170
f 170 173 176
f 176 174 170
f 177 178 179
f 179 180 177
f 177 181 182
f 182 178 177
f 177 180 183
f 183 181 177
f 184 185 161
f 161 186 184
f 184 187 189
f 189 185 184
f 184 191 193
f 193 187 184
f 184 186 194
f 194 195 184
f 184 195 196
f 196 191 184
f 197 198 199
f 199 200 197
f 197 201 202
f 202 198 197
f 197 203 204
f 204 205 197
f 197 200 206
f 206 203 197
f 197 205 207
f 207 201 197
f 180 208 209
f 209 210 180
f 180 210 211
f 211 183 180
f 212 213 214
f 214 215 212
f 212 216 217
f 217 213 212
f 212 218 219
f 219 216 212
f 212 215 220
f 220 221 212
f 222 223 224
f 224 225 222
f 222 226 227
f 227 223 222
f 222 225 228
f 228 226 222
f 229 230 231
f 231 232 229
f 229 232 233
f 233 234 229
f 229 234 235
f 235 236 229
f 237 238 239
f 239 240 237
f 237 241 242
f 242 243 237
f 237 243 244
f 244 238 237
f 237 240 245
f 245 246 237
f 237 246 247
f 247 241 237
f 248 249 250
f 250 251 248
f 248 251 252
f 252 253 248
f 248 253 254
f 254 255 248
f 248 256 257
f 257 249 248
f 248 255 258
f 258 256 248
f 259 260 261
f 261 262 259
f 259 263 264
f 264 260 259
f 259 262 265
f 265 263 259
f 266 267 268
f 268 269 266
f 266 269 270
f 270 271 266
f 266 272 273
f 273 267 266
f 266 274 275
f 275 272 266
f 266 271 276
f 276 274 266
f 277 278 279
f 279 280 277
f 277 281 282
f 282 278 277
f 277 280 283
f 283 281 277
f 284 285 286
f 286 287 284
f 284 287 288
f 288 289 284
f 284 289 290
f 290 285 284
f 291 292 293
f 293 294 291
f 291 294 290
f 290 289 291
f 291 289 288
f 288 295 291
f 291 295 296
f 296 297 291
f 291 297 298
f 298 292 291
f 299 300 301
f 301 302 299
f 299 303 304
f 304 300 299
f 299 302 305
f 305 303 299
f 306 307 308
f 308 309 306
f 306 309 310
f 310 311 306
f 306 312 313
f 313 314 306
f 306 314 315
f 315 307 306
f 306 311 316
f 316 312 306
f 317 318 319
f 319 320 317
f 317 320 321
f 321 322 317
f 317 323 324
f 324 318 317
f 317 325 326
f 326 323 317
f 317 322 327
f 327 325 317
f 328 329 330
f 330 331 328
f 328 331 332
f 332 333 328
f 328 333 334
f 334 329 328
f 335 336 337
f 337 338 335
f 335 338 339
f 339 340 335
f 335 340 321
f 321 336 335
f 341 342 343
f 343 344 341
f 341 344 345
f 345 346 341
f 341 346 347
f 347 342 341
f 348 349 350
f 350 351 348
f 348 351 352
f 352 353 348
f 348 354 355
f 355 356 348
f 348 353 357
f 357 354 348
f 358 359 360
f 360 361 358
f 358 361 362
f 362 363 358
f 358 363 364
f 364 359 358
f 365 366 363
f 363 362 365
f 365 367 368
f 368 366 365
f 365 369 370
f 370 367 365
f 371 372 373
f 373 374 371
f 371 375 376
f 376 372 371
f 371 374 377
f 377 375 371
f 378 379 380
f 380 381 378
f 378 381 382
f 382 383 378
f 378 384 385
f 385 379 378
f 378 383 386
f 386 387 378
f 378 387 388
f 388 384 378
f 389 390 391
f 391 392 389
f 389 393 394
f 394 390 389
f 389 395 396
f 396 397 389
f 389 392 398
f 398 395 389
f 389 397 399
f 399 393 389
f 400 401 402
f 402 403 400
f 400 404 405
f 405 401 400
f 400 403 406
f 406 404 400
f 407 408 409
f 409 410 407
f 407 410 411
f 411 412 407
f 407 412 413
f 413 408 407
f 412 414 415
f 415 413 412
f 412 416 417
f 417 414 412
f 412 411 418
f 418 416 412
f 419 420 421
f 421 422 419
f 419 422 423
f 423 424 419
f 419 425 426
f 426 427 419
f 419 427 428
f 428 420 419
f 419 424 429
f 429 425 419
f 430 431 432
f 432 433 430
f 430 434 435
f 435 431 430
f 430 436 437
f 437 434 430
f 430 438 439
f 439 436 430
f 430 433 440
f 440 438 430
f 382 441 442
f 442 383 382
f 382 381 443
f 443 441 382
f 386 383 442
f 442 444 386
f 386 444 445
f 445 387 386
f 446 447 448
f 448 449 446
f 446 449 450
f 450 451 446
f 446 451 452
f 452 453 446
f 446 453 454
f 454 455 446
f 446 455 456
f 456 447 446
f 457 458 459
f 459 460 457
f 457 460 461
f 461 462 457
f 457 463 455
f 455 454 457
f 457 462 464
f 464 463 457
f 457 454 465
f 465 458 457
f 6989 6972 466
f 467 468 469
f 469 470 467
f 467 471 472
f 472 468 467
f 467 470 473
f 473 474 467
f 467 475 476
f 476 471 467
f 467 474 477
f 477 475 467
f 478 479 480
f 480 481 478
f 478 482 483
f 483 479 478
f 478 481 484
f 484 482 478
f 485 474 473
f 473 486 485
f 485 486 487
f 487 488 485
f 485 488 477
f 477 474 485
f 489 490 491
f 491 492 489
f 489 493 494
f 494 490 489
f 489 495 496
f 496 497 489
f 489 492 498
f 498 495 489
f 489 497 499
f 499 493 489
f 6912 500 501
f 501 7085 6912
f 6914 7084 502
f 6914 502 503
f 6914 503 500
f 6914 500 6912
f 504 505 494
f 494 493 504
f 504 506 507
f 507 505 504
f 504 493 499
f 499 506 504
f 508 509 510
f 510 511 508
f 508 511 512
f 512 513 508
f 508 514 515
f 515 509 508
f 508 516 517
f 517 514 508
f 508 513 518
f 518 516 508
f 516 518 480
f 480 517 516
f 519 520 521
f 521 522 519
f 519 523 524
f 524 520 519
f 519 522 525
f 525 523 519
f 526 527 528
f 528 529 526
f 526 530 418
f 418 527 526
f 526 529 531
f 531 530 526
f 532 533 534
f 534 535 532
f 532 535 536
f 536 537 532
f 532 537 538
f 538 533 532
f 539 540 541
f 541 542 539
f 539 543 544
f 544 540 539
f 539 542 545
f 545 543 539
f 531 529 546
f 546 547 531
f 531 547 548
f 548 549 531
f 531 550 551
f 551 530 531
f 531 549 552
f 552 550 531
f 553 554 555
f 555 556 553
f 553 557 558
f 558 559 553
f 553 559 560
f 560 554 553
f 553 556 561
f 561 562 553
f 553 562 563
f 563 557 553
f 564 565 566
f 566 567 564
f 564 568 569
f 569 565 564
f 564 567 570
f 570 568 564
f 571 572 573
f 573 574 571
f 571 512 511
f 511 572 571
f 571 575 576
f 576 512 571
f 571 577 578
f 578 575 571
f 571 574 579
f 579 577 571
f 580 581 549
f 549 548 580
f 580 548 582
f 582 583 580
f 580 583 584
f 584 581 580
f 585 586 587
f 587 588 585
f 585 561 556
f 556 586 585
f 585 588 589
f 589 561 585
f 590 591 593
f 593 592 590
f 594 595 597
f 597 599 594
f 594 600 601
f 601 602 594
f 594 602 603
f 603 595 594
f 594 599 605
f 605 606 594
f 594 606 607
f 607 600 594
f 608 609 610
f 610 611 608
f 608 611 612
f 612 613 608
f 608 614 615
f 615 609 608
f 608 613 616
f 616 617 608
f 608 617 618
f 618 614 608
f 619 620 621
f 621 622 619
f 619 622 623
f 623 624 619
f 619 624 625
f 625 620 619
f 626 627 628
f 628 629 626
f 626 555 630
f 630 627 626
f 626 629 631
f 631 632 626
f 626 586 556
f 556 555 626
f 626 632 587
f 587 586 626
f 633 634 635
f 635 636 633
f 633 636 637
f 637 638 633
f 633 638 639
f 639 640 633
f 633 641 642
f 642 634 633
f 633 640 643
f 643 641 633
f 644 645 646
f 646 647 644
f 644 647 629
f 629 628 644
f 644 628 648
f 648 645 644
f 649 650 651
f 651 652 649
f 649 653 654
f 654 650 649
f 649 655 656
f 656 657 649
f 649 652 658
f 658 655 649
f 649 657 659
f 659 653 649
f 660 661 662
f 662 663 660
f 660 664 665
f 665 661 660
f 660 663 666
f 666 664 660
f 667 668 669
f 669 670 667
f 667 671 672
f 672 668 667
f 667 670 673
f 673 674 667
f 667 675 676
f 676 671 667
f 667 674 677
f 677 675 667
f 678 679 680
f 680 681 678
f 678 681 682
f 682 683 678
f 678 683 684
f 684 679 678
f 685 686 687
f 687 688 685
f 685 688 689
f 689 690 685
f 685 691 692
f 692 686 685
f 685 690 693
f 693 694 685
f 685 694 695
f 695 691 685
f 696 697 699
f 699 700 696
f 696 700 701
f 701 698 696
f 702 703 704
f 704 705 702
f 702 706 707
f 707 703 702
f 702 705 708
f 708 706 702
f 709 710 711
f 711 712 709
f 709 712 713
f 713 714 709
f 709 714 715
f 715 716 709
f 709 717 718
f 718 710 709
f 709 716 719
f 719 717 709
f 720 721 722
f 722 723 720
f 720 723 724
f 724 725 720
f 720 725 726
f 726 721 720
f 727 728 729
f 729 730 727
f 727 730 731
f 731 732 727
f 727 733 734
f 734 728 727
f 727 732 735
f 735 736 727
f 727 736 737
f 737 733 727
f 738 739 740
f 740 741 738
f 738 741 742
f 742 743 738
f 738 744 745
f 745 739 738
f 746 747 748
f 748 749 746
f 746 749 750
f 750 751 746
f 746 751 752
f 752 747 746
f 753 754 755
f 755 756 753
f 753 757 758
f 758 754 753
f 753 756 759
f 759 757 753
f 760 761 762
f 762 763 760
f 760 764 765
f 765 761 760
f 760 763 766
f 766 764 760
f 767 768 769
f 769 770 767
f 767 770 771
f 771 772 767
f 767 772 773
f 773 768 767
f 774 775 776
f 776 777 774
f 774 778 779
f 779 775 774
f 774 777 780
f 780 778 774
f 781 782 783
f 783 784 781
f 781 785 786
f 786 782 781
f 781 784 787
f 787 785 781
f 788 789 790
f 790 742 788
f 788 715 714
f 714 789 788
f 788 742 741
f 741 715 788
f 780 777 791
f 791 792 780
f 780 793 794
f 794 795 780
f 780 792 796
f 796 793 780
f 797 798 799
f 799 800 797
f 797 800 801
f 801 802 797
f 797 803 804
f 804 798 797
f 797 802 805
f 805 806 797
f 797 806 807
f 807 803 797
f 808 809 810
f 810 811 808
f 808 812 813
f 813 814 808
f 808 814 815
f 815 809 808
f 808 811 816
f 816 817 808
f 808 817 818
f 818 812 808
f 819 820 821
f 821 822 819
f 819 822 823
f 823 824 819
f 819 824 825
f 825 820 819
f 826 827 828
f 828 829 826
f 826 830 831
f 831 827 826
f 826 829 832
f 832 830 826
f 833 834 835
f 835 836 833
f 833 836 837
f 837 838 833
f 833 838 839
f 839 834 833
f 841 843 844
f 844 845 841
f 841 845 846
f 846 847 841
f 840 848 849
f 849 842 840
f 840 851 852
f 852 848 840
f 853 854 855
f 855 856 853
f 853 857 858
f 858 854 853
f 853 859 860
f 860 857 853
f 853 856 861
f 861 862 853
f 853 862 863
f 863 859 853
f 864 865 866
f 866 867 864
f 864 868 869
f 869 865 864
f 864 870 871
f 871 872 864
f 864 867 873
f 873 870 864
f 874 875 876
f 876 877 874
f 874 878 879
f 879 875 874
f 874 877 880
f 880 878 874
f 881 882 883
f 883 884 881
f 881 884 885
f 885 886 881
f 881 887 888
f 888 889 881
f 881 886 890
f 890 887 881
f 891 892 893
f 893 894 891
f 891 894 895
f 895 896 891
f 891 897 898
f 898 899 891
f 891 899 900
f 900 892 891
f 891 896 901
f 901 897 891
f 902 903 904
f 904 905 902
f 902 905 906
f 906 907 902
f 902 908 909
f 909 910 902
f 902 907 911
f 911 908 902
f 902 910 912
f 912 903 902
f 913 914 915
f 915 916 913
f 913 916 917
f 917 918 913
f 913 918 919
f 919 914 913
f 920 921 922
f 922 923 920
f 920 923 924
f 924 925 920
f 920 925 926
f 926 921 920
f 927 928 929
f 929 930 927
f 927 930 931
f 931 932 927
f 927 932 933
f 933 928 927
f 934 935 936
f 936 937 934
f 934 938 939
f 939 926 934
f 934 926 925
f 925 940 934
f 934 940 941
f 941 935 934
f 934 937 942
f 942 938 934
f 944 946 947
f 947 948 944
f 943 950 951
f 951 945 943
f 943 949 952
f 952 950 943
f 953 954 957
f 957 959 953
f 953 960 962
f 962 954 953
f 953 959 964
f 964 965 953
f 953 966 967
f 967 960 953
f 953 965 968
f 968 966 953
f 969 970 971
f 971 972 969
f 969 973 974
f 974 970 969
f 969 972 975
f 975 973 969
f 976 977 885
f 885 978 976
f 976 979 980
f 980 977 976
f 976 978 981
f 981 982 976
f 976 983 984
f 984 979 976
f 976 982 985
f 985 983 976
f 986 987 988
f 988 989 986
f 986 990 991
f 991 987 986
f 986 989 992
f 992 990 986
f 993 994 995
f 995 996 993
f 993 996 997
f 997 998 993
f 993 999 1000
f 1000 994 993
f 993 998 1001
f 1001 1002 993
f 1003 983 985
f 985 1004 1003
f 1003 1005 984
f 984 983 1003
f 1003 1004 1006
f 1006 1005 1003
f 1007 1008 1009
f 1009 1010 1007
f 1007 1010 1011
f 1011 1012 1007
f 1007 1012 1013
f 1013 1008 1007
f 1014 1015 1016
f 1016 1017 1014
f 1014 1018 1019
f 1019 1015 1014
f 1014 1017 1020
f 1020 1021 1014
f 1022 1023 1024
f 1024 1025 1022
f 1022 1025 1026
f 1026 1027 1022
f 1022 1027 1028
f 1028 1023 1022
f 1029 1030 1031
f 1031 1032 1029
f 1029 1032 1033
f 1033 1034 1029
f 1029 1034 1035
f 1035 1036 1029
f 1029 1037 1038
f 1038 1030 1029
f 1039 1040 1041
f 1041 1042 1039
f 1039 1043 1044
f 1044 1045 1039
f 1039 1042 1046
f 1046 1047 1039
f 1039 1045 1048
f 1048 1040 1039
f 1049 1050 1051
f 1051 1052 1049
f 1049 1052 1053
f 1053 1054 1049
f 1049 1055 1056
f 1056 1050 1049
f 1049 1057 1058
f 1058 1055 1049
f 1049 1054 1059
f 1059 1057 1049
f 1060 1061 1062
f 1062 1063 1060
f 1060 1063 1064
f 1064 1065 1060
f 1060 1065 1066
f 1066 1061 1060
f 1067 1069 963
f 963 1070 1067
f 1067 1071 1073
f 1073 1069 1067
f 1067 1070 1074
f 1074 1071 1067
f 1075 1076 1077
f 1077 1078 1075
f 1075 1079 1080
f 1080 1081 1075
f 1075 1078 1082
f 1082 1079 1075
f 1075 1083 1084
f 1084 1076 1075
f 1075 1081 1041
f 1041 1083 1075
f 1033 1085 1086
f 1086 1087 1033
f 1033 1032 1088
f 1088 1085 1033
f 1033 1089 1090
f 1090 1034 1033
f 1091 1092 1011
f 1011 1093 1091
f 1091 1093 1094
f 1094 1095 1091
f 1091 1095 1096
f 1096 1092 1091
f 1097 1098 1099
f 1099 1100 1097
f 1097 1100 1101
f 1101 1102 1097
f 1097 1102 1103
f 1103 1104 1097
f 1097 1104 1105
f 1105 1106 1097
f 1097 1106 1107
f 1107 1098 1097
f 1046 1108 1109
f 1109 1047 1046
f 1046 1042 1110
f 1110 1108 1046
f 1111 1112 1113
f 1113 1114 1111
f 1111 1114 1115
f 1115 1116 1111
f 1111 1116 1117
f 1117 1112 1111
f 1118 1119 1120
f 1120 1121 1118
f 1118 1122 1123
f 1123 1119 1118
f 1118 1121 1124
f 1124 1122 1118
f 1125 1126 1127
f 1127 1043 1125
f 1125 1047 1109
f 1109 1126 1125
f 1125 1043 1039
f 1039 1047 1125
f 1080 1079 1128
f 1128 1129 1080
f 1080 1129 1110
f 1110 1081 1080
f 1117 1130 1131
f 1131 1132 1117
f 1117 1116 1133
f 1133 1130 1117
f 1117 1132 1134
f 1134 1135 1117
f 1136 1137 1138
f 1138 1139 1136
f 1136 1141 1142
f 1142 1137 1136
f 1136 1144 1145
f 1145 1141 1136
f 1136 1139 1147
f 1147 1148 1136
f 1136 1148 1149
f 1149 1144 1136
f 1150 1151 1152
f 1152 1153 1150
f 1150 1154 1155
f 1155 1151 1150
f 1150 1153 1156
f 1156 1154 1150
f 1157 1158 1159
f 1159 1160 1157
f 1157 1161 1162
f 1162 1158 1157
f 1157 1163 1164
f 1164 1165 1157
f 1157 1160 1166
f 1166 1163 1157
f 1157 1165 1167
f 1167 1161 1157
f 1168 1152 1169
f 1169 1170 1168
f 1168 1171 1153
f 1153 1152 1168
f 1168 1170 1172
f 1172 1173 1168
f 1168 1174 1175
f 1175 1171 1168
f 1168 1173 1176
f 1176 1174 1168
f 1171 1175 1156
f 1156 1153 1171
f 1177 1178 1179
f 1179 1180 1177
f 1177 1180 1181
f 1181 1182 1177
f 1177 1183 1184
f 1184 1178 1177
f 1177 1182 1185
f 1185 1186 1177
f 1177 1186 1187
f 1187 1183 1177
f 1188 1189 1190
f 1190 1191 1188
f 1188 1192 1193
f 1193 1194 1188
f 1188 1194 1195
f 1195 1189 1188
f 1188 1191 1196
f 1196 1197 1188
f 1188 1197 1198
f 1198 1192 1188
f 1199 1200 1201
f 1201 1202 1199
f 1199 1131 1130
f 1130 1200 1199
f 1199 1202 1203
f 1203 1204 1199
f 1199 1205 1206
f 1206 1131 1199
f 1199 1204 1207
f 1207 1205 1199
f 1208 1209 1210
f 1210 1211 1208
f 1208 1212 1213
f 1213 1209 1208
f 1208 1214 1215
f 1215 1212 1208
f 1208 1216 1217
f 1217 1214 1208
f 1208 1211 1218
f 1218 1216 1208
f 1219 1220 1221
f 1221 1222 1219
f 1219 1222 1223
f 1223 1224 1219
f 1219 1224 1225
f 1225 1226 1219
f 1219 1226 1227
f 1227 1196 1219
f 1219 1196 1191
f 1191 1220 1219
f 1228 1229 1230
f 1230 1231 1228
f 1228 1231 1232
f 1232 1233 1228
f 1228 1233 1234
f 1234 1235 1228
f 1228 1236 1237
f 1237 1229 1228
f 1228 1235 1238
f 1238 1236 1228
f 1239 1240 1241
f 1241 1242 1239
f 1239 1242 1243
f 1243 1244 1239
f 1239 1244 1245
f 1245 1240 1239
f 1246 1247 1248
f 1248 1249 1246
f 1246 1250 1223
f 1223 1247 1246
f 1246 1249 1251
f 1251 1250 1246
f 1252 1253 1254
f 1254 1255 1252
f 1252 1255 1256
f 1256 1257 1252
f 1252 1257 1258
f 1258 1253 1252
f 1259 1260 1261
f 1261 1262 1259
f 1259 1263 1264
f 1264 1260 1259
f 1259 1262 1265
f 1265 1263 1259
f 1266 1267 1268
f 1268 1269 1266
f 1266 1270 1271
f 1271 1267 1266
f 1266 1269 1272
f 1272 1270 1266
f 1273 1274 1275
f 1275 1276 1273
f 1273 1276 1277
f 1277 1278 1273
f 1273 1278 1279
f 1279 1274 1273
f 1279 1280 1282
f 1282 1283 1279
f 1279 1283 1284
f 1284 1274 1279
f 1279 1278 1285
f 1285 1280 1279
f 1285 1286 1287
f 1287 1280 1285
f 1285 1278 1277
f 1277 1288 1285
f 1285 1288 1289
f 1289 1286 1285
f 1289 1290 1291
f 1291 1286 1289
f 1289 1288 1292
f 1292 1293 1289
f 1289 1293 1294
f 1294 1290 1289
f 1294 1293 1216
f 1216 1218 1294
f 1294 1218 1271
f 1271 1270 1294
f 1294 1270 1272
f 1272 1290 1294
f 1293 1292 1217
f 1217 1216 1293
f 1292 1295 1296
f 1296 1217 1292
f 1292 1288 1277
f 1277 1295 1292
f 1296 1297 1298
f 1298 1299 1296
f 1296 1299 1214
f 1214 1217 1296
f 1296 1295 1300
f 1300 1297 1296
f 1300 1301 1302
f 1302 1297 1300
f 1300 1295 1277
f 1277 1276 1300
f 1300 1276 1275
f 1275 1301 1300
f 1302 1303 1304
f 1304 1305 1302
f 1302 1305 1298
f 1298 1297 1302
f 1302 1301 1306
f 1306 1303 1302
f 1306 1307 1308
f 1308 1303 1306
f 1306 1301 1275
f 1275 1309 1306
f 1306 1309 1310
f 1310 1307 1306
f 1310 1311 1312
f 1312 1307 1310
f 1310 1309 1284
f 1284 1313 1310
f 1310 1313 1314
f 1314 1311 1310
f 1314 1315 1316
f 1316 1311 1314
f 1314 1313 1317
f 1317 1318 1314
f 1314 1318 1319
f 1319 1315 1314
f 1319 1320 1323
f 1323 1324 1319
f 1319 1324 1325
f 1325 1315 1319
f 1319 1318 1326
f 1326 1320 1319
f 1327 1328 1329
f 1329 1321 1327
f 1326 1318 1317
f 1317 1331 1326
f 1327 1330 1332
f 1332 1328 1327
f 1332 1333 1334
f 1334 1328 1332
f 1332 1330 1281
f 1281 1335 1332
f 1332 1335 1336
f 1336 1333 1332
f 1336 1337 1338
f 1338 1333 1336
f 1336 1335 1287
f 1287 1339 1336
f 1336 1339 1340
f 1340 1337 1336
f 1340 1341 1342
f 1342 1337 1340
f 1340 1339 1291
f 1291 1343 1340
f 1340 1343 1344
f 1344 1341 1340
f 1344 1345 1346
f 1346 1341 1344
f 1344 1343 1272
f 1272 1269 1344
f 1344 1269 1268
f 1268 1345 1344
f 1346 1347 1348
f 1348 1349 1346
f 1346 1349 1342
f 1342 1341 1346
f 1346 1345 1350
f 1350 1347 1346
f 1350 1232 1351
f 1351 1347 1350
f 1350 1345 1268
f 1268 1352 1350
f 1350 1352 1233
f 1233 1232 1350
f 1352 1268 1267
f 1267 1353 1352
f 1352 1353 1234
f 1234 1233 1352
f 1353 1267 1271
f 1271 1354 1353
f 1353 1354 1355
f 1355 1234 1353
f 1355 1354 1211
f 1211 1210 1355
f 1355 1210 1356
f 1356 1357 1355
f 1355 1357 1235
f 1235 1234 1355
f 1357 1356 1358
f 1358 1359 1357
f 1357 1359 1238
f 1238 1235 1357
f 1359 1358 1360
f 1360 1361 1359
f 1359 1361 1362
f 1362 1238 1359
f 1362 1363 1236
f 1236 1238 1362
f 1362 1361 1364
f 1364 1365 1362
f 1362 1365 1366
f 1366 1363 1362
f 1366 1367 1368
f 1368 1363 1366
f 1366 1365 1369
f 1369 1370 1366
f 1366 1370 1371
f 1371 1367 1366
f 1371 1174 1176
f 1176 1367 1371
f 1371 1370 1372
f 1372 1373 1371
f 1371 1373 1175
f 1175 1174 1371
f 1373 1372 1374
f 1374 1375 1373
f 1373 1375 1156
f 1156 1175 1373
f 1375 1374 1376
f 1376 1377 1375
f 1375 1377 1154
f 1154 1156 1375
f 1377 1376 1378
f 1378 1379 1377
f 1377 1379 1155
f 1155 1154 1377
f 1379 1378 1380
f 1380 1381 1379
f 1379 1381 1382
f 1382 1155 1379
f 1382 1383 1151
f 1151 1155 1382
f 1382 1381 1384
f 1384 1385 1382
f 1382 1385 1386
f 1386 1383 1382
f 1386 1387 1169
f 1169 1383 1386
f 1386 1385 1388
f 1388 1389 1386
f 1386 1389 1390
f 1390 1387 1386
f 1390 1161 1167
f 1167 1387 1390
f 1390 1389 1391
f 1391 1392 1390
f 1390 1392 1162
f 1162 1161 1390
f 1392 1391 1393
f 1393 1394 1392
f 1392 1394 1395
f 1395 1162 1392
f 1395 1396 1158
f 1158 1162 1395
f 1395 1394 1397
f 1397 1398 1395
f 1395 1398 1399
f 1399 1396 1395
f 1399 1400 1401
f 1401 1396 1399
f 1399 1398 1402
f 1402 1403 1399
f 1399 1403 1404
f 1404 1400 1399
f 1404 1405 1406
f 1406 1400 1404
f 1404 1403 1407
f 1407 1408 1404
f 1404 1408 1409
f 1409 1405 1404
f 1409 1410 1411
f 1411 1405 1409
f 1409 1408 1412
f 1412 1413 1409
f 1409 1413 1414
f 1414 1410 1409
f 1414 1415 1416
f 1416 1410 1414
f 1414 1413 1417
f 1417 1418 1414
f 1414 1418 1419
f 1419 1415 1414
f 1419 1420 1421
f 1421 1415 1419
f 1419 1418 1422
f 1422 1423 1419
f 1419 1423 1424
f 1424 1420 1419
f 1424 990 992
f 992 1420 1424
f 1424 1423 1425
f 1425 1426 1424
f 1424 1426 991
f 991 990 1424
f 1426 1427 1428
f 1428 991 1426
f 1426 1425 1429
f 1429 1427 1426
f 1429 1430 1431
f 1431 1427 1429
f 1429 1425 895
f 895 894 1429
f 1429 894 893
f 893 1430 1429
f 1431 979 984
f 984 1432 1431
f 1431 1432 1428
f 1428 1427 1431
f 1431 1430 980
f 980 979 1431
f 1432 984 1005
f 1005 1433 1432
f 1432 1433 1434
f 1434 1428 1432
f 1434 1433 1435
f 1435 1436 1434
f 1434 1436 988
f 988 987 1434
f 1434 987 991
f 991 1428 1434
f 1436 1435 1437
f 1437 1438 1436
f 1436 1438 1439
f 1439 988 1436
f 1439 1438 1440
f 1440 1441 1439
f 1439 1441 1442
f 1442 1443 1439
f 1439 1443 989
f 989 988 1439
f 1443 1442 1444
f 1444 1445 1443
f 1443 1445 992
f 992 989 1443
f 1445 1444 1446
f 1446 1421 1445
f 1445 1421 1420
f 1420 992 1445
f 1446 1444 1447
f 1447 1448 1446
f 1446 1448 1449
f 1449 1416 1446
f 1446 1416 1415
f 1415 1421 1446
f 1449 1448 1450
f 1450 1451 1449
f 1449 1451 1452
f 1452 1411 1449
f 1449 1411 1410
f 1410 1416 1449
f 1452 1451 1453
f 1453 1454 1452
f 1452 1454 1455
f 1455 1406 1452
f 1452 1406 1405
f 1405 1411 1452
f 1455 1454 1456
f 1456 1457 1455
f 1455 1457 1159
f 1159 1401 1455
f 1455 1401 1400
f 1400 1406 1455
f 1457 1456 1458
f 1458 1459 1457
f 1457 1459 1160
f 1160 1159 1457
f 1459 1458 1460
f 1460 1461 1459
f 1459 1461 1166
f 1166 1160 1459
f 1461 1460 1462
f 1462 1463 1461
f 1461 1463 1464
f 1464 1166 1461
f 1464 1463 1465
f 1465 1466 1464
f 1464 1466 1467
f 1467 1468 1464
f 1464 1468 1163
f 1163 1166 1464
f 1468 1467 1469
f 1469 1470 1468
f 1468 1470 1164
f 1164 1163 1468
f 1470 1469 1471
f 1471 1472 1470
f 1470 1472 1473
f 1473 1164 1470
f 1473 1472 1474
f 1474 1475 1473
f 1473 1475 1173
f 1173 1172 1473
f 1473 1172 1165
f 1165 1164 1473
f 1475 1474 1476
f 1476 1477 1475
f 1475 1477 1176
f 1176 1173 1475
f 1477 1476 1237
f 1237 1368 1477
f 1477 1368 1367
f 1367 1176 1477
f 1476 1474 1478
f 1478 1479 1476
f 1476 1479 1229
f 1229 1237 1476
f 1479 1478 1480
f 1480 1481 1479
f 1479 1481 1230
f 1230 1229 1479
f 1481 1480 1482
f 1482 1483 1481
f 1481 1483 1484
f 1484 1230 1481
f 1484 1483 1485
f 1485 1486 1484
f 1484 1486 1487
f 1487 1488 1484
f 1484 1488 1231
f 1231 1230 1484
f 1488 1487 1489
f 1489 1351 1488
f 1488 1351 1232
f 1232 1231 1488
f 1489 1487 1490
f 1490 1491 1489
f 1489 1491 1492
f 1492 1348 1489
f 1489 1348 1347
f 1347 1351 1489
f 1492 1491 1493
f 1493 1494 1492
f 1492 1494 1495
f 1495 1496 1492
f 1492 1496 1349
f 1349 1348 1492
f 1496 1495 1497
f 1497 1498 1496
f 1496 1498 1342
f 1342 1349 1496
f 1498 1497 1499
f 1499 1338 1498
f 1498 1338 1337
f 1337 1342 1498
f 1499 1497 1500
f 1500 1501 1499
f 1499 1501 1502
f 1502 1334 1499
f 1499 1334 1333
f 1333 1338 1499
f 1502 1501 1503
f 1503 1504 1502
f 1502 1504 1505
f 1505 1329 1502
f 1502 1329 1328
f 1328 1334 1502
f 1505 1504 1506
f 1506 1507 1505
f 1505 1507 1508
f 1508 1322 1505
f 1505 1322 1321
f 1321 1329 1505
f 1508 1507 1510
f 1510 1511 1508
f 1509 1512 1263
f 1263 1265 1509
f 1509 1265 1324
f 1324 1323 1509
f 1511 1510 1513
f 1513 1514 1511
f 1512 1515 1264
f 1264 1263 1512
f 1514 1513 1516
f 1516 1517 1514
f 1515 1518 1519
f 1519 1264 1515
f 1519 1518 1520
f 1520 1522 1519
f 1519 1522 1523
f 1523 1524 1519
f 1519 1524 1260
f 1260 1264 1519
f 1524 1523 1525
f 1525 1526 1524
f 1524 1526 1261
f 1261 1260 1524
f 1526 1525 1527
f 1527 1528 1526
f 1526 1528 1529
f 1529 1261 1526
f 1529 1528 1530
f 1530 1316 1529
f 1529 1316 1315
f 1315 1325 1529
f 1529 1325 1262
f 1262 1261 1529
f 1530 1528 1527
f 1527 1531 1530
f 1530 1531 1532
f 1532 1312 1530
f 1530 1312 1311
f 1311 1316 1530
f 1532 1531 1533
f 1533 1534 1532
f 1532 1534 1535
f 1535 1308 1532
f 1532 1308 1307
f 1307 1312 1532
f 1535 1534 1536
f 1536 1537 1535
f 1535 1537 1538
f 1538 1304 1535
f 1535 1304 1303
f 1303 1308 1535
f 1538 1537 1089
f 1089 1539 1538
f 1538 1539 1540
f 1540 1541 1538
f 1538 1541 1305
f 1305 1304 1538
f 1541 1540 1542
f 1542 1543 1541
f 1541 1543 1298
f 1298 1305 1541
f 1543 1542 1544
f 1544 1545 1543
f 1543 1545 1299
f 1299 1298 1543
f 1545 1544 1546
f 1546 1215 1545
f 1545 1215 1214
f 1214 1299 1545
f 1546 1544 1547
f 1547 1548 1546
f 1546 1548 1549
f 1549 1550 1546
f 1546 1550 1212
f 1212 1215 1546
f 1550 1549 1127
f 1127 1551 1550
f 1550 1551 1213
f 1213 1212 1550
f 1551 1127 1126
f 1126 1552 1551
f 1551 1552 1553
f 1553 1213 1551
f 1553 1554 1209
f 1209 1213 1553
f 1553 1552 1555
f 1555 1556 1553
f 1553 1556 1557
f 1557 1554 1553
f 1557 1358 1356
f 1356 1554 1557
f 1557 1556 1558
f 1558 1559 1557
f 1557 1559 1360
f 1360 1358 1557
f 1559 1558 1128
f 1128 1560 1559
f 1559 1560 1561
f 1561 1360 1559
f 1561 1364 1361
f 1361 1360 1561
f 1561 1560 1082
f 1082 1562 1561
f 1561 1562 1563
f 1563 1364 1561
f 1563 1369 1365
f 1365 1364 1563
f 1563 1562 1564
f 1564 1565 1563
f 1563 1565 1566
f 1566 1369 1563
f 1566 1372 1370
f 1370 1369 1566
f 1566 1565 1567
f 1567 1568 1566
f 1566 1568 1374
f 1374 1372 1566
f 1568 1567 1569
f 1569 1570 1568
f 1568 1570 1376
f 1376 1374 1568
f 1570 1569 1571
f 1571 1572 1570
f 1570 1572 1378
f 1378 1376 1570
f 1572 1571 1573
f 1573 1574 1572
f 1572 1574 1380
f 1380 1378 1572
f 1574 1573 1575
f 1575 1576 1574
f 1574 1576 1577
f 1577 1380 1574
f 1577 1384 1381
f 1381 1380 1577
f 1577 1576 869
f 869 1578 1577
f 1577 1578 1579
f 1579 1384 1577
f 1579 1388 1385
f 1385 1384 1579
f 1579 1578 1580
f 1580 1581 1579
f 1579 1581 1582
f 1582 1388 1579
f 1582 1391 1389
f 1389 1388 1582
f 1582 1581 1583
f 1583 1584 1582
f 1582 1584 1393
f 1393 1391 1582
f 1584 1583 1585
f 1585 1586 1584
f 1584 1586 1587
f 1587 1393 1584
f 1587 1397 1394
f 1394 1393 1587
f 1587 1586 1588
f 1588 1589 1587
f 1587 1589 1590
f 1590 1397 1587
f 1590 1402 1398
f 1398 1397 1590
f 1590 1589 1591
f 1591 1592 1590
f 1590 1592 1593
f 1593 1402 1590
f 1593 1407 1403
f 1403 1402 1593
f 1593 1592 1594
f 1594 1595 1593
f 1593 1595 1596
f 1596 1407 1593
f 1596 1412 1408
f 1408 1407 1596
f 1596 1595 1597
f 1597 1598 1596
f 1596 1598 1599
f 1599 1412 1596
f 1599 1417 1413
f 1413 1412 1599
f 1599 1598 1600
f 1600 1601 1599
f 1599 1601 1602
f 1602 1417 1599
f 1602 1422 1418
f 1418 1417 1602
f 1602 1601 901
f 901 896 1602
f 1602 896 895
f 895 1422 1602
f 1601 1600 1603
f 1603 901 1601
f 1603 1600 1604
f 1604 1605 1603
f 1603 1605 1606
f 1606 1607 1603
f 1603 1607 897
f 897 901 1603
f 1607 1606 1608
f 1608 1609 1607
f 1607 1609 898
f 898 897 1607
f 1609 1608 1610
f 1610 1611 1609
f 1609 1611 1612
f 1612 898 1609
f 1612 837 899
f 899 898 1612
f 1612 1611 1613
f 1613 1614 1612
f 1612 1614 838
f 838 837 1612
f 1614 1613 1615
f 1615 1616 1614
f 1614 1616 839
f 839 838 1614
f 1616 1615 812
f 812 818 1616
f 1616 818 1617
f 1617 839 1616
f 1617 1618 1619
f 1619 1620 1617
f 1617 1620 834
f 834 839 1617
f 1617 818 817
f 817 1618 1617
f 1620 1619 1621
f 1621 1622 1620
f 1620 1622 835
f 835 834 1620
f 1622 1621 1623
f 1623 1624 1622
f 1622 1624 1625
f 1625 835 1622
f 1625 1624 1626
f 1626 1627 1625
f 1625 1627 892
f 892 900 1625
f 1625 900 836
f 836 835 1625
f 1627 1626 1628
f 1628 1629 1627
f 1627 1629 893
f 893 892 1627
f 1629 1628 977
f 977 980 1629
f 1629 980 1430
f 1430 893 1629
f 1628 886 885
f 885 977 1628
f 1628 1626 890
f 890 886 1628
f 1626 1624 1623
f 1623 890 1626
f 1623 1630 887
f 887 890 1623
f 1623 1621 1631
f 1631 1630 1623
f 1631 1632 1633
f 1633 1630 1631
f 1631 1621 1619
f 1619 1634 1631
f 1631 1634 1635
f 1635 1632 1631
f 1635 1636 1637
f 1637 1632 1635
f 1635 1634 1638
f 1638 1639 1635
f 1635 1639 1640
f 1640 1636 1635
f 1640 1641 1642
f 1642 1636 1640
f 1640 1639 1643
f 1643 1644 1640
f 1640 1644 1645
f 1645 1641 1640
f 1645 1646 1647
f 1647 1641 1645
f 1645 1644 1648
f 1648 1649 1645
f 1645 1649 1650
f 1650 1646 1645
f 1650 1651 1652
f 1652 1646 1650
f 1650 1649 1653
f 1653 1654 1650
f 1650 1654 1655
f 1655 1651 1650
f 1655 1656 1657
f 1657 1651 1655
f 1655 1654 1658
f 1658 1659 1655
f 1655 1659 1660
f 1660 1656 1655
f 1660 1661 1662
f 1662 1656 1660
f 1660 1659 1663
f 1663 1664 1660
f 1660 1664 1665
f 1665 1661 1660
f 1665 1666 1667
f 1667 1661 1665
f 1665 1664 756
f 756 755 1665
f 1665 755 1668
f 1668 1666 1665
f 1668 1669 1670
f 1670 1666 1668
f 1668 755 754
f 754 1671 1668
f 1668 1671 1672
f 1672 1669 1668
f 1672 1671 1673
f 1673 1674 1672
f 1672 1674 1675
f 1675 1676 1672
f 1672 1676 1677
f 1677 1669 1672
f 1677 1678 1679
f 1679 1680 1677
f 1677 1680 1670
f 1670 1669 1677
f 1677 1676 1681
f 1681 1678 1677
f 1681 1676 1675
f 1675 1682 1681
f 1681 1682 1683
f 1683 1684 1681
f 1681 1684 1685
f 1685 1678 1681
f 1685 1686 1679
f 1679 1678 1685
f 1685 1684 1687
f 1687 1688 1685
f 1685 1688 1689
f 1689 1686 1685
f 1689 721 726
f 726 1686 1689
f 1689 1688 673
f 673 1690 1689
f 1689 1690 722
f 722 721 1689
f 1690 673 670
f 670 1691 1690
f 1690 1691 1692
f 1692 722 1690
f 1692 1691 1693
f 1693 1694 1692
f 1692 1694 1695
f 1695 1696 1692
f 1692 1696 723
f 723 722 1692
f 1696 1695 1697
f 1697 1698 1696
f 1696 1698 724
f 724 723 1696
f 1698 1697 1699
f 1699 1700 1698
f 1698 1700 1701
f 1701 724 1698
f 1701 1700 1702
f 1702 1703 1701
f 1701 1703 1704
f 1704 1705 1701
f 1701 1705 725
f 725 724 1701
f 1705 1704 1706
f 1706 1707 1705
f 1705 1707 726
f 726 725 1705
f 1707 1706 1680
f 1680 1679 1707
f 1707 1679 1686
f 1686 726 1707
f 1706 1704 1708
f 1708 1709 1706
f 1706 1709 1670
f 1670 1680 1706
f 1709 1708 1710
f 1710 1667 1709
f 1709 1667 1666
f 1666 1670 1709
f 1710 1708 1711
f 1711 1712 1710
f 1710 1712 1713
f 1713 1662 1710
f 1710 1662 1661
f 1661 1667 1710
f 1713 1712 1714
f 1714 1715 1713
f 1713 1715 1716
f 1716 1657 1713
f 1713 1657 1656
f 1656 1662 1713
f 1716 1715 1717
f 1717 1718 1716
f 1716 1718 1719
f 1719 1652 1716
f 1716 1652 1651
f 1651 1657 1716
f 1719 1718 1720
f 1720 1721 1719
f 1719 1721 1722
f 1722 1647 1719
f 1719 1647 1646
f 1646 1652 1719
f 1722 1721 1723
f 1723 1724 1722
f 1722 1724 1725
f 1725 1642 1722
f 1722 1642 1641
f 1641 1647 1722
f 1725 1724 1726
f 1726 1727 1725
f 1725 1727 1728
f 1728 1637 1725
f 1725 1637 1636
f 1636 1642 1725
f 1728 1727 1729
f 1729 1730 1728
f 1728 1730 888
f 888 1633 1728
f 1728 1633 1632
f 1632 1637 1728
f 1730 1729 1731
f 1731 1732 1730
f 1730 1732 889
f 889 888 1730
f 1732 1731 1733
f 1733 1734 1732
f 1732 1734 1735
f 1735 889 1732
f 1735 1734 923
f 923 922 1735
f 1735 922 1736
f 1736 882 1735
f 1735 882 881
f 881 889 1735
f 1736 922 921
f 921 1737 1736
f 1736 1737 1738
f 1738 1739 1736
f 1736 1739 883
f 883 882 1736
f 1739 1738 1740
f 1740 1741 1739
f 1739 1741 1742
f 1742 883 1739
f 1742 1741 1743
f 1743 1744 1742
f 1742 1744 1745
f 1745 1746 1742
f 1742 1746 884
f 884 883 1742
f 1746 1745 981
f 981 978 1746
f 1746 978 885
f 885 884 1746
f 1745 1744 1747
f 1747 1748 1745
f 1745 1748 1135
f 1135 981 1745
f 1748 1747 1113
f 1113 1112 1748
f 1748 1112 1117
f 1117 1135 1748
f 1747 1744 1743
f 1743 1749 1747
f 1747 1749 1750
f 1750 1113 1747
f 1750 1749 1066
f 1066 1065 1750
f 1750 1065 1064
f 1064 1751 1750
f 1750 1751 1114
f 1114 1113 1750
f 1751 1064 1752
f 1752 1753 1751
f 1751 1753 1115
f 1115 1114 1751
f 1753 1752 1754
f 1754 1755 1753
f 1753 1755 1756
f 1756 1115 1753
f 1756 1755 1757
f 1757 1758 1756
f 1756 1758 1759
f 1759 1133 1756
f 1756 1133 1116
f 1116 1115 1756
f 1759 1758 1760
f 1760 1761 1759
f 1759 1761 1201
f 1201 1200 1759
f 1759 1200 1130
f 1130 1133 1759
f 1761 1760 1762
f 1762 1763 1761
f 1761 1763 1764
f 1764 1201 1761
f 1764 1763 1765
f 1765 1766 1764
f 1764 1766 1767
f 1767 1768 1764
f 1764 1768 1202
f 1202 1201 1764
f 1768 1767 1769
f 1769 1770 1768
f 1768 1770 1203
f 1203 1202 1768
f 1770 1769 1771
f 1771 1772 1770
f 1770 1772 1773
f 1773 1203 1770
f 1773 1772 1241
f 1241 1240 1773
f 1773 1240 1245
f 1245 1774 1773
f 1773 1774 1204
f 1204 1203 1773
f 1774 1245 1775
f 1775 1776 1774
f 1774 1776 1207
f 1207 1204 1774
f 1776 1775 1777
f 1777 1778 1776
f 1776 1778 1779
f 1779 1207 1776
f 1779 1778 1780
f 1780 1781 1779
f 1779 1781 1782
f 1782 1783 1779
f 1779 1783 1205
f 1205 1207 1779
f 1783 1782 1784
f 1784 1785 1783
f 1783 1785 1206
f 1206 1205 1783
f 1785 1784 1786
f 1786 1787 1785
f 1785 1787 1788
f 1788 1206 1785
f 1788 1132 1131
f 1131 1206 1788
f 1788 1787 1789
f 1789 1790 1788
f 1788 1790 1134
f 1134 1132 1788
f 1790 1789 1004
f 1004 985 1790
f 1790 985 982
f 982 1134 1790
f 1789 1787 1786
f 1786 1791 1789
f 1789 1791 1006
f 1006 1004 1789
f 1791 1786 1792
f 1792 1437 1791
f 1791 1437 1435
f 1435 1006 1791
f 1792 1786 1784
f 1784 1793 1792
f 1792 1793 1794
f 1794 1440 1792
f 1792 1440 1438
f 1438 1437 1792
f 1794 1793 1795
f 1795 1796 1794
f 1794 1796 1797
f 1797 1798 1794
f 1794 1798 1441
f 1441 1440 1794
f 1798 1797 1799
f 1799 1800 1798
f 1798 1800 1442
f 1442 1441 1798
f 1800 1799 1801
f 1801 1447 1800
f 1800 1447 1444
f 1444 1442 1800
f 1801 1799 1802
f 1802 1803 1801
f 1801 1803 1804
f 1804 1450 1801
f 1801 1450 1448
f 1448 1447 1801
f 1804 1803 1805
f 1805 1806 1804
f 1804 1806 1807
f 1807 1453 1804
f 1804 1453 1451
f 1451 1450 1804
f 1807 1806 1808
f 1808 1809 1807
f 1807 1809 1458
f 1458 1456 1807
f 1807 1456 1454
f 1454 1453 1807
f 1809 1808 1810
f 1810 1811 1809
f 1809 1811 1460
f 1460 1458 1809
f 1811 1810 1812
f 1812 1813 1811
f 1811 1813 1462
f 1462 1460 1811
f 1813 1812 1814
f 1814 1815 1813
f 1813 1815 1816
f 1816 1462 1813
f 1816 1815 1817
f 1817 1818 1816
f 1816 1818 1819
f 1819 1465 1816
f 1816 1465 1463
f 1463 1462 1816
f 1819 1818 1820
f 1820 1821 1819
f 1819 1821 1822
f 1822 1823 1819
f 1819 1823 1466
f 1466 1465 1819
f 1823 1822 1824
f 1824 1825 1823
f 1823 1825 1467
f 1467 1466 1823
f 1825 1824 1826
f 1826 1827 1825
f 1825 1827 1469
f 1469 1467 1825
f 1827 1826 1828
f 1828 1829 1827
f 1827 1829 1471
f 1471 1469 1827
f 1829 1828 1482
f 1482 1480 1829
f 1829 1480 1478
f 1478 1471 1829
f 1828 1826 1830
f 1830 1831 1828
f 1828 1831 1832
f 1832 1482 1828
f 1832 1831 1833
f 1833 1834 1832
f 1832 1834 1835
f 1835 1485 1832
f 1832 1485 1483
f 1483 1482 1832
f 1835 1834 1836
f 1836 1837 1835
f 1835 1837 1838
f 1838 1839 1835
f 1835 1839 1486
f 1486 1485 1835
f 1839 1838 1840
f 1840 1490 1839
f 1839 1490 1487
f 1487 1486 1839
f 1840 1838 1841
f 1841 1842 1840
f 1840 1842 1843
f 1843 1493 1840
f 1840 1493 1491
f 1491 1490 1840
f 1843 1842 1844
f 1844 1845 1843
f 1843 1845 1846
f 1846 1847 1843
f 1843 1847 1494
f 1494 1493 1843
f 1847 1846 1848
f 1848 1849 1847
f 1847 1849 1495
f 1495 1494 1847
f 1849 1848 1850
f 1850 1500 1849
f 1849 1500 1497
f 1497 1495 1849
f 1850 1848 1851
f 1851 1852 1850
f 1850 1852 1853
f 1853 1503 1850
f 1850 1503 1501
f 1501 1500 1850
f 1853 1852 1854
f 1854 1855 1853
f 1853 1855 1856
f 1856 1506 1853
f 1853 1506 1504
f 1504 1503 1853
f 1856 1855 1857
f 1857 1858 1856
f 1856 1858 1513
f 1513 1510 1856
f 1856 1510 1507
f 1507 1506 1856
f 1858 1857 1859
f 1859 1860 1858
f 1858 1860 1516
f 1516 1513 1858
f 1860 1859 1861
f 1861 1862 1860
f 1860 1862 1863
f 1863 1516 1860
f 1863 1862 1864
f 1864 1865 1863
f 1863 1865 1866
f 1866 1521 1863
f 1863 1521 1517
f 1517 1516 1863
f 1866 1865 1868
f 1868 1146 1866
f 1867 1145 1144
f 1144 1869 1867
f 1867 1869 1522
f 1522 1520 1867
f 1869 1144 1149
f 1149 1870 1869
f 1869 1870 1523
f 1523 1522 1869
f 1870 1149 1871
f 1871 1872 1870
f 1870 1872 1525
f 1525 1523 1870
f 1872 1871 1873
f 1873 1874 1872
f 1872 1874 1527
f 1527 1525 1872
f 1874 1873 1875
f 1875 1533 1874
f 1874 1533 1531
f 1531 1527 1874
f 1875 1873 1876
f 1876 1877 1875
f 1875 1877 1090
f 1090 1536 1875
f 1875 1536 1534
f 1534 1533 1875
f 1877 1876 1878
f 1878 1035 1877
f 1877 1035 1034
f 1034 1090 1877
f 1878 1879 1880
f 1880 1881 1878
f 1878 1881 1036
f 1036 1035 1878
f 1878 1876 1882
f 1882 1879 1878
f 1882 1148 1147
f 1147 1879 1882
f 1882 1876 1873
f 1873 1871 1882
f 1882 1871 1149
f 1149 1148 1882
f 1881 1880 1028
f 1028 1027 1881
f 1881 1027 1026
f 1026 1036 1881
f 1880 1883 1884
f 1884 1028 1880
f 1880 1879 1147
f 1147 1883 1880
f 1884 1885 1023
f 1023 1028 1884
f 1884 1883 1886
f 1886 1887 1884
f 1884 1887 1888
f 1888 1885 1884
f 1888 1889 1890
f 1890 1885 1888
f 1888 1887 1891
f 1891 1892 1888
f 1888 1892 1893
f 1893 1889 1888
f 1893 1894 1895
f 1895 1889 1893
f 1893 1892 1896
f 1896 1897 1893
f 1893 1897 1898
f 1898 1894 1893
f 1898 1899 1900
f 1900 1894 1898
f 1898 1897 1901
f 1901 1902 1898
f 1898 1902 1903
f 1903 1899 1898
f 1903 1904 1905
f 1905 1899 1903
f 1903 1902 1906
f 1906 1907 1903
f 1903 1907 1908
f 1908 1904 1903
f 1908 1909 1910
f 1910 1904 1908
f 1908 1907 1911
f 1911 1912 1908
f 1908 1912 1913
f 1913 1909 1908
f 1913 1914 1915
f 1915 1909 1913
f 1913 1912 1916
f 1916 1917 1913
f 1913 1917 1918
f 1918 1914 1913
f 1918 1919 1920
f 1920 1914 1918
f 1918 1917 1921
f 1921 1922 1918
f 1918 1922 1923
f 1923 1919 1918
f 1923 1924 1925
f 1925 1919 1923
f 1923 1922 1926
f 1926 1927 1923
f 1923 1927 1928
f 1928 1924 1923
f 1928 1929 1930
f 1930 1924 1928
f 1928 1927 1931
f 1931 1932 1928
f 1928 1932 1933
f 1933 1929 1928
f 1933 1934 1935
f 1935 1929 1933
f 1933 1932 1936
f 1936 1937 1933
f 1933 1937 1938
f 1938 1934 1933
f 1938 1939 1940
f 1940 1934 1938
f 1938 1937 1941
f 1941 1942 1938
f 1938 1942 1943
f 1943 1939 1938
f 1943 1944 1945
f 1945 1939 1943
f 1943 1942 1946
f 1946 1947 1943
f 1943 1947 1948
f 1948 1944 1943
f 1948 1949 1950
f 1950 1944 1948
f 1948 1947 1951
f 1951 1952 1948
f 1948 1952 1953
f 1953 1949 1948
f 1953 1954 1955
f 1955 1949 1953
f 1953 1952 1956
f 1956 1957 1953
f 1953 1957 1958
f 1958 1954 1953
f 1958 1959 1960
f 1960 1954 1958
f 1958 1957 1961
f 1961 1962 1958
f 1958 1962 1963
f 1963 1959 1958
f 1963 1964 1965
f 1965 1959 1963
f 1963 1962 1966
f 1966 1969 1963
f 1963 1969 1970
f 1970 1964 1963
f 1970 1972 1974
f 1974 1964 1970
f 1971 1968 1975
f 1975 1976 1971
f 1971 1976 1977
f 1977 1973 1971
f 1977 1978 1980
f 1980 1973 1977
f 1977 1976 1981
f 1981 1982 1977
f 1977 1982 1983
f 1983 1978 1977
f 1983 1984 1985
f 1985 1978 1983
f 1983 1982 1986
f 1986 1987 1983
f 1983 1987 1988
f 1988 1984 1983
f 1988 1990 1992
f 1992 1984 1988
f 1988 1987 607
f 607 606 1988
f 1988 606 605
f 605 1990 1988
f 1991 1993 1994
f 1994 1995 1991
f 1992 1996 1985
f 1985 1984 1992
f 1991 1989 1997
f 1997 1993 1991
f 1997 1998 1999
f 1999 1993 1997
f 1997 1989 604
f 604 525 1997
f 1997 525 522
f 522 1998 1997
f 1999 2000 2001
f 2001 2002 1999
f 1999 2002 1994
f 1994 1993 1999
f 1999 1998 2003
f 2003 2000 1999
f 2003 2004 2005
f 2005 2000 2003
f 2003 1998 522
f 522 521 2003
f 2003 521 2006
f 2006 2004 2003
f 2006 2007 2008
f 2008 2004 2006
f 2006 521 520
f 520 2009 2006
f 2006 2009 2010
f 2010 2007 2006
f 2010 2011 2012
f 2012 2007 2010
f 2010 2009 2013
f 2013 2014 2010
f 2010 2014 2015
f 2015 2011 2010
f 2015 2016 2017
f 2017 2011 2015
f 2015 2014 2019
f 2019 2020 2015
f 2015 2020 2022
f 2022 2016 2015
f 2022 2025 2026
f 2026 2016 2022
f 2023 2021 495
f 495 498 2023
f 2023 498 2027
f 2027 2024 2023
f 2027 2028 2029
f 2029 2024 2027
f 2027 498 492
f 492 2031 2027
f 2027 2031 2032
f 2032 2028 2027
f 2032 2033 2034
f 2034 2028 2032
f 2032 2031 2035
f 2035 2036 2032
f 2032 2036 2037
f 2037 2033 2032
f 2037 2038 2039
f 2039 2033 2037
f 7006 6993 2041
f 2041 2038 7006
f 7057 7042 2042
f 2042 2045 2046
f 2046 2043 2042
f 2046 2047 2048
f 2048 2043 2046
f 2046 2045 2049
f 2049 2050 2046
f 2046 2050 2051
f 2051 2047 2046
f 2051 2052 2053
f 2053 2047 2051
f 2051 2050 2054
f 2054 2055 2051
f 2051 2055 2056
f 2056 2052 2051
f 2056 2057 2058
f 2058 2052 2056
f 2056 2055 2059
f 2059 2060 2056
f 2056 2060 2061
f 2061 2057 2056
f 2061 2062 2063
f 2063 2057 2061
f 2061 2060 2064
f 2064 2065 2061
f 2061 2065 2066
f 2066 2062 2061
f 2066 2067 2068
f 2068 2062 2066
f 2066 2065 662
f 662 661 2066
f 2066 661 665
f 665 2067 2066
f 2068 2069 624
f 624 623 2068
f 2068 623 2063
f 2063 2062 2068
f 2068 2067 2070
f 2070 2069 2068
f 2070 2067 665
f 665 2071 2070
f 2070 2071 2072
f 2072 2073 2070
f 2070 2073 2074
f 2074 2069 2070
f 2074 625 624
f 624 2069 2074
f 2074 2073 2075
f 2075 579 2074
f 2074 579 574
f 574 625 2074
f 2075 2073 2072
f 2072 2076 2075
f 2075 2076 2077
f 2077 2078 2075
f 2075 2078 577
f 577 579 2075
f 2078 2077 2079
f 2079 2080 2078
f 2078 2080 578
f 578 577 2078
f 2080 2079 2081
f 2081 2082 2080
f 2080 2082 2083
f 2083 578 2080
f 2083 2084 575
f 575 578 2083
f 2083 2082 487
f 487 486 2083
f 2083 486 473
f 473 2084 2083
f 2084 2085 576
f 576 575 2084
f 2084 473 470
f 470 2085 2084
f 2085 470 469
f 469 2086 2085
f 2085 2086 2087
f 2087 576 2085
f 2087 2086 2088
f 2088 2089 2087
f 2087 2089 518
f 518 513 2087
f 2087 513 512
f 512 576 2087
f 2089 2088 484
f 484 481 2089
f 2089 481 480
f 480 518 2089
f 2088 2086 469
f 469 2090 2088
f 2088 2090 2091
f 2091 484 2088
f 2091 2090 2092
f 2092 2093 2091
f 2091 2093 397
f 397 396 2091
f 2091 396 482
f 482 484 2091
f 2093 2092 2094
f 2094 2095 2093
f 2093 2095 399
f 399 397 2093
f 2095 2094 2096
f 2096 2097 2095
f 2095 2097 2098
f 2098 399 2095
f 2098 2097 2099
f 2099 2100 2098
f 2098 2100 2101
f 2101 2102 2098
f 2098 2102 393
f 393 399 2098
f 2102 2101 2103
f 2103 2104 2102
f 2102 2104 394
f 394 393 2102
f 2104 2103 2105
f 2105 2106 2104
f 2104 2106 2107
f 2107 394 2104
f 7072 7076 391
f 391 390 7072
f 7076 7077 391
f 7077 7078 392
f 392 391 7077
f 6966 6971 2108
f 2108 2109 6966
f 6966 2109 2110
f 2110 6952 6966
f 2110 2109 2111
f 2111 2112 2110
f 2113 2112 2114
f 2114 2115 2113
f 2113 2115 2116
f 2116 2041 2113
f 2116 2115 2117
f 2117 2118 2116
f 2116 2118 2119
f 2119 2039 2116
f 2116 2039 2038
f 2038 2041 2116
f 2119 2118 2120
f 2120 2122 2119
f 2119 2122 2124
f 2124 2034 2119
f 2119 2034 2033
f 2033 2039 2119
f 2125 2123 2126
f 2126 2127 2125
f 2125 2127 2128
f 2128 2030 2125
f 2124 2029 2028
f 2028 2034 2124
f 2128 2127 2129
f 2129 2130 2128
f 2128 2130 2131
f 2131 2026 2128
f 2128 2026 2025
f 2025 2030 2128
f 2131 2130 2132
f 2132 2133 2131
f 2131 2133 2134
f 2134 2017 2131
f 2131 2017 2016
f 2016 2026 2131
f 2134 2133 2135
f 2135 2136 2134
f 2134 2136 2137
f 2137 2012 2134
f 2134 2012 2011
f 2011 2017 2134
f 2137 2136 2138
f 2138 2139 2137
f 2137 2139 2140
f 2140 2008 2137
f 2137 2008 2007
f 2007 2012 2137
f 2140 2139 2141
f 2141 2142 2140
f 2140 2142 2143
f 2143 2005 2140
f 2140 2005 2004
f 2004 2008 2140
f 2143 2142 2144
f 2144 2145 2143
f 2143 2145 2146
f 2146 2001 2143
f 2143 2001 2000
f 2000 2005 2143
f 2146 2145 2147
f 2147 2148 2146
f 2146 2148 2149
f 2149 2150 2146
f 2146 2150 2002
f 2002 2001 2146
f 2150 2149 2151
f 2151 2152 2150
f 2150 2152 1994
f 1994 2002 2150
f 2152 2151 2153
f 2153 2154 2152
f 2152 2154 1995
f 1995 1994 2152
f 2154 2153 2156
f 2156 2158 2154
f 2155 2157 1985
f 1985 1996 2155
f 2158 2156 2159
f 2159 1979 2158
f 2157 1980 1978
f 1978 1985 2157
f 2159 2156 2160
f 2160 2161 2159
f 2159 2161 2162
f 2162 1974 2159
f 2159 1974 1972
f 1972 1979 2159
f 2162 2161 2163
f 2163 2164 2162
f 2162 2164 2165
f 2165 1965 2162
f 2162 1965 1964
f 1964 1974 2162
f 2165 2164 2166
f 2166 2167 2165
f 2165 2167 2168
f 2168 1960 2165
f 2165 1960 1959
f 1959 1965 2165
f 2168 2167 2169
f 2169 2170 2168
f 2168 2170 2171
f 2171 1955 2168
f 2168 1955 1954
f 1954 1960 2168
f 2171 2170 2172
f 2172 2173 2171
f 2171 2173 2174
f 2174 1950 2171
f 2171 1950 1949
f 1949 1955 2171
f 2174 2173 2175
f 2175 2176 2174
f 2174 2176 2177
f 2177 1945 2174
f 2174 1945 1944
f 1944 1950 2174
f 2177 2176 2178
f 2178 2179 2177
f 2177 2179 2180
f 2180 1940 2177
f 2177 1940 1939
f 1939 1945 2177
f 2180 2179 2181
f 2181 2182 2180
f 2180 2182 2183
f 2183 1935 2180
f 2180 1935 1934
f 1934 1940 2180
f 2183 2182 2184
f 2184 2185 2183
f 2183 2185 2186
f 2186 1930 2183
f 2183 1930 1929
f 1929 1935 2183
f 2186 2185 2187
f 2187 2188 2186
f 2186 2188 2189
f 2189 1925 2186
f 2186 1925 1924
f 1924 1930 2186
f 2189 2188 2190
f 2190 2191 2189
f 2189 2191 2192
f 2192 1920 2189
f 2189 1920 1919
f 1919 1925 2189
f 2192 2191 2193
f 2193 2194 2192
f 2192 2194 2195
f 2195 1915 2192
f 2192 1915 1914
f 1914 1920 2192
f 2195 2194 2196
f 2196 2197 2195
f 2195 2197 2198
f 2198 1910 2195
f 2195 1910 1909
f 1909 1915 2195
f 2198 2197 2199
f 2199 2200 2198
f 2198 2200 2201
f 2201 1905 2198
f 2198 1905 1904
f 1904 1910 2198
f 2201 2200 2202
f 2202 2203 2201
f 2201 2203 2204
f 2204 1900 2201
f 2201 1900 1899
f 1899 1905 2201
f 2204 2203 2205
f 2205 2206 2204
f 2204 2206 2207
f 2207 1895 2204
f 2204 1895 1894
f 1894 1900 2204
f 2207 2206 2208
f 2208 2209 2207
f 2207 2209 1024
f 1024 1890 2207
f 2207 1890 1889
f 1889 1895 2207
f 2209 2208 2210
f 2210 2211 2209
f 2209 2211 1025
f 1025 1024 2209
f 2211 2210 1038
f 1038 1037 2211
f 2211 1037 1026
f 1026 1025 2211
f 2210 2212 2213
f 2213 1038 2210
f 2210 2208 2214
f 2214 2212 2210
f 2214 2215 2216
f 2216 2212 2214
f 2214 2208 2206
f 2206 2205 2214
f 2214 2205 2217
f 2217 2215 2214
f 2217 2218 2219
f 2219 2215 2217
f 2217 2205 2203
f 2203 2202 2217
f 2217 2202 2220
f 2220 2218 2217
f 2220 2221 2222
f 2222 2218 2220
f 2220 2202 2200
f 2200 2199 2220
f 2220 2199 2223
f 2223 2221 2220
f 2223 2224 2225
f 2225 2221 2223
f 2223 2199 2197
f 2197 2196 2223
f 2223 2196 2226
f 2226 2224 2223
f 2226 794 793
f 793 2224 2226
f 2226 2196 2194
f 2194 2193 2226
f 2226 2193 2227
f 2227 794 2226
f 2227 2228 795
f 795 794 2227
f 2227 2193 2191
f 2191 2190 2227
f 2227 2190 2229
f 2229 2228 2227
f 2229 2230 2231
f 2231 2228 2229
f 2229 2190 2188
f 2188 2187 2229
f 2229 2187 2232
f 2232 2230 2229
f 2232 2233 2234
f 2234 2230 2232
f 2232 2187 2185
f 2185 2184 2232
f 2232 2184 2235
f 2235 2233 2232
f 2235 2236 2237
f 2237 2233 2235
f 2235 2184 2182
f 2182 2181 2235
f 2235 2181 2238
f 2238 2236 2235
f 2238 2239 2240
f 2240 2236 2238
f 2238 2181 2179
f 2179 2178 2238
f 2238 2178 2241
f 2241 2239 2238
f 2241 2242 2243
f 2243 2239 2241
f 2241 2178 2176
f 2176 2175 2241
f 2241 2175 2244
f 2244 2242 2241
f 2244 2245 2246
f 2246 2242 2244
f 2244 2175 2173
f 2173 2172 2244
f 2244 2172 2247
f 2247 2245 2244
f 2247 2248 2249
f 2249 2245 2247
f 2247 2172 2170
f 2170 2169 2247
f 2247 2169 2250
f 2250 2248 2247
f 2250 2251 2252
f 2252 2248 2250
f 2250 2169 2167
f 2167 2166 2250
f 2250 2166 2253
f 2253 2251 2250
f 2253 2254 2255
f 2255 2251 2253
f 2253 2166 2164
f 2164 2163 2253
f 2253 2163 2256
f 2256 2254 2253
f 2256 2257 2258
f 2258 2254 2256
f 2256 2163 2161
f 2161 2160 2256
f 2256 2160 2259
f 2259 2257 2256
f 2259 2260 2261
f 2261 2257 2259
f 2259 2160 2156
f 2156 2153 2259
f 2259 2153 2151
f 2151 2260 2259
f 2261 2262 2263
f 2263 2264 2261
f 2261 2264 2258
f 2258 2257 2261
f 2261 2260 2265
f 2265 2262 2261
f 2265 2266 2267
f 2267 2262 2265
f 2265 2260 2151
f 2151 2149 2265
f 2265 2149 2148
f 2148 2266 2265
f 2267 2268 2269
f 2269 2270 2267
f 2267 2270 2263
f 2263 2262 2267
f 2267 2266 2271
f 2271 2268 2267
f 2271 2272 2273
f 2273 2268 2271
f 2271 2266 2148
f 2148 2147 2271
f 2271 2147 2274
f 2274 2272 2271
f 2274 2275 2276
f 2276 2272 2274
f 2274 2147 2145
f 2145 2144 2274
f 2274 2144 2277
f 2277 2275 2274
f 2277 2278 2279
f 2279 2275 2277
f 2277 2144 2142
f 2142 2141 2277
f 2277 2141 2280
f 2280 2278 2277
f 2280 2281 2282
f 2282 2278 2280
f 2280 2141 2139
f 2139 2138 2280
f 2280 2138 2283
f 2283 2281 2280
f 2283 2284 2285
f 2285 2281 2283
f 2283 2138 2136
f 2136 2135 2283
f 2283 2135 2286
f 2286 2284 2283
f 2286 2287 2288
f 2288 2284 2286
f 2286 2135 2133
f 2133 2132 2286
f 2286 2132 2289
f 2289 2287 2286
f 2289 2290 2291
f 2291 2287 2289
f 2289 2132 2130
f 2130 2129 2289
f 2289 2129 2292
f 2292 2290 2289
f 2292 2293 2294
f 2294 2290 2292
f 2292 2129 2127
f 2127 2126 2292
f 2292 2126 2295
f 2295 2293 2292
f 2295 2296 2297
f 2297 2293 2295
f 2295 2126 2123
f 2123 2121 2295
f 2295 2121 2299
f 2299 2296 2295
f 2299 2301 2302
f 2302 2296 2299
f 2298 2120 2118
f 2118 2117 2298
f 2298 2117 2303
f 2303 2300 2298
f 2303 2304 2305
f 2305 2300 2303
f 2303 2117 2115
f 2115 2114 2303
f 2303 2114 2307
f 2307 2304 2303
f 2307 2308 2309
f 2309 2304 2307
f 2307 2114 2112
f 2112 2111 2307
f 2307 2111 2310
f 2310 2308 2307
f 2310 2311 2312
f 2312 2308 2310
f 2310 2111 2109
f 2109 2108 2310
f 2310 2108 2313
f 2313 2311 2310
f 7032 7031 2315
f 7032 2315 2316
f 2316 6969 7032
f 2316 2315 2317
f 2317 2318 2316
f 2316 2318 2319
f 2319 2314 2316
f 2319 2318 2320
f 2320 2321 2319
f 2319 2321 2322
f 2322 2312 2319
f 2319 2312 2311
f 2311 2314 2319
f 2322 2321 2323
f 2323 2325 2322
f 2322 2325 2327
f 2327 2309 2322
f 2322 2309 2308
f 2308 2312 2322
f 2328 2326 2329
f 2329 2330 2328
f 2328 2330 2331
f 2331 2306 2328
f 2327 2305 2304
f 2304 2309 2327
f 2331 2330 2332
f 2332 2333 2331
f 2331 2333 2334
f 2334 2302 2331
f 2331 2302 2301
f 2301 2306 2331
f 2334 2333 2335
f 2335 2336 2334
f 2334 2336 2337
f 2337 2297 2334
f 2334 2297 2296
f 2296 2302 2334
f 2337 2336 2338
f 2338 2339 2337
f 2337 2339 2340
f 2340 2294 2337
f 2337 2294 2293
f 2293 2297 2337
f 2340 2339 2341
f 2341 2342 2340
f 2340 2342 2343
f 2343 2291 2340
f 2340 2291 2290
f 2290 2294 2340
f 2343 2342 2344
f 2344 2345 2343
f 2343 2345 2346
f 2346 2288 2343
f 2343 2288 2287
f 2287 2291 2343
f 2346 2345 2347
f 2347 2348 2346
f 2346 2348 2349
f 2349 2285 2346
f 2346 2285 2284
f 2284 2288 2346
f 2349 2348 2350
f 2350 2351 2349
f 2349 2351 2352
f 2352 2282 2349
f 2349 2282 2281
f 2281 2285 2349
f 2352 2351 2353
f 2353 2354 2352
f 2352 2354 2355
f 2355 2279 2352
f 2352 2279 2278
f 2278 2282 2352
f 2355 2354 2356
f 2356 2357 2355
f 2355 2357 2358
f 2358 2276 2355
f 2355 2276 2275
f 2275 2279 2355
f 2358 2357 2359
f 2359 2360 2358
f 2358 2360 2361
f 2361 2273 2358
f 2358 2273 2272
f 2272 2276 2358
f 2361 2360 2362
f 2362 2363 2361
f 2361 2363 2364
f 2364 2269 2361
f 2361 2269 2268
f 2268 2273 2361
f 2364 2363 2365
f 2365 2366 2364
f 2364 2366 2367
f 2367 2368 2364
f 2364 2368 2270
f 2270 2269 2364
f 2368 2367 2369
f 2369 2370 2368
f 2368 2370 2263
f 2263 2270 2368
f 2370 2369 2371
f 2371 2372 2370
f 2370 2372 2264
f 2264 2263 2370
f 2372 2371 2373
f 2373 2374 2372
f 2372 2374 2258
f 2258 2264 2372
f 2374 2373 2375
f 2375 2255 2374
f 2374 2255 2254
f 2254 2258 2374
f 2375 2373 2376
f 2376 2377 2375
f 2375 2377 2378
f 2378 2252 2375
f 2375 2252 2251
f 2251 2255 2375
f 2378 2377 2379
f 2379 2380 2378
f 2378 2380 2381
f 2381 2249 2378
f 2378 2249 2248
f 2248 2252 2378
f 2381 2380 2382
f 2382 2383 2381
f 2381 2383 2384
f 2384 2246 2381
f 2381 2246 2245
f 2245 2249 2381
f 2384 2383 2385
f 2385 2386 2384
f 2384 2386 2387
f 2387 2243 2384
f 2384 2243 2242
f 2242 2246 2384
f 2387 2386 2388
f 2388 2389 2387
f 2387 2389 2390
f 2390 2240 2387
f 2387 2240 2239
f 2239 2243 2387
f 2390 2389 2391
f 2391 2392 2390
f 2390 2392 2393
f 2393 2237 2390
f 2390 2237 2236
f 2236 2240 2390
f 2393 2392 2394
f 2394 2395 2393
f 2393 2395 2396
f 2396 2234 2393
f 2393 2234 2233
f 2233 2237 2393
f 2396 2395 2397
f 2397 2398 2396
f 2396 2398 2399
f 2399 2231 2396
f 2396 2231 2230
f 2230 2234 2396
f 2399 2398 779
f 779 778 2399
f 2399 778 780
f 780 795 2399
f 2399 795 2228
f 2228 2231 2399
f 2398 2397 2400
f 2400 779 2398
f 2400 2401 2402
f 2402 2403 2400
f 2400 2403 775
f 775 779 2400
f 2400 2397 2404
f 2404 2401 2400
f 2404 2405 2406
f 2406 2401 2404
f 2404 2397 2395
f 2395 2394 2404
f 2404 2394 2407
f 2407 2405 2404
f 2407 2408 2409
f 2409 2405 2407
f 2407 2394 2392
f 2392 2391 2407
f 2407 2391 2410
f 2410 2408 2407
f 2410 2411 2412
f 2412 2408 2410
f 2410 2391 2389
f 2389 2388 2410
f 2410 2388 2413
f 2413 2411 2410
f 2413 2414 2415
f 2415 2411 2413
f 2413 2388 2386
f 2386 2385 2413
f 2413 2385 2416
f 2416 2414 2413
f 2416 2417 2418
f 2418 2414 2416
f 2416 2385 2383
f 2383 2382 2416
f 2416 2382 2419
f 2419 2417 2416
f 2419 2420 2421
f 2421 2417 2419
f 2419 2382 2380
f 2380 2379 2419
f 2419 2379 2422
f 2422 2420 2419
f 2422 2423 2424
f 2424 2420 2422
f 2422 2379 2377
f 2377 2376 2422
f 2422 2376 2425
f 2425 2423 2422
f 2425 2426 2427
f 2427 2423 2425
f 2425 2376 2373
f 2373 2371 2425
f 2425 2371 2369
f 2369 2426 2425
f 2427 2428 2429
f 2429 2430 2427
f 2427 2430 2424
f 2424 2423 2427
f 2427 2426 2431
f 2431 2428 2427
f 2431 2432 2433
f 2433 2428 2431
f 2431 2426 2369
f 2369 2367 2431
f 2431 2367 2366
f 2366 2432 2431
f 2433 2434 2435
f 2435 2436 2433
f 2433 2436 2429
f 2429 2428 2433
f 2433 2432 2437
f 2437 2434 2433
f 2437 2438 2439
f 2439 2434 2437
f 2437 2432 2366
f 2366 2365 2437
f 2437 2365 2440
f 2440 2438 2437
f 2440 2441 2442
f 2442 2438 2440
f 2440 2365 2363
f 2363 2362 2440
f 2440 2362 2443
f 2443 2441 2440
f 2443 2444 2445
f 2445 2441 2443
f 2443 2362 2360
f 2360 2359 2443
f 2443 2359 2446
f 2446 2444 2443
f 2446 2447 2448
f 2448 2444 2446
f 2446 2359 2357
f 2357 2356 2446
f 2446 2356 2449
f 2449 2447 2446
f 2449 2450 2451
f 2451 2447 2449
f 2449 2356 2354
f 2354 2353 2449
f 2449 2353 2452
f 2452 2450 2449
f 2452 2453 2454
f 2454 2450 2452
f 2452 2353 2351
f 2351 2350 2452
f 2452 2350 2455
f 2455 2453 2452
f 2455 2456 2457
f 2457 2453 2455
f 2455 2350 2348
f 2348 2347 2455
f 2455 2347 2458
f 2458 2456 2455
f 2458 2459 2460
f 2460 2456 2458
f 2458 2347 2345
f 2345 2344 2458
f 2458 2344 2461
f 2461 2459 2458
f 2461 2462 2463
f 2463 2459 2461
f 2461 2344 2342
f 2342 2341 2461
f 2461 2341 2464
f 2464 2462 2461
f 2464 2465 2466
f 2466 2462 2464
f 2464 2341 2339
f 2339 2338 2464
f 2464 2338 2467
f 2467 2465 2464
f 2467 2468 2469
f 2469 2465 2467
f 2467 2338 2336
f 2336 2335 2467
f 2467 2335 2470
f 2470 2468 2467
f 2470 2471 2472
f 2472 2468 2470
f 2470 2335 2333
f 2333 2332 2470
f 2470 2332 2473
f 2473 2471 2470
f 2473 2474 2475
f 2475 2471 2473
f 2473 2332 2330
f 2330 2329 2473
f 2473 2329 2476
f 2476 2474 2473
f 2476 2477 2478
f 2478 2474 2476
f 2476 2329 2326
f 2326 2324 2476
f 2476 2324 2480
f 2480 2477 2476
f 2480 2482 2483
f 2483 2477 2480
f 2479 2323 2321
f 2321 2320 2479
f 2479 2320 2484
f 2484 2481 2479
f 2484 2485 2486
f 2486 2481 2484
f 2484 2320 2318
f 2318 2317 2484
f 2484 2317 2488
f 2488 2485 2484
f 2488 2489 2490
f 2490 2485 2488
f 7067 7075 2491
f 2491 2489 7067
f 7036 2493 2495
f 2495 7053 7036
f 7036 7068 2493
f 7053 2495 2497
f 7053 2497 2498
f 7053 2498 7052
f 7052 2498 7051
f 7051 2498 2499
f 2499 7045 7051
f 6977 6975 2500
f 2500 2501 6977
f 6977 2501 2502
f 2502 6959 6977
f 2502 2501 2503
f 2503 2504 2502
f 2502 2504 2505
f 2505 2491 2502
f 2505 2504 192
f 192 2506 2505
f 2505 2506 2508
f 2508 2490 2505
f 2505 2490 2489
f 2489 2491 2505
f 2509 2507 2510
f 2510 2511 2509
f 2509 2511 2512
f 2512 2487 2509
f 2508 2486 2485
f 2485 2490 2508
f 2512 2511 2513
f 2513 2514 2512
f 2512 2514 2515
f 2515 2483 2512
f 2512 2483 2482
f 2482 2487 2512
f 2515 2514 2516
f 2516 2517 2515
f 2515 2517 2518
f 2518 2478 2515
f 2515 2478 2477
f 2477 2483 2515
f 2518 2517 2519
f 2519 2520 2518
f 2518 2520 2521
f 2521 2475 2518
f 2518 2475 2474
f 2474 2478 2518
f 2521 2520 305
f 305 2522 2521
f 2521 2522 2523
f 2523 2472 2521
f 2521 2472 2471
f 2471 2475 2521
f 2523 2522 2524
f 2524 2525 2523
f 2523 2525 2526
f 2526 2469 2523
f 2523 2469 2468
f 2468 2472 2523
f 2526 2525 2527
f 2527 2528 2526
f 2526 2528 2529
f 2529 2466 2526
f 2526 2466 2465
f 2465 2469 2526
f 2529 2528 2530
f 2530 2531 2529
f 2529 2531 2532
f 2532 2463 2529
f 2529 2463 2462
f 2462 2466 2529
f 2532 2531 2533
f 2533 2534 2532
f 2532 2534 2535
f 2535 2460 2532
f 2532 2460 2459
f 2459 2463 2532
f 2535 2534 2536
f 2536 2537 2535
f 2535 2537 2538
f 2538 2457 2535
f 2535 2457 2456
f 2456 2460 2535
f 2538 2537 2539
f 2539 2540 2538
f 2538 2540 2541
f 2541 2454 2538
f 2538 2454 2453
f 2453 2457 2538
f 2541 2540 2542
f 2542 2543 2541
f 2541 2543 2544
f 2544 2451 2541
f 2541 2451 2450
f 2450 2454 2541
f 2544 2543 2545
f 2545 2546 2544
f 2544 2546 2547
f 2547 2448 2544
f 2544 2448 2447
f 2447 2451 2544
f 2547 2546 2548
f 2548 2549 2547
f 2547 2549 2550
f 2550 2445 2547
f 2547 2445 2444
f 2444 2448 2547
f 2550 2549 2551
f 2551 2552 2550
f 2550 2552 2553
f 2553 2442 2550
f 2550 2442 2441
f 2441 2445 2550
f 2553 2552 2554
f 2554 2555 2553
f 2553 2555 2556
f 2556 2439 2553
f 2553 2439 2438
f 2438 2442 2553
f 2556 2555 2557
f 2557 2558 2556
f 2556 2558 2559
f 2559 2435 2556
f 2556 2435 2434
f 2434 2439 2556
f 2559 2558 2560
f 2560 2561 2559
f 2559 2561 2562
f 2562 2563 2559
f 2559 2563 2436
f 2436 2435 2559
f 2563 2562 2564
f 2564 2565 2563
f 2563 2565 2429
f 2429 2436 2563
f 2565 2564 2566
f 2566 2567 2565
f 2565 2567 2430
f 2430 2429 2565
f 2567 2566 2568
f 2568 2569 2567
f 2567 2569 2424
f 2424 2430 2567
f 2569 2568 2570
f 2570 2421 2569
f 2569 2421 2420
f 2420 2424 2569
f 2570 2568 2571
f 2571 2572 2570
f 2570 2572 2573
f 2573 2418 2570
f 2570 2418 2417
f 2417 2421 2570
f 2573 2572 2574
f 2574 2575 2573
f 2573 2575 2576
f 2576 2415 2573
f 2573 2415 2414
f 2414 2418 2573
f 2576 2575 2577
f 2577 2578 2576
f 2576 2578 2579
f 2579 2412 2576
f 2576 2412 2411
f 2411 2415 2576
f 2579 2578 2580
f 2580 2581 2579
f 2579 2581 2582
f 2582 2409 2579
f 2579 2409 2408
f 2408 2412 2579
f 2582 2581 2583
f 2583 2584 2582
f 2582 2584 2585
f 2585 2406 2582
f 2582 2406 2405
f 2405 2409 2582
f 2585 2584 2586
f 2586 2587 2585
f 2585 2587 2588
f 2588 2402 2585
f 2585 2402 2401
f 2401 2406 2585
f 2588 2587 2589
f 2589 2590 2588
f 2588 2590 2591
f 2591 2592 2588
f 2588 2592 2403
f 2403 2402 2588
f 2592 2591 2593
f 2593 776 2592
f 2592 776 775
f 775 2403 2592
f 2593 2591 2594
f 2594 2595 2593
f 2593 2595 2596
f 2596 791 2593
f 2593 791 777
f 777 776 2593
f 2596 2595 2597
f 2597 2598 2596
f 2596 2598 2599
f 2599 2600 2596
f 2596 2600 792
f 792 791 2596
f 2600 2599 2601
f 2601 2602 2600
f 2600 2602 796
f 796 792 2600
f 2602 2601 2603
f 2603 2604 2602
f 2602 2604 2225
f 2225 796 2602
f 2604 2603 2605
f 2605 2222 2604
f 2604 2222 2221
f 2221 2225 2604
f 2605 2603 2606
f 2606 2607 2605
f 2605 2607 2608
f 2608 2219 2605
f 2605 2219 2218
f 2218 2222 2605
f 2608 2607 2609
f 2609 2610 2608
f 2608 2610 2611
f 2611 2216 2608
f 2608 2216 2215
f 2215 2219 2608
f 2611 2610 2612
f 2612 2613 2611
f 2611 2613 2614
f 2614 2213 2611
f 2611 2213 2212
f 2212 2216 2611
f 2614 2613 2615
f 2615 2616 2614
f 2614 2616 1031
f 1031 1030 2614
f 2614 1030 1038
f 1038 2213 2614
f 2616 2615 2617
f 2617 2618 2616
f 2616 2618 2619
f 2619 1031 2616
f 2619 2618 2620
f 2620 2621 2619
f 2619 2621 2622
f 2622 1088 2619
f 2619 1088 1032
f 1032 1031 2619
f 2622 2621 2623
f 2623 2624 2622
f 2622 2624 2625
f 2625 2626 2622
f 2622 2626 1085
f 1085 1088 2622
f 2626 2625 2627
f 2627 2628 2626
f 2626 2628 1086
f 1086 1085 2626
f 2628 2627 2629
f 2629 2630 2628
f 2628 2630 2631
f 2631 1086 2628
f 2631 2630 2632
f 2632 2633 2631
f 2631 2633 2634
f 2634 2635 2631
f 2631 2635 1087
f 1087 1086 2631
f 2635 2634 1542
f 1542 1540 2635
f 2635 1540 1539
f 1539 1087 2635
f 2634 2633 2636
f 2636 1547 2634
f 2634 1547 1544
f 1544 1542 2634
f 2636 2633 2632
f 2632 2637 2636
f 2636 2637 2638
f 2638 2639 2636
f 2636 2639 1548
f 1548 1547 2636
f 2639 2638 1045
f 1045 1044 2639
f 2639 1044 1549
f 1549 1548 2639
f 2638 2637 2640
f 2640 2641 2638
f 2638 2641 1048
f 1048 1045 2638
f 2641 2640 2642
f 2642 2643 2641
f 2641 2643 2644
f 2644 1048 2641
f 2644 2643 2645
f 2645 2646 2644
f 2644 2646 2647
f 2647 2648 2644
f 2644 2648 1040
f 1040 1048 2644
f 2648 2647 1084
f 1084 1083 2648
f 2648 1083 1041
f 1041 1040 2648
f 2647 2646 2649
f 2649 2650 2647
f 2647 2650 2651
f 2651 1084 2647
f 2651 2650 2652
f 2652 2653 2651
f 2651 2653 2654
f 2654 2655 2651
f 2651 2655 1076
f 1076 1084 2651
f 2655 2656 1077
f 1077 1076 2655
f 2655 2654 2657
f 2657 2656 2655
f 2657 2654 2658
f 2658 2659 2657
f 2657 2659 2660
f 2660 2661 2657
f 2657 2661 2662
f 2662 2656 2657
f 2662 1569 1567
f 1567 2663 2662
f 2662 2663 1077
f 1077 2656 2662
f 2662 2661 1571
f 1571 1569 2662
f 2663 1567 1565
f 1565 1564 2663
f 2663 1564 1078
f 1078 1077 2663
f 2661 2660 1573
f 1573 1571 2661
f 2660 2659 2664
f 2664 2665 2660
f 2660 2665 1575
f 1575 1573 2660
f 2665 2664 2666
f 2666 866 2665
f 2665 866 865
f 865 1575 2665
f 2666 2667 2668
f 2668 2669 2666
f 2666 2669 867
f 867 866 2666
f 2666 2664 2670
f 2670 2667 2666
f 2670 2671 2672
f 2672 2667 2670
f 2670 2664 2659
f 2659 2658 2670
f 2670 2658 2673
f 2673 2671 2670
f 2673 2674 2675
f 2675 2671 2673
f 2673 2658 2654
f 2654 2653 2673
f 2673 2653 2652
f 2652 2674 2673
f 2675 2676 2677
f 2677 2678 2675
f 2675 2678 2672
f 2672 2671 2675
f 2675 2674 2679
f 2679 2676 2675
f 2679 2680 2681
f 2681 2676 2679
f 2679 2674 2652
f 2652 2682 2679
f 2679 2682 2683
f 2683 2680 2679
f 2683 2684 2685
f 2685 2680 2683
f 2683 2682 2649
f 2649 2686 2683
f 2683 2686 2687
f 2687 2684 2683
f 2687 2688 2689
f 2689 2684 2687
f 2687 2686 2645
f 2645 2690 2687
f 2687 2690 2691
f 2691 2688 2687
f 2691 2692 2693
f 2693 2688 2691
f 2691 2690 2642
f 2642 2694 2691
f 2691 2694 2695
f 2695 2692 2691
f 2695 2696 2697
f 2697 2692 2695
f 2695 2694 2698
f 2698 2629 2695
f 2695 2629 2627
f 2627 2696 2695
f 2698 2694 2642
f 2642 2640 2698
f 2698 2640 2637
f 2637 2632 2698
f 2698 2632 2630
f 2630 2629 2698
f 2697 2699 2700
f 2700 2701 2697
f 2697 2701 2693
f 2693 2692 2697
f 2697 2696 2702
f 2702 2699 2697
f 2702 2703 2704
f 2704 2699 2702
f 2702 2696 2627
f 2627 2625 2702
f 2702 2625 2624
f 2624 2703 2702
f 2704 2705 2706
f 2706 2707 2704
f 2704 2707 2700
f 2700 2699 2704
f 2704 2703 2708
f 2708 2705 2704
f 2708 2709 2710
f 2710 2705 2708
f 2708 2703 2624
f 2624 2623 2708
f 2708 2623 2711
f 2711 2709 2708
f 2711 2712 2713
f 2713 2709 2711
f 2711 2623 2621
f 2621 2620 2711
f 2711 2620 2714
f 2714 2712 2711
f 2714 2715 2716
f 2716 2712 2714
f 2714 2620 2618
f 2618 2617 2714
f 2714 2617 2717
f 2717 2715 2714
f 2717 2718 2719
f 2719 2715 2717
f 2717 2617 2615
f 2615 2720 2717
f 2717 2720 2721
f 2721 2718 2717
f 2721 2722 2723
f 2723 2718 2721
f 2721 2720 2612
f 2612 2724 2721
f 2721 2724 2725
f 2725 2722 2721
f 2725 2726 2727
f 2727 2722 2725
f 2725 2724 2609
f 2609 2728 2725
f 2725 2728 2729
f 2729 2726 2725
f 2729 2730 2731
f 2731 2726 2729
f 2729 2728 2606
f 2606 2732 2729
f 2729 2732 2733
f 2733 2730 2729
f 2733 2734 2735
f 2735 2730 2733
f 2733 2732 2601
f 2601 2599 2733
f 2733 2599 2598
f 2598 2734 2733
f 2735 2736 2737
f 2737 2738 2735
f 2735 2738 2731
f 2731 2730 2735
f 2735 2734 2739
f 2739 2736 2735
f 2739 752 751
f 751 2736 2739
f 2739 2734 2598
f 2598 2597 2739
f 2739 2597 2740
f 2740 752 2739
f 2740 2741 747
f 747 752 2740
f 2740 2597 2595
f 2595 2594 2740
f 2740 2594 2742
f 2742 2741 2740
f 2742 2743 2744
f 2744 2741 2742
f 2742 2594 2591
f 2591 2590 2742
f 2742 2590 2589
f 2589 2743 2742
f 2744 2745 2746
f 2746 748 2744
f 2744 748 747
f 747 2741 2744
f 2744 2743 2747
f 2747 2745 2744
f 2747 2748 2749
f 2749 2745 2747
f 2747 2743 2589
f 2589 2750 2747
f 2747 2750 2751
f 2751 2748 2747
f 2751 2752 2753
f 2753 2748 2751
f 2751 2750 2586
f 2586 2754 2751
f 2751 2754 2755
f 2755 2752 2751
f 2755 2756 2757
f 2757 2752 2755
f 2755 2754 2583
f 2583 2758 2755
f 2755 2758 2759
f 2759 2756 2755
f 2759 2760 2761
f 2761 2756 2759
f 2759 2758 2580
f 2580 2762 2759
f 2759 2762 2763
f 2763 2760 2759
f 2763 2764 2765
f 2765 2760 2763
f 2763 2762 2577
f 2577 2766 2763
f 2763 2766 2767
f 2767 2764 2763
f 2767 2768 2769
f 2769 2764 2767
f 2767 2766 2574
f 2574 2770 2767
f 2767 2770 2771
f 2771 2768 2767
f 2771 2772 2773
f 2773 2768 2771
f 2771 2770 2571
f 2571 2774 2771
f 2771 2774 2775
f 2775 2772 2771
f 2775 2776 2777
f 2777 2772 2775
f 2775 2774 2566
f 2566 2564 2775
f 2775 2564 2562
f 2562 2776 2775
f 2777 2778 2779
f 2779 2780 2777
f 2777 2780 2773
f 2773 2772 2777
f 2777 2776 2781
f 2781 2778 2777
f 2781 2782 2783
f 2783 2778 2781
f 2781 2776 2562
f 2562 2561 2781
f 2781 2561 2560
f 2560 2782 2781
f 2783 2784 2785
f 2785 2786 2783
f 2783 2786 2779
f 2779 2778 2783
f 2783 2782 2787
f 2787 2784 2783
f 2787 2788 2789
f 2789 2784 2787
f 2787 2782 2560
f 2560 2790 2787
f 2787 2790 2791
f 2791 2788 2787
f 2791 2792 2793
f 2793 2788 2791
f 2791 2790 2557
f 2557 2794 2791
f 2791 2794 2795
f 2795 2792 2791
f 2795 2796 2797
f 2797 2792 2795
f 2795 2794 2554
f 2554 2798 2795
f 2795 2798 2799
f 2799 2796 2795
f 2799 2800 2801
f 2801 2796 2799
f 2799 2798 2551
f 2551 2802 2799
f 2799 2802 2803
f 2803 2800 2799
f 2803 2804 2805
f 2805 2800 2803
f 2803 2802 2548
f 2548 2806 2803
f 2803 2806 2807
f 2807 2804 2803
f 2807 2808 313
f 313 2804 2807
f 2807 2806 2545
f 2545 2809 2807
f 2807 2809 2810
f 2810 2808 2807
f 2810 2811 2812
f 2812 2808 2810
f 2810 2809 2542
f 2542 2813 2810
f 2810 2813 2814
f 2814 2811 2810
f 2814 2815 2816
f 2816 2811 2814
f 2814 2813 2539
f 2539 2817 2814
f 2814 2817 2818
f 2818 2815 2814
f 2818 2819 2820
f 2820 2815 2818
f 2818 2817 2536
f 2536 2821 2818
f 2818 2821 2822
f 2822 2819 2818
f 2822 2823 235
f 235 2819 2822
f 2822 2821 2533
f 2533 2824 2822
f 2822 2824 2825
f 2825 2823 2822
f 2825 2826 2827
f 2827 2823 2825
f 2825 2824 2530
f 2530 2828 2825
f 2825 2828 2829
f 2829 2826 2825
f 2829 2830 2831
f 2831 2826 2829
f 2829 2828 2527
f 2527 2832 2829
f 2829 2832 301
f 301 2830 2829
f 2832 2527 2525
f 2525 2524 2832
f 2832 2524 302
f 302 301 2832
f 2831 2833 2834
f 2834 2835 2831
f 2831 2835 2827
f 2827 2826 2831
f 2831 2830 2836
f 2836 2833 2831
f 2836 2830 301
f 301 300 2836
f 2836 300 304
f 304 2837 2836
f 2836 2837 2838
f 2838 2833 2836
f 2838 2839 2834
f 2834 2833 2838
f 2838 2837 2840
f 2840 2841 2838
f 2838 2841 2842
f 2842 2839 2838
f 2842 2843 2844
f 2844 2839 2842
f 2842 2841 2845
f 2845 2846 2842
f 2842 2846 2847
f 2847 2843 2842
f 2847 2848 2849
f 2849 2843 2847
f 2847 2846 196
f 196 195 2847
f 2847 195 194
f 194 2848 2847
f 2849 2850 2851
f 2851 2852 2849
f 2849 2852 2844
f 2844 2843 2849
f 2849 2848 2853
f 2853 2850 2849
f 2853 2854 2855
f 2855 2850 2853
f 2853 2848 194
f 194 2856 2853
f 2853 2856 2857
f 2857 2854 2853
f 2857 2858 2859
f 2859 2854 2857
f 2857 2856 2860
f 2860 2861 2857
f 2857 2861 2862
f 2862 2858 2857
f 2862 2863 2864
f 2864 2858 2862
f 2862 2861 157
f 157 2865 2862
f 2862 2865 2866
f 2866 2863 2862
f 2866 2867 2868
f 2868 2863 2866
f 2866 2865 2869
f 2869 2870 2866
f 2866 2870 2871
f 2871 2867 2866
f 2871 2872 2873
f 2873 2867 2871
f 2871 2870 2874
f 2874 2875 2871
f 2871 2875 2876
f 2876 2872 2871
f 2876 2877 2878
f 2878 2872 2876
f 2876 2875 2879
f 2879 2880 2876
f 2876 2880 2881
f 2881 2877 2876
f 2881 2882 2883
f 2883 2877 2881
f 2881 2880 2884
f 2884 2887 2881
f 2881 2887 2889
f 2889 2882 2881
f 2889 2891 2892
f 2892 2882 2889
f 2888 2886 2893
f 2893 2894 2888
f 2888 2894 2895
f 2895 2890 2888
f 2895 78 2896
f 2896 2890 2895
f 2895 2894 2898
f 2898 2899 2895
f 2895 2899 79
f 79 78 2895
f 2899 2898 2900
f 2900 2901 2899
f 2899 2901 86
f 86 79 2899
f 2901 2900 2902
f 2902 2903 2901
f 2901 2903 2904
f 2904 86 2901
f 2904 2905 82
f 82 86 2904
f 7033 2907 7040
f 6932 6930 2908
f 7063 7071 2909
f 2909 2914 2916
f 2916 2910 2909
f 2915 2917 2918
f 2918 2911 2915
f 2916 2914 2919
f 2919 2921 2916
f 2915 2920 2922
f 2922 2917 2915
f 2922 2923 2924
f 2924 2917 2922
f 2922 2920 2926
f 2926 2927 2922
f 2922 2927 2928
f 2928 2923 2922
f 2928 2929 2930
f 2930 2923 2928
f 2928 2927 2931
f 2931 2932 2928
f 2928 2932 2933
f 2933 2929 2928
f 2933 2934 2935
f 2935 2929 2933
f 2933 2932 2936
f 2936 2937 2933
f 2933 2937 2938
f 2938 2934 2933
f 2938 2939 2940
f 2940 2934 2938
f 2938 2937 2941
f 2941 2942 2938
f 2938 2942 2943
f 2943 2939 2938
f 2943 2944 2945
f 2945 2939 2943
f 2943 2942 2946
f 2946 2947 2943
f 2943 2947 2948
f 2948 2944 2943
f 2948 2949 286
f 286 2944 2948
f 2948 2947 2950
f 2950 2951 2948
f 2948 2951 2952
f 2952 2949 2948
f 2952 2953 2954
f 2954 2949 2952
f 2952 2951 2955
f 2955 2956 2952
f 2952 2956 355
f 355 2953 2952
f 2956 2955 2957
f 2957 2958 2956
f 2956 2958 356
f 356 355 2956
f 2958 2957 2959
f 2959 2960 2958
f 2958 2960 2961
f 2961 356 2958
f 2961 349 348
f 348 356 2961
f 2961 2960 2962
f 2962 2963 2961
f 2961 2963 2964
f 2964 349 2961
f 2964 2965 350
f 350 349 2964
f 2964 2963 471
f 471 476 2964
f 2964 476 2966
f 2966 2965 2964
f 2966 476 475
f 475 2967 2966
f 2966 2967 2968
f 2968 2969 2966
f 2966 2969 409
f 409 2965 2966
f 2969 2968 2970
f 2970 2971 2969
f 2969 2971 410
f 410 409 2969
f 2971 2970 2972
f 2972 2973 2971
f 2971 2973 411
f 411 410 2971
f 2973 2972 528
f 528 527 2973
f 2973 527 418
f 418 411 2973
f 2972 2970 2974
f 2974 2975 2972
f 2972 2975 2976
f 2976 528 2972
f 2976 2975 615
f 615 614 2976
f 2976 614 618
f 618 546 2976
f 2976 546 529
f 529 528 2976
f 2975 2974 2977
f 2977 615 2975
f 2977 2978 2979
f 2979 2980 2977
f 2977 2980 609
f 609 615 2977
f 2977 2974 2981
f 2981 2978 2977
f 2981 2982 2983
f 2983 2978 2981
f 2981 2974 2970
f 2970 2968 2981
f 2981 2968 2967
f 2967 2982 2981
f 2983 488 487
f 487 2984 2983
f 2983 2984 2979
f 2979 2978 2983
f 2983 2982 477
f 477 488 2983
f 2984 487 2082
f 2082 2081 2984
f 2984 2081 2985
f 2985 2979 2984
f 2985 2081 2079
f 2079 2986 2985
f 2985 2986 2987
f 2987 2988 2985
f 2985 2988 2980
f 2980 2979 2985
f 2988 2987 2989
f 2989 610 2988
f 2988 610 609
f 609 2980 2988
f 2989 2987 2990
f 2990 2991 2989
f 2989 2991 2992
f 2992 2993 2989
f 2989 2993 611
f 611 610 2989
f 2993 2992 2994
f 2994 2995 2993
f 2993 2995 612
f 612 611 2993
f 2995 2994 2996
f 2996 2997 2995
f 2995 2997 2998
f 2998 612 2995
f 2998 2997 2999
f 2999 3000 2998
f 2998 3000 3001
f 3001 3002 2998
f 2998 3002 613
f 613 612 2998
f 3002 3001 3003
f 3003 3004 3002
f 3002 3004 616
f 616 613 3002
f 3004 3003 669
f 669 668 3004
f 3004 668 672
f 672 616 3004
f 3003 3001 3005
f 3005 3006 3003
f 3003 3006 1693
f 1693 669 3003
f 3006 3005 3007
f 3007 3008 3006
f 3006 3008 1694
f 1694 1693 3006
f 3008 3007 3009
f 3009 3010 3008
f 3008 3010 1695
f 1695 1694 3008
f 3010 3009 3011
f 3011 3012 3010
f 3010 3012 1697
f 1697 1695 3010
f 3012 3011 3013
f 3013 3014 3012
f 3012 3014 1699
f 1699 1697 3012
f 3014 3013 3015
f 3015 3016 3014
f 3014 3016 3017
f 3017 1699 3014
f 3017 3016 3018
f 3018 3019 3017
f 3017 3019 3020
f 3020 1702 3017
f 3017 1702 1700
f 1700 1699 3017
f 3020 3019 3021
f 3021 1714 3020
f 3020 1714 1712
f 1712 1711 3020
f 3020 1711 1703
f 1703 1702 3020
f 3021 3019 3018
f 3018 3022 3021
f 3021 3022 3023
f 3023 1717 3021
f 3021 1717 1715
f 1715 1714 3021
f 3023 3022 3024
f 3024 3025 3023
f 3023 3025 3026
f 3026 1720 3023
f 3023 1720 1718
f 1718 1717 3023
f 3026 3025 3027
f 3027 3028 3026
f 3026 3028 3029
f 3029 1723 3026
f 3026 1723 1721
f 1721 1720 3026
f 3029 3028 3030
f 3030 3031 3029
f 3029 3031 3032
f 3032 1726 3029
f 3029 1726 1724
f 1724 1723 3029
f 3032 3031 3033
f 3033 3034 3032
f 3032 3034 1731
f 1731 1729 3032
f 3032 1729 1727
f 1727 1726 3032
f 3034 3033 3035
f 3035 3036 3034
f 3034 3036 1733
f 1733 1731 3034
f 3036 3035 3037
f 3037 3038 3036
f 3036 3038 924
f 924 1733 3036
f 3038 3037 941
f 941 940 3038
f 3038 940 925
f 925 924 3038
f 3037 3039 3040
f 3040 941 3037
f 3037 3035 3041
f 3041 3039 3037
f 3041 3042 3043
f 3043 3039 3041
f 3041 3035 3033
f 3033 3044 3041
f 3041 3044 3045
f 3045 3042 3041
f 3045 3046 3047
f 3047 3042 3045
f 3045 3044 3030
f 3030 3048 3045
f 3045 3048 3049
f 3049 3046 3045
f 3049 806 805
f 805 3046 3049
f 3049 3048 3027
f 3027 3050 3049
f 3049 3050 807
f 807 806 3049
f 3050 3027 3025
f 3025 3024 3050
f 3050 3024 3051
f 3051 807 3050
f 3051 3015 803
f 803 807 3051
f 3051 3024 3022
f 3022 3018 3051
f 3051 3018 3016
f 3016 3015 3051
f 3048 3030 3028
f 3028 3027 3048
f 3047 3052 3053
f 3053 3054 3047
f 3047 3054 3043
f 3043 3042 3047
f 3047 3046 805
f 805 3052 3047
f 3054 3053 3055
f 3055 3056 3054
f 3054 3056 3057
f 3057 3043 3054
f 3057 3056 3058
f 3058 3059 3057
f 3057 3059 3060
f 3060 3040 3057
f 3057 3040 3039
f 3039 3043 3057
f 3060 3059 3061
f 3061 3062 3060
f 3060 3062 936
f 936 935 3060
f 3060 935 941
f 941 3040 3060
f 3062 3061 3063
f 3063 3064 3062
f 3062 3064 3065
f 3065 936 3062
f 3065 3064 3066
f 3066 3067 3065
f 3065 3067 3068
f 3068 3069 3065
f 3065 3069 937
f 937 936 3065
f 3069 3068 3070
f 3070 3071 3069
f 3069 3071 942
f 942 937 3069
f 3071 3070 3072
f 3072 3073 3071
f 3071 3073 3074
f 3074 942 3071
f 3074 3073 3075
f 3075 3076 3074
f 3074 3076 3077
f 3077 3078 3074
f 3074 3078 938
f 938 942 3074
f 3078 3077 3079
f 3079 3080 3078
f 3078 3080 939
f 939 938 3078
f 3080 3079 1740
f 1740 1738 3080
f 3080 1738 1737
f 1737 939 3080
f 3079 3077 3081
f 3081 3082 3079
f 3079 3082 3083
f 3083 1740 3079
f 3083 3082 1061
f 1061 1066 3083
f 3083 1066 1749
f 1749 1743 3083
f 3083 1743 1741
f 1741 1740 3083
f 3082 3081 1062
f 1062 1061 3082
f 3081 3077 3076
f 3076 3084 3081
f 3081 3084 3085
f 3085 1062 3081
f 3085 3084 3086
f 3086 3087 3085
f 3085 3087 3088
f 3088 3089 3085
f 3085 3089 1063
f 1063 1062 3085
f 3089 3088 1754
f 1754 1752 3089
f 3089 1752 1064
f 1064 1063 3089
f 3088 3087 3090
f 3090 3091 3088
f 3088 3091 3092
f 3092 1754 3088
f 3092 3091 3093
f 3093 3094 3092
f 3092 3094 3095
f 3095 1757 3092
f 3092 1757 1755
f 1755 1754 3092
f 3095 3094 3096
f 3096 3097 3095
f 3095 3097 1762
f 1762 1760 3095
f 3095 1760 1758
f 1758 1757 3095
f 3097 3096 3098
f 3098 3099 3097
f 3097 3099 3100
f 3100 1762 3097
f 3100 3099 3101
f 3101 3102 3100
f 3100 3102 3103
f 3103 1765 3100
f 3100 1765 1763
f 1763 1762 3100
f 3103 3102 3104
f 3104 3105 3103
f 3103 3105 3106
f 3106 3107 3103
f 3103 3107 1766
f 1766 1765 3103
f 3107 3106 3108
f 3108 3109 3107
f 3107 3109 1767
f 1767 1766 3107
f 3109 3108 3110
f 3110 3111 3109
f 3109 3111 1769
f 1769 1767 3109
f 3111 3110 1255
f 1255 1254 3111
f 3111 1254 1771
f 1771 1769 3111
f 3110 3108 3112
f 3112 3113 3110
f 3110 3113 1256
f 1256 1255 3110
f 3113 3112 3114
f 3114 3115 3113
f 3113 3115 3116
f 3116 1256 3113
f 3116 3115 3117
f 3117 3118 3116
f 3116 3118 3119
f 3119 3120 3116
f 3116 3120 1257
f 1257 1256 3116
f 3120 3119 3121
f 3121 3122 3120
f 3120 3122 1258
f 1258 1257 3120
f 3122 3121 3123
f 3123 3124 3122
f 3122 3124 3125
f 3125 1258 3122
f 3125 3126 1253
f 1253 1258 3125
f 3125 3124 1243
f 1243 1242 3125
f 3125 1242 1241
f 1241 3126 3125
f 3126 1771 1254
f 1254 1253 3126
f 3126 1241 1772
f 1772 1771 3126
f 3124 3123 3127
f 3127 1243 3124
f 3127 3123 3128
f 3128 3129 3127
f 3127 3129 3130
f 3130 3131 3127
f 3127 3131 1244
f 1244 1243 3127
f 3131 3130 1777
f 1777 1775 3131
f 3131 1775 1245
f 1245 1244 3131
f 3130 3129 3132
f 3132 3133 3130
f 3130 3133 3134
f 3134 1777 3130
f 3134 3133 3135
f 3135 3136 3134
f 3134 3136 3137
f 3137 1780 3134
f 3134 1780 1778
f 1778 1777 3134
f 3137 3136 3138
f 3138 3139 3137
f 3137 3139 3140
f 3140 3141 3137
f 3137 3141 1781
f 1781 1780 3137
f 3141 3140 1796
f 1796 1795 3141
f 3141 1795 1782
f 1782 1781 3141
f 3140 3139 3142
f 3142 3143 3140
f 3140 3143 1797
f 1797 1796 3140
f 3143 3142 3144
f 3144 1802 3143
f 3143 1802 1799
f 1799 1797 3143
f 3144 3142 3145
f 3145 3146 3144
f 3144 3146 3147
f 3147 1805 3144
f 3144 1805 1803
f 1803 1802 3144
f 3147 3146 3148
f 3148 3149 3147
f 3147 3149 1810
f 1810 1808 3147
f 3147 1808 1806
f 1806 1805 3147
f 3149 3148 3150
f 3150 3151 3149
f 3149 3151 1812
f 1812 1810 3149
f 3151 3150 3152
f 3152 3153 3151
f 3151 3153 1814
f 1814 1812 3151
f 3153 3152 3154
f 3154 3155 3153
f 3153 3155 3156
f 3156 1814 3153
f 3156 3155 3157
f 3157 3158 3156
f 3156 3158 3159
f 3159 1817 3156
f 3156 1817 1815
f 1815 1814 3156
f 3159 3158 3160
f 3160 3161 3159
f 3159 3161 3162
f 3162 1820 3159
f 3159 1820 1818
f 1818 1817 3159
f 3162 3161 3163
f 3163 3164 3162
f 3162 3164 3165
f 3165 3166 3162
f 3162 3166 1821
f 1821 1820 3162
f 3166 3165 3167
f 3167 3168 3166
f 3166 3168 1822
f 1822 1821 3166
f 3168 3167 3169
f 3169 3170 3168
f 3168 3170 1824
f 1824 1822 3168
f 3170 3169 3171
f 3171 1830 3170
f 3170 1830 1826
f 1826 1824 3170
f 3171 3169 3172
f 3172 3173 3171
f 3171 3173 3174
f 3174 1833 3171
f 3171 1833 1831
f 1831 1830 3171
f 3174 3173 3175
f 3175 3176 3174
f 3174 3176 3177
f 3177 1836 3174
f 3174 1836 1834
f 1834 1833 3174
f 3177 3176 3178
f 3178 3179 3177
f 3177 3179 3180
f 3180 3181 3177
f 3177 3181 1837
f 1837 1836 3177
f 3181 3180 3182
f 3182 1841 3181
f 3181 1841 1838
f 1838 1837 3181
f 3182 3180 3183
f 3183 3184 3182
f 3182 3184 3185
f 3185 1844 3182
f 3182 1844 1842
f 1842 1841 3182
f 3185 3184 3186
f 3186 3187 3185
f 3185 3187 3188
f 3188 3189 3185
f 3185 3189 1845
f 1845 1844 3185
f 3189 3188 3190
f 3190 3191 3189
f 3189 3191 1846
f 1846 1845 3189
f 3191 3190 3192
f 3192 1851 3191
f 3191 1851 1848
f 1848 1846 3191
f 3192 3190 3193
f 3193 3194 3192
f 3192 3194 3195
f 3195 1854 3192
f 3192 1854 1852
f 1852 1851 3192
f 3195 3194 3196
f 3196 3197 3195
f 3195 3197 1859
f 1859 1857 3195
f 3195 1857 1855
f 1855 1854 3195
f 3197 3196 3198
f 3198 3199 3197
f 3197 3199 1861
f 1861 1859 3197
f 3199 3198 3200
f 3200 3201 3199
f 3199 3201 3202
f 3202 1861 3199
f 3202 3201 3203
f 3203 3204 3202
f 3202 3204 3205
f 3205 1864 3202
f 3202 1864 1862
f 1862 1861 3202
f 3205 3204 3206
f 3206 3207 3205
f 3205 3207 3208
f 3208 1868 3205
f 3205 1868 1865
f 1865 1864 3205
f 3208 3207 3209
f 3209 3210 3208
f 3208 3210 1143
f 1143 1140 3208
f 3208 1140 1146
f 1146 1868 3208
f 3210 3209 3211
f 3211 3212 3210
f 3210 3212 3213
f 3213 1143 3210
f 3213 3212 3215
f 3215 3216 3213
f 3214 3217 3218
f 3218 3219 3214
f 3214 3219 1137
f 1137 1142 3214
f 3219 3218 3220
f 3220 3221 3219
f 3219 3221 1138
f 1138 1137 3219
f 3221 3222 3223
f 3223 1138 3221
f 3221 3220 3224
f 3224 3222 3221
f 3224 3225 3226
f 3226 3222 3224
f 3224 3220 3227
f 3227 3228 3224
f 3224 3228 3229
f 3229 3225 3224
f 3229 3230 3231
f 3231 3225 3229
f 3229 3228 3232
f 3232 3233 3229
f 3229 3233 3234
f 3234 3230 3229
f 3234 3235 3236
f 3236 3230 3234
f 3234 3233 3237
f 3237 3238 3234
f 3234 3238 3239
f 3239 3235 3234
f 3239 3240 3241
f 3241 3235 3239
f 3239 3238 3242
f 3242 3243 3239
f 3239 3243 3244
f 3244 3240 3239
f 3244 3245 3246
f 3246 3240 3244
f 3244 3243 3247
f 3247 3248 3244
f 3244 3248 3249
f 3249 3245 3244
f 3249 3250 3251
f 3251 3245 3249
f 3249 3248 3252
f 3252 3253 3249
f 3249 3253 3254
f 3254 3250 3249
f 3254 3255 3256
f 3256 3250 3254
f 3254 3253 3257
f 3257 3258 3254
f 3254 3258 3259
f 3259 3255 3254
f 3259 3260 3261
f 3261 3255 3259
f 3259 3258 3262
f 3262 3263 3259
f 3259 3263 3264
f 3264 3260 3259
f 3264 3265 3266
f 3266 3260 3264
f 3264 3263 3267
f 3267 3268 3264
f 3264 3268 3269
f 3269 3265 3264
f 3269 3270 3271
f 3271 3265 3269
f 3269 3268 3272
f 3272 3273 3269
f 3269 3273 3274
f 3274 3270 3269
f 3274 3275 3276
f 3276 3270 3274
f 3274 3273 3277
f 3277 3278 3274
f 3274 3278 3279
f 3279 3275 3274
f 3279 3280 3281
f 3281 3275 3279
f 3279 3278 3282
f 3282 3283 3279
f 3279 3283 3284
f 3284 3280 3279
f 3284 3285 3286
f 3286 3280 3284
f 3284 3283 3288
f 3288 3290 3284
f 3284 3290 3291
f 3291 3285 3284
f 3291 3294 3295
f 3295 3285 3291
f 3292 3289 3296
f 3296 3297 3292
f 3292 3297 3298
f 3298 3293 3292
f 3298 3299 3301
f 3301 3293 3298
f 3298 3297 3302
f 3302 3303 3298
f 3298 3303 3304
f 3304 3299 3298
f 3304 3305 3306
f 3306 3299 3304
f 3304 3303 3307
f 3307 3308 3304
f 3304 3308 3309
f 3309 3305 3304
f 3309 3310 3311
f 3311 3305 3309
f 3309 3308 3312
f 3312 3313 3309
f 3309 3313 3314
f 3314 3310 3309
f 3314 3315 3316
f 3316 3310 3314
f 3314 3313 3317
f 3317 3318 3314
f 3314 3318 3319
f 3319 3315 3314
f 3319 3320 3321
f 3321 3315 3319
f 3319 3318 3322
f 3322 3323 3319
f 3319 3323 3324
f 3324 3320 3319
f 3324 601 600
f 600 3320 3324
f 3324 3323 3325
f 3325 3326 3324
f 3324 3326 3327
f 3327 601 3324
f 3327 3328 602
f 602 601 3327
f 3327 3326 3329
f 3329 3330 3327
f 3327 3330 3331
f 3331 3328 3327
f 3331 3332 3333
f 3333 3328 3331
f 3331 3330 3334
f 3334 3335 3331
f 3331 3335 3336
f 3336 3332 3331
f 3336 3337 3338
f 3338 3332 3336
f 3336 3335 3339
f 3339 3340 3336
f 7055 6908 507
f 507 3337 7055
f 7009 6967 3341
f 7009 3341 3342
f 7009 3342 2044
f 7009 2044 7102
f 7102 2044 6940
f 3342 2049 2045
f 2045 2044 3342
f 3342 3341 3343
f 3343 3344 3342
f 3342 3344 3345
f 3345 2049 3342
f 3345 2054 2050
f 2050 2049 3345
f 3345 3344 3346
f 3346 3347 3345
f 3345 3347 3348
f 3348 2054 3345
f 3348 2059 2055
f 2055 2054 3348
f 3348 3347 3349
f 3349 3350 3348
f 3348 3350 3351
f 3351 2059 3348
f 3351 2064 2060
f 2060 2059 3351
f 3351 3350 3352
f 3352 3353 3351
f 3351 3353 3354
f 3354 2064 3351
f 3354 662 2065
f 2065 2064 3354
f 3354 3353 3355
f 3355 3356 3354
f 3354 3356 663
f 663 662 3354
f 3356 3355 3357
f 3357 3358 3356
f 3356 3358 666
f 666 663 3356
f 3358 3357 3359
f 3359 3360 3358
f 3358 3360 3361
f 3361 666 3358
f 3361 3362 664
f 664 666 3361
f 3361 3360 3363
f 3363 3364 3361
f 3361 3364 3365
f 3365 3362 3361
f 3365 2072 2071
f 2071 3362 3365
f 3365 3364 3366
f 3366 3367 3365
f 3365 3367 2076
f 2076 2072 3365
f 3367 3366 2990
f 2990 3368 3367
f 3367 3368 2077
f 2077 2076 3367
f 3368 2990 2987
f 2987 2986 3368
f 3368 2986 2079
f 2079 2077 3368
f 3366 3364 3363
f 3363 3369 3366
f 3366 3369 2991
f 2991 2990 3366
f 3369 3363 3370
f 3370 3371 3369
f 3369 3371 2992
f 2992 2991 3369
f 3371 3370 3372
f 3372 3373 3371
f 3371 3373 2994
f 2994 2992 3371
f 3373 3372 3374
f 3374 3375 3373
f 3373 3375 2996
f 2996 2994 3373
f 3375 3374 3376
f 3376 3377 3375
f 3375 3377 3378
f 3378 2996 3375
f 3378 3377 3379
f 3379 3380 3378
f 3378 3380 3381
f 3381 2999 3378
f 3378 2999 2997
f 2997 2996 3378
f 3381 3380 3382
f 3382 3383 3381
f 3381 3383 3384
f 3384 3385 3381
f 3381 3385 3000
f 3000 2999 3381
f 3385 3384 3007
f 3007 3005 3385
f 3385 3005 3001
f 3001 3000 3385
f 3384 3383 3386
f 3386 3387 3384
f 3384 3387 3009
f 3009 3007 3384
f 3387 3386 3388
f 3388 3389 3387
f 3387 3389 3011
f 3011 3009 3387
f 3389 3388 798
f 798 804 3389
f 3389 804 3013
f 3013 3011 3389
f 3388 3386 3390
f 3390 3391 3388
f 3388 3391 799
f 799 798 3388
f 3391 3390 3392
f 3392 3393 3391
f 3391 3393 3394
f 3394 799 3391
f 3394 3393 3395
f 3395 3396 3394
f 3394 3396 3397
f 3397 3398 3394
f 3394 3398 800
f 800 799 3394
f 3398 3397 3399
f 3399 3400 3398
f 3398 3400 801
f 801 800 3398
f 3400 3399 3401
f 3401 3402 3400
f 3400 3402 3403
f 3403 801 3400
f 3403 3402 3404
f 3404 3405 3403
f 3403 3405 3406
f 3406 3407 3403
f 3403 3407 802
f 802 801 3403
f 3407 3406 3053
f 3053 3052 3407
f 3407 3052 805
f 805 802 3407
f 3406 3405 3408
f 3408 3409 3406
f 3406 3409 3055
f 3055 3053 3406
f 3409 3408 3410
f 3410 3411 3409
f 3409 3411 3412
f 3412 3055 3409
f 3412 3411 3413
f 3413 3414 3412
f 3412 3414 3415
f 3415 3058 3412
f 3412 3058 3056
f 3056 3055 3412
f 3415 3414 3416
f 3416 3417 3415
f 3415 3417 3063
f 3063 3061 3415
f 3415 3061 3059
f 3059 3058 3415
f 3417 3416 3418
f 3418 3419 3417
f 3417 3419 3420
f 3420 3063 3417
f 3420 3419 3421
f 3421 3422 3420
f 3420 3422 3423
f 3423 3066 3420
f 3420 3066 3064
f 3064 3063 3420
f 3423 3422 3424
f 3424 3425 3423
f 3423 3425 3426
f 3426 3427 3423
f 3423 3427 3067
f 3067 3066 3423
f 3427 3426 3428
f 3428 3429 3427
f 3427 3429 3068
f 3068 3067 3427
f 3429 3428 3430
f 3430 3431 3429
f 3429 3431 3070
f 3070 3068 3429
f 3431 3430 3432
f 3432 3433 3431
f 3431 3433 3072
f 3072 3070 3431
f 3433 3432 3434
f 3434 3435 3433
f 3433 3435 3436
f 3436 3072 3433
f 3436 3435 3437
f 3437 3438 3436
f 3436 3438 3086
f 3086 3075 3436
f 3436 3075 3073
f 3073 3072 3436
f 3438 3437 3439
f 3439 3090 3438
f 3438 3090 3087
f 3087 3086 3438
f 3439 3437 3440
f 3440 3441 3439
f 3439 3441 3442
f 3442 3093 3439
f 3439 3093 3091
f 3091 3090 3439
f 3442 3441 3443
f 3443 3444 3442
f 3442 3444 3098
f 3098 3096 3442
f 3442 3096 3094
f 3094 3093 3442
f 3444 3443 3445
f 3445 3446 3444
f 3444 3446 3447
f 3447 3098 3444
f 3447 3446 1183
f 1183 1187 3447
f 3447 1187 3448
f 3448 3101 3447
f 3447 3101 3099
f 3099 3098 3447
f 3448 1187 1186
f 1186 3449 3448
f 3448 3449 3450
f 3450 3104 3448
f 3448 3104 3102
f 3102 3101 3448
f 3450 3449 3451
f 3451 3452 3450
f 3450 3452 3453
f 3453 3454 3450
f 3450 3454 3105
f 3105 3104 3450
f 3454 3453 3455
f 3455 3456 3454
f 3454 3456 3106
f 3106 3105 3454
f 3456 3455 3114
f 3114 3112 3456
f 3456 3112 3108
f 3108 3106 3456
f 3455 3453 3457
f 3457 3458 3455
f 3455 3458 3459
f 3459 3114 3455
f 3459 3458 3460
f 3460 3461 3459
f 3459 3461 3462
f 3462 3117 3459
f 3459 3117 3115
f 3115 3114 3459
f 3462 3461 1198
f 1198 3463 3462
f 3462 3463 3464
f 3464 3465 3462
f 3462 3465 3118
f 3118 3117 3462
f 3465 3464 3466
f 3466 3467 3465
f 3465 3467 3119
f 3119 3118 3465
f 3467 3466 3468
f 3468 3469 3467
f 3467 3469 3121
f 3121 3119 3467
f 3469 3468 3470
f 3470 3128 3469
f 3469 3128 3123
f 3123 3121 3469
f 3470 3468 3471
f 3471 3472 3470
f 3470 3472 3473
f 3473 3132 3470
f 3470 3132 3129
f 3129 3128 3470
f 3473 3472 3474
f 3474 3475 3473
f 3473 3475 3476
f 3476 3135 3473
f 3473 3135 3133
f 3133 3132 3473
f 3476 3475 3477
f 3477 3478 3476
f 3476 3478 3145
f 3145 3138 3476
f 3476 3138 3136
f 3136 3135 3476
f 3478 3477 3150
f 3150 3148 3478
f 3478 3148 3146
f 3146 3145 3478
f 3477 3475 3474
f 3474 3479 3477
f 3477 3479 3152
f 3152 3150 3477
f 3479 3474 3480
f 3480 3481 3479
f 3479 3481 3154
f 3154 3152 3479
f 3481 3480 3482
f 3482 3483 3481
f 3481 3483 3484
f 3484 3154 3481
f 3484 3483 3485
f 3485 3486 3484
f 3484 3486 3487
f 3487 3157 3484
f 3484 3157 3155
f 3155 3154 3484
f 3487 3486 1225
f 1225 3488 3487
f 3487 3488 3489
f 3489 3160 3487
f 3487 3160 3158
f 3158 3157 3487
f 3489 3488 3490
f 3490 3491 3489
f 3489 3491 3492
f 3492 3163 3489
f 3489 3163 3161
f 3161 3160 3489
f 3492 3491 1251
f 1251 3493 3492
f 3492 3493 3494
f 3494 3495 3492
f 3492 3495 3164
f 3164 3163 3492
f 3495 3494 3496
f 3496 3497 3495
f 3495 3497 3165
f 3165 3164 3495
f 3497 3496 3498
f 3498 3499 3497
f 3497 3499 3167
f 3167 3165 3497
f 3499 3498 3500
f 3500 3172 3499
f 3499 3172 3169
f 3169 3167 3499
f 3500 3498 3501
f 3501 3502 3500
f 3500 3502 3503
f 3503 3175 3500
f 3500 3175 3173
f 3173 3172 3500
f 3503 3502 3504
f 3504 3505 3503
f 3503 3505 3506
f 3506 3178 3503
f 3503 3178 3176
f 3176 3175 3503
f 3506 3505 3507
f 3507 3508 3506
f 3506 3508 3509
f 3509 3510 3506
f 3506 3510 3179
f 3179 3178 3506
f 3510 3509 3511
f 3511 3183 3510
f 3510 3183 3180
f 3180 3179 3510
f 3511 3509 3512
f 3512 3513 3511
f 3511 3513 3514
f 3514 3186 3511
f 3511 3186 3184
f 3184 3183 3511
f 3514 3513 3515
f 3515 3516 3514
f 3514 3516 3517
f 3517 3518 3514
f 3514 3518 3187
f 3187 3186 3514
f 3518 3517 3519
f 3519 3520 3518
f 3518 3520 3188
f 3188 3187 3518
f 3520 3519 3521
f 3521 3193 3520
f 3520 3193 3190
f 3190 3188 3520
f 3521 3519 3522
f 3522 3523 3521
f 3521 3523 3198
f 3198 3196 3521
f 3521 3196 3194
f 3194 3193 3521
f 3523 3522 3524
f 3524 3525 3523
f 3523 3525 3200
f 3200 3198 3523
f 3525 3524 3526
f 3526 3527 3525
f 3525 3527 3528
f 3528 3200 3525
f 3528 3527 3529
f 3529 3530 3528
f 3528 3530 3531
f 3531 3203 3528
f 3528 3203 3201
f 3201 3200 3528
f 3531 3530 3532
f 3532 3533 3531
f 3531 3533 3534
f 3534 3206 3531
f 3531 3206 3204
f 3204 3203 3531
f 3534 3533 3535
f 3535 3536 3534
f 3534 3536 3211
f 3211 3209 3534
f 3534 3209 3207
f 3207 3206 3534
f 3536 3535 3537
f 3537 3538 3536
f 3536 3538 3539
f 3539 3211 3536
f 3539 3538 3540
f 3540 3541 3539
f 3539 3541 3542
f 3542 3215 3539
f 3539 3215 3212
f 3212 3211 3539
f 3542 3541 3543
f 3543 3544 3542
f 3542 3544 1072
f 1072 3545 3542
f 3542 3545 3216
f 3216 3215 3542
f 3546 1073 1071
f 1071 3547 3546
f 3546 3547 3218
f 3218 3217 3546
f 3547 1071 1074
f 1074 3227 3547
f 3547 3227 3220
f 3220 3218 3547
f 3544 3543 3548
f 3548 3549 3544
f 3544 3549 1068
f 1068 1072 3544
f 3549 3548 968
f 968 965 3549
f 3549 965 964
f 964 1068 3549
f 3548 3550 3551
f 3551 968 3548
f 3548 3543 3552
f 3552 3550 3548
f 3552 1124 1121
f 1121 3550 3552
f 3552 3543 3541
f 3541 3540 3552
f 3552 3540 3553
f 3553 1124 3552
f 3553 3554 1122
f 1122 1124 3553
f 3553 3540 3538
f 3538 3537 3553
f 3553 3537 3555
f 3555 3554 3553
f 3555 3556 3557
f 3557 3554 3555
f 3555 3537 3535
f 3535 3558 3555
f 3555 3558 3559
f 3559 3556 3555
f 3559 3560 3561
f 3561 3556 3559
f 3559 3558 3532
f 3532 3562 3559
f 3559 3562 3563
f 3563 3560 3559
f 3563 3564 3565
f 3565 3560 3563
f 3563 3562 3529
f 3529 3566 3563
f 3563 3566 3567
f 3567 3564 3563
f 3567 3568 3569
f 3569 3564 3567
f 3567 3566 3526
f 3526 3570 3567
f 3567 3570 3571
f 3571 3568 3567
f 3571 3572 3573
f 3573 3568 3571
f 3571 3570 3574
f 3574 3575 3571
f 3571 3575 3576
f 3576 3572 3571
f 3576 3577 3578
f 3578 3572 3576
f 3576 3575 3579
f 3579 3580 3576
f 3576 3580 3581
f 3581 3577 3576
f 3581 3582 3583
f 3583 3577 3581
f 3581 3580 3515
f 3515 3584 3581
f 3581 3584 3585
f 3585 3582 3581
f 3585 3586 3587
f 3587 3582 3585
f 3585 3584 3512
f 3512 3588 3585
f 3585 3588 3589
f 3589 3586 3585
f 3589 3590 3591
f 3591 3586 3589
f 3589 3588 3508
f 3508 3507 3589
f 3589 3507 3592
f 3592 3590 3589
f 3592 3593 3594
f 3594 3590 3592
f 3592 3507 3505
f 3505 3504 3592
f 3592 3504 3595
f 3595 3593 3592
f 3595 3596 3597
f 3597 3593 3595
f 3595 3504 3502
f 3502 3501 3595
f 3595 3501 3598
f 3598 3596 3595
f 3598 3599 3600
f 3600 3596 3598
f 3598 3501 3498
f 3498 3496 3598
f 3598 3496 3494
f 3494 3599 3598
f 3600 3601 3602
f 3602 3603 3600
f 3600 3603 3597
f 3597 3596 3600
f 3600 3599 3604
f 3604 3601 3600
f 3604 1249 1248
f 1248 3601 3604
f 3604 3599 3494
f 3494 3493 3604
f 3604 3493 1251
f 1251 1249 3604
f 3603 3602 3605
f 3605 3606 3603
f 3603 3606 3607
f 3607 3597 3603
f 3607 3606 3608
f 3608 3609 3607
f 3607 3609 3610
f 3610 3594 3607
f 3607 3594 3593
f 3593 3597 3607
f 3610 3609 3611
f 3611 3612 3610
f 3610 3612 3613
f 3613 3591 3610
f 3610 3591 3590
f 3590 3594 3610
f 3613 3612 3614
f 3614 3615 3613
f 3613 3615 3616
f 3616 3587 3613
f 3613 3587 3586
f 3586 3591 3613
f 3616 3615 3617
f 3617 3618 3616
f 3616 3618 3619
f 3619 3583 3616
f 3616 3583 3582
f 3582 3587 3616
f 3619 3618 3620
f 3620 3621 3619
f 3619 3621 3622
f 3622 3578 3619
f 3619 3578 3577
f 3577 3583 3619
f 3622 3621 3623
f 3623 3624 3622
f 3622 3624 3625
f 3625 3573 3622
f 3622 3573 3572
f 3572 3578 3622
f 3625 3624 3626
f 3626 3627 3625
f 3625 3627 3628
f 3628 3569 3625
f 3625 3569 3568
f 3568 3573 3625
f 3628 3627 3629
f 3629 3630 3628
f 3628 3630 3631
f 3631 3565 3628
f 3628 3565 3564
f 3564 3569 3628
f 3631 3630 3632
f 3632 3633 3631
f 3631 3633 3634
f 3634 3561 3631
f 3631 3561 3560
f 3560 3565 3631
f 3634 3633 3635
f 3635 3636 3634
f 3634 3636 1123
f 1123 3557 3634
f 3634 3557 3556
f 3556 3561 3634
f 3636 3635 3637
f 3637 3638 3636
f 3636 3638 1119
f 1119 1123 3636
f 3638 3637 1021
f 1021 3639 3638
f 3638 3639 1120
f 1120 1119 3638
f 3639 1021 1020
f 1020 3640 3639
f 3639 3640 3551
f 3551 1120 3639
f 3640 1020 967
f 967 966 3640
f 3640 966 968
f 968 3551 3640
f 3637 3641 1014
f 1014 1021 3637
f 3637 3635 3642
f 3642 3641 3637
f 3642 3643 3644
f 3644 3641 3642
f 3642 3635 3633
f 3633 3632 3642
f 3642 3632 3645
f 3645 3643 3642
f 3645 3646 3647
f 3647 3643 3645
f 3645 3632 3630
f 3630 3629 3645
f 3645 3629 3648
f 3648 3646 3645
f 3648 3649 3650
f 3650 3646 3648
f 3648 3629 3627
f 3627 3626 3648
f 3648 3626 3651
f 3651 3649 3648
f 3651 3652 3653
f 3653 3649 3651
f 3651 3626 3624
f 3624 3623 3651
f 3651 3623 3654
f 3654 3652 3651
f 3654 3655 3656
f 3656 3652 3654
f 3654 3623 3621
f 3621 3620 3654
f 3654 3620 3657
f 3657 3655 3654
f 3657 3658 3659
f 3659 3655 3657
f 3657 3620 3618
f 3618 3617 3657
f 3657 3617 3660
f 3660 3658 3657
f 3660 3661 3662
f 3662 3658 3660
f 3660 3617 3615
f 3615 3614 3660
f 3660 3614 3663
f 3663 3661 3660
f 3663 3664 3665
f 3665 3661 3663
f 3663 3614 3612
f 3612 3611 3663
f 3663 3611 3666
f 3666 3664 3663
f 3666 3667 3668
f 3668 3664 3666
f 3666 3611 3609
f 3609 3608 3666
f 3666 3608 3669
f 3669 3667 3666
f 3669 3670 3671
f 3671 3667 3669
f 3669 3608 3606
f 3606 3605 3669
f 3669 3605 3672
f 3672 3670 3669
f 3672 3673 3674
f 3674 3670 3672
f 3672 3605 3602
f 3602 3675 3672
f 3672 3675 3676
f 3676 3673 3672
f 3676 1222 1221
f 1221 3673 3676
f 3676 3675 1248
f 1248 1247 3676
f 3676 1247 1223
f 1223 1222 3676
f 3675 3602 3601
f 3601 1248 3675
f 3674 3677 3678
f 3678 3679 3674
f 3674 3679 3671
f 3671 3670 3674
f 3674 3673 1221
f 1221 3677 3674
f 3679 3678 3680
f 3680 3681 3679
f 3679 3681 3682
f 3682 3671 3679
f 3682 3681 3683
f 3683 3684 3682
f 3682 3684 3685
f 3685 3668 3682
f 3682 3668 3667
f 3667 3671 3682
f 3685 3684 3686
f 3686 3687 3685
f 3685 3687 3688
f 3688 3665 3685
f 3685 3665 3664
f 3664 3668 3685
f 3688 3687 3689
f 3689 3690 3688
f 3688 3690 3691
f 3691 3662 3688
f 3688 3662 3661
f 3661 3665 3688
f 3691 3690 3692
f 3692 3693 3691
f 3691 3693 3694
f 3694 3659 3691
f 3691 3659 3658
f 3658 3662 3691
f 3694 3693 3695
f 3695 3696 3694
f 3694 3696 3697
f 3697 3656 3694
f 3694 3656 3655
f 3655 3659 3694
f 3697 3696 3698
f 3698 3699 3697
f 3697 3699 3700
f 3700 3653 3697
f 3697 3653 3652
f 3652 3656 3697
f 3700 3699 3701
f 3701 3702 3700
f 3700 3702 3703
f 3703 3650 3700
f 3700 3650 3649
f 3649 3653 3700
f 3703 3702 3704
f 3704 3705 3703
f 3703 3705 3706
f 3706 3647 3703
f 3703 3647 3646
f 3646 3650 3703
f 3706 3705 3707
f 3707 3708 3706
f 3706 3708 1018
f 1018 3644 3706
f 3706 3644 3643
f 3643 3647 3706
f 3708 3707 3709
f 3709 3710 3708
f 3708 3710 1019
f 1019 1018 3708
f 3710 3709 3711
f 3711 3712 3710
f 3710 3712 3713
f 3713 1019 3710
f 3713 3712 3714
f 3714 3715 3713
f 3713 3715 3716
f 3716 3717 3713
f 3713 3717 1015
f 1015 1019 3713
f 3717 3716 3718
f 3718 3719 3717
f 3717 3719 1016
f 1016 1015 3717
f 3719 3718 3720
f 3720 3721 3719
f 3719 3721 3722
f 3722 1016 3719
f 3722 3723 3724
f 3724 3725 3722
f 3722 3725 1017
f 1017 1016 3722
f 3722 3721 3726
f 3726 3723 3722
f 3726 3728 3729
f 3729 3723 3726
f 3726 3721 3720
f 3720 952 3726
f 3726 952 949
f 949 3728 3726
f 3730 3731 3732
f 3732 3734 3730
f 3729 3733 3724
f 3724 3723 3729
f 3730 3727 3735
f 3735 3731 3730
f 3735 3736 3737
f 3737 3731 3735
f 3735 3727 948
f 948 947 3735
f 3735 947 3738
f 3738 3736 3735
f 3738 847 3739
f 3739 3736 3738
f 3738 947 946
f 946 850 3738
f 3738 850 841
f 841 847 3738
f 3739 3740 3741
f 3741 3742 3739
f 3739 3742 3737
f 3737 3736 3739
f 3739 847 846
f 846 3740 3739
f 3742 3741 3257
f 3257 3743 3742
f 3742 3743 3744
f 3744 3737 3742
f 3744 3743 3252
f 3252 3745 3744
f 3744 3745 3746
f 3746 3732 3744
f 3744 3732 3731
f 3731 3737 3744
f 3746 3745 3247
f 3247 3747 3746
f 3746 3747 955
f 955 961 3746
f 3746 961 3734
f 3734 3732 3746
f 3747 3247 3243
f 3243 3242 3747
f 3747 3242 956
f 956 955 3747
f 3745 3252 3248
f 3248 3247 3745
f 3743 3257 3253
f 3253 3252 3743
f 3741 3262 3258
f 3258 3257 3741
f 3741 3740 3748
f 3748 3262 3741
f 3748 3267 3263
f 3263 3262 3748
f 3748 3740 846
f 846 3749 3748
f 3748 3749 3750
f 3750 3267 3748
f 3750 3272 3268
f 3268 3267 3750
f 3750 3749 3751
f 3751 3752 3750
f 3750 3752 3753
f 3753 3272 3750
f 3753 3277 3273
f 3273 3272 3753
f 3753 3752 3754
f 3754 3755 3753
f 3753 3755 3756
f 3756 3277 3753
f 3756 3282 3278
f 3278 3277 3756
f 3756 3755 3757
f 3757 3759 3756
f 3756 3759 3762
f 3762 3282 3756
f 3762 3288 3283
f 3283 3282 3762
f 3761 3760 3763
f 3763 3764 3761
f 3761 3764 3765
f 3765 3287 3761
f 3765 3296 3289
f 3289 3287 3765
f 3765 3764 3766
f 3766 3767 3765
f 3765 3767 3768
f 3768 3296 3765
f 3768 3302 3297
f 3297 3296 3768
f 3768 3767 3769
f 3769 3770 3768
f 3768 3770 3771
f 3771 3302 3768
f 3771 3307 3303
f 3303 3302 3771
f 3771 3770 3772
f 3772 3773 3771
f 3771 3773 3774
f 3774 3307 3771
f 3774 3312 3308
f 3308 3307 3774
f 3774 3773 3775
f 3775 3776 3774
f 3774 3776 3777
f 3777 3312 3774
f 3777 3317 3313
f 3313 3312 3777
f 3777 3776 3778
f 3778 3779 3777
f 3777 3779 3780
f 3780 3317 3777
f 3780 3322 3318
f 3318 3317 3780
f 3780 3779 3781
f 3781 3782 3780
f 3780 3782 3783
f 3783 3322 3780
f 3783 3325 3323
f 3323 3322 3783
f 3783 3782 3784
f 3784 3785 3783
f 3783 3785 3786
f 3786 3325 3783
f 3786 3329 3326
f 3326 3325 3786
f 3786 3785 3787
f 3787 3788 3786
f 3786 3788 3789
f 3789 3329 3786
f 3789 3334 3330
f 3330 3329 3789
f 3789 3788 3790
f 3790 3791 3789
f 3789 3791 3792
f 3792 3334 3789
f 3792 3339 3335
f 3335 3334 3792
f 6928 3340 3339
f 7066 7058 3793
f 7066 3793 697
f 697 6915 7066
f 3793 3795 699
f 699 697 3793
f 3795 3794 3796
f 3796 3797 3795
f 3795 3797 3798
f 3798 699 3795
f 3798 3799 700
f 700 699 3798
f 3798 3797 3800
f 3800 3801 3798
f 3798 3801 3802
f 3802 3799 3798
f 3802 3803 3804
f 3804 3799 3802
f 3802 3801 3805
f 3805 3806 3802
f 3802 3806 3807
f 3807 3803 3802
f 3807 3808 3809
f 3809 3803 3807
f 3807 3806 3810
f 3810 3811 3807
f 3807 3811 3812
f 3812 3808 3807
f 3812 3813 3814
f 3814 3808 3812
f 3812 3811 3815
f 3815 3816 3812
f 3812 3816 3817
f 3817 3813 3812
f 3817 3818 3819
f 3819 3813 3817
f 3817 3816 3820
f 3820 3376 3817
f 3817 3376 3374
f 3374 3818 3817
f 3820 3816 3815
f 3815 3821 3820
f 3820 3821 3822
f 3822 3379 3820
f 3820 3379 3377
f 3377 3376 3820
f 3822 3821 3823
f 3823 3392 3822
f 3822 3392 3390
f 3390 3382 3822
f 3822 3382 3380
f 3380 3379 3822
f 3823 3821 3815
f 3815 3824 3823
f 3823 3824 3825
f 3825 3395 3823
f 3823 3395 3393
f 3393 3392 3823
f 3825 3824 3810
f 3810 3826 3825
f 3825 3826 3827
f 3827 3828 3825
f 3825 3828 3396
f 3396 3395 3825
f 3828 3827 3829
f 3829 3830 3828
f 3828 3830 3397
f 3397 3396 3828
f 3830 3829 3831
f 3831 3832 3830
f 3830 3832 3399
f 3399 3397 3830
f 3832 3831 3833
f 3833 3834 3832
f 3832 3834 3401
f 3401 3399 3832
f 3834 3833 3835
f 3835 3836 3834
f 3834 3836 3837
f 3837 3401 3834
f 3837 3836 825
f 825 3838 3837
f 3837 3838 3839
f 3839 3404 3837
f 3837 3404 3402
f 3402 3401 3837
f 3839 3838 3840
f 3840 3841 3839
f 3839 3841 3410
f 3410 3408 3839
f 3839 3408 3405
f 3405 3404 3839
f 3841 3840 3842
f 3842 3843 3841
f 3841 3843 3844
f 3844 3410 3841
f 3844 3843 3845
f 3845 3846 3844
f 3844 3846 3847
f 3847 3413 3844
f 3844 3413 3411
f 3411 3410 3844
f 3847 3846 3848
f 3848 3849 3847
f 3847 3849 3418
f 3418 3416 3847
f 3847 3416 3414
f 3414 3413 3847
f 3849 3848 3850
f 3850 3851 3849
f 3849 3851 3852
f 3852 3418 3849
f 3852 3851 3853
f 3853 3854 3852
f 3852 3854 3855
f 3855 3421 3852
f 3852 3421 3419
f 3419 3418 3852
f 3855 3854 3856
f 3856 3857 3855
f 3855 3857 3858
f 3858 3424 3855
f 3855 3424 3422
f 3422 3421 3855
f 3858 3857 3859
f 3859 3860 3858
f 3858 3860 3861
f 3861 3862 3858
f 3858 3862 3425
f 3425 3424 3858
f 3862 3861 3863
f 3863 3864 3862
f 3862 3864 3426
f 3426 3425 3862
f 3864 3863 3865
f 3865 3866 3864
f 3864 3866 3428
f 3428 3426 3864
f 3866 3865 3867
f 3867 3868 3866
f 3866 3868 3430
f 3430 3428 3866
f 3868 3867 3869
f 3869 3870 3868
f 3868 3870 3432
f 3432 3430 3868
f 3870 3869 3871
f 3871 3872 3870
f 3870 3872 3434
f 3434 3432 3870
f 3872 3871 3873
f 3873 3874 3872
f 3872 3874 3440
f 3440 3434 3872
f 3874 3873 3445
f 3445 3443 3874
f 3874 3443 3441
f 3441 3440 3874
f 3873 3871 3875
f 3875 3876 3873
f 3873 3876 1184
f 1184 3445 3873
f 3876 3875 3877
f 3877 3878 3876
f 3876 3878 1178
f 1178 1184 3876
f 3878 3877 3879
f 3879 3880 3878
f 3878 3880 1179
f 1179 1178 3878
f 3880 3879 3881
f 3881 3882 3880
f 3880 3882 3883
f 3883 1179 3880
f 3883 3882 3884
f 3884 3885 3883
f 3883 3885 3886
f 3886 3887 3883
f 3883 3887 1180
f 1180 1179 3883
f 3887 3886 1092
f 1092 1096 3887
f 3887 1096 1181
f 1181 1180 3887
f 3886 3885 1013
f 1013 1012 3886
f 3886 1012 1011
f 1011 1092 3886
f 3885 3884 3888
f 3888 1013 3885
f 3888 3889 3890
f 3890 3891 3888
f 3888 3891 1008
f 1008 1013 3888
f 3888 3884 3892
f 3892 3889 3888
f 3892 3893 3894
f 3894 3889 3892
f 3892 3884 3882
f 3882 3881 3892
f 3892 3881 1053
f 1053 3893 3892
f 3894 3893 3895
f 3895 3896 3894
f 3894 3896 3897
f 3897 3898 3894
f 3894 3898 3890
f 3890 3889 3894
f 3898 3897 3899
f 3899 3900 3898
f 3898 3900 3901
f 3901 3890 3898
f 3901 3900 3902
f 3902 3903 3901
f 3901 3903 3904
f 3904 3905 3901
f 3901 3905 3891
f 3891 3890 3901
f 3905 3904 3906
f 3906 1009 3905
f 3905 1009 1008
f 1008 3891 3905
f 3906 3904 3907
f 3907 3908 3906
f 3906 3908 3909
f 3909 3910 3906
f 3906 3910 1010
f 1010 1009 3906
f 3910 3909 1094
f 1094 1093 3910
f 3910 1093 1011
f 1011 1010 3910
f 3909 3908 3911
f 3911 3912 3909
f 3909 3912 3913
f 3913 1094 3909
f 3913 3914 1095
f 1095 1094 3913
f 3913 3912 3915
f 3915 3916 3913
f 3913 3916 3917
f 3917 3914 3913
f 3917 1182 1181
f 1181 3914 3917
f 3917 3916 3918
f 3918 3919 3917
f 3917 3919 1185
f 1185 1182 3917
f 3919 3918 3920
f 3920 3921 3919
f 3919 3921 3451
f 3451 1185 3919
f 3921 3920 3922
f 3922 3923 3921
f 3921 3923 3452
f 3452 3451 3921
f 3923 3922 3924
f 3924 3457 3923
f 3923 3457 3453
f 3453 3452 3923
f 3924 3922 3925
f 3925 1193 3924
f 3924 1193 1192
f 1192 3460 3924
f 3924 3460 3458
f 3458 3457 3924
f 3925 3922 3920
f 3920 3926 3925
f 3925 3926 1106
f 1106 1105 3925
f 3925 1105 1194
f 1194 1193 3925
f 3926 3920 3918
f 3918 3927 3926
f 3926 3927 1107
f 1107 1106 3926
f 3927 3918 3916
f 3916 3915 3927
f 3927 3915 3928
f 3928 1107 3927
f 3928 3929 1098
f 1098 1107 3928
f 3928 3915 3912
f 3912 3911 3928
f 3928 3911 3930
f 3930 3929 3928
f 3930 3931 3932
f 3932 3929 3930
f 3930 3911 3908
f 3908 3907 3930
f 3930 3907 3933
f 3933 3931 3930
f 3933 3934 3935
f 3935 3931 3933
f 3933 3907 3904
f 3904 3903 3933
f 3933 3903 3902
f 3902 3934 3933
f 3935 3936 3937
f 3937 3938 3935
f 3935 3938 3932
f 3932 3931 3935
f 3935 3934 3939
f 3939 3936 3935
f 3939 3940 3941
f 3941 3936 3939
f 3939 3934 3902
f 3902 3942 3939
f 7005 7019 3940
f 7001 3942 3899
f 3899 7094 7001
f 7090 7094 3899
f 3899 3897 7090
f 7090 3897 3896
f 3896 7087 7090
f 6979 6984 3943
f 3943 3895 1052
f 1052 1051 3943
f 6922 1051 1050
f 1050 6925 6922
f 7048 7008 3944
f 3944 3941 7048
f 7048 3941 3940
f 3940 7019 7048
f 3944 3946 3947
f 3947 3937 3944
f 3944 3937 3936
f 3936 3941 3944
f 3947 3946 3948
f 3948 3949 3947
f 3947 3949 3950
f 3950 3951 3947
f 3947 3951 3938
f 3938 3937 3947
f 3951 3950 1100
f 1100 1099 3951
f 3951 1099 3932
f 3932 3938 3951
f 3950 3949 3952
f 3952 3953 3950
f 3950 3953 1101
f 1101 1100 3950
f 3953 3952 3954
f 3954 3955 3953
f 3953 3955 3956
f 3956 1101 3953
f 3956 3955 3957
f 3957 3958 3956
f 3956 3958 3959
f 3959 3960 3956
f 3956 3960 1102
f 1102 1101 3956
f 3960 3959 3961
f 3961 3962 3960
f 3960 3962 1103
f 1103 1102 3960
f 3962 3961 3963
f 3963 3964 3962
f 3962 3964 3965
f 3965 1103 3962
f 3965 3964 3966
f 3966 3967 3965
f 3965 3967 1189
f 1189 1195 3965
f 3965 1195 1104
f 1104 1103 3965
f 3967 3966 3968
f 3968 3969 3967
f 3967 3969 1190
f 1190 1189 3967
f 3969 3968 3970
f 3970 3971 3969
f 3969 3971 3972
f 3972 1190 3969
f 3972 3971 3678
f 3678 3677 3972
f 3972 3677 1221
f 1221 1220 3972
f 3972 1220 1191
f 1191 1190 3972
f 3971 3970 3680
f 3680 3678 3971
f 3970 3968 3973
f 3973 3974 3970
f 3970 3974 3975
f 3975 3680 3970
f 3975 3974 3976
f 3976 3977 3975
f 3975 3977 3978
f 3978 3683 3975
f 3975 3683 3681
f 3681 3680 3975
f 3978 3977 3979
f 3979 3980 3978
f 3978 3980 3981
f 3981 3686 3978
f 3978 3686 3684
f 3684 3683 3978
f 3981 3980 3982
f 3982 3983 3981
f 3981 3983 3984
f 3984 3689 3981
f 3981 3689 3687
f 3687 3686 3981
f 3984 3983 3985
f 3985 3986 3984
f 3984 3986 3987
f 3987 3692 3984
f 3984 3692 3690
f 3690 3689 3984
f 3987 3986 3988
f 3988 3989 3987
f 3987 3989 3990
f 3990 3695 3987
f 3987 3695 3693
f 3693 3692 3987
f 3990 3989 3991
f 3991 3992 3990
f 3990 3992 3993
f 3993 3698 3990
f 3990 3698 3696
f 3696 3695 3990
f 3993 3992 3994
f 3994 3995 3993
f 3993 3995 3996
f 3996 3701 3993
f 3993 3701 3699
f 3699 3698 3993
f 3996 3995 3997
f 3997 3998 3996
f 3996 3998 3999
f 3999 3704 3996
f 3996 3704 3702
f 3702 3701 3996
f 3999 3998 4000
f 4000 4001 3999
f 3999 4001 3709
f 3709 3707 3999
f 3999 3707 3705
f 3705 3704 3999
f 4001 4000 4002
f 4002 4003 4001
f 4001 4003 3711
f 3711 3709 4001
f 4003 4002 4004
f 4004 4005 4003
f 4003 4005 4006
f 4006 3711 4003
f 4006 4005 4007
f 4007 4008 4006
f 4006 4008 4009
f 4009 3714 4006
f 4006 3714 3712
f 3712 3711 4006
f 4009 4008 4010
f 4010 4011 4009
f 4009 4011 4012
f 4012 4013 4009
f 4009 4013 3715
f 3715 3714 4009
f 4013 4012 4014
f 4014 4015 4013
f 4013 4015 3716
f 3716 3715 4013
f 4015 4016 3718
f 3718 3716 4015
f 4015 4014 4017
f 4017 4016 4015
f 4017 4018 4019
f 4019 4016 4017
f 4017 4014 4020
f 4020 4021 4017
f 4017 4021 4022
f 4022 4018 4017
f 4022 852 951
f 951 4018 4022
f 4022 4021 4023
f 4023 4024 4022
f 4022 4024 848
f 848 852 4022
f 4024 4023 4025
f 4025 4026 4024
f 4024 4026 849
f 849 848 4024
f 4026 4025 4027
f 4027 4028 4026
f 4026 4028 4029
f 4029 849 4026
f 4029 4030 842
f 842 849 4029
f 4029 4028 4032
f 4032 4033 4029
f 4029 4033 4034
f 4034 4030 4029
f 4034 4035 4037
f 4037 4030 4034
f 4034 4033 4038
f 4038 4039 4034
f 4034 4039 4040
f 4040 4035 4034
f 4040 4041 4042
f 4042 4035 4040
f 4040 4039 4043
f 4043 4044 4040
f 4040 4044 4045
f 4045 4041 4040
f 4045 4046 4047
f 4047 4041 4045
f 4045 4044 4048
f 4048 4049 4045
f 4045 4049 4050
f 4050 4046 4045
f 4050 4051 4052
f 4052 4046 4050
f 4050 4049 4053
f 4053 4054 4050
f 4050 4054 773
f 773 4051 4050
f 4054 4053 4055
f 4055 4056 4054
f 4054 4056 768
f 768 773 4054
f 4056 4057 769
f 769 768 4056
f 4056 4055 4058
f 4058 4057 4056
f 4058 4059 4060
f 4060 4057 4058
f 4058 4055 4061
f 4061 4062 4058
f 4058 4062 4063
f 4063 4059 4058
f 4063 4064 4065
f 4065 4059 4063
f 4063 4062 4066
f 4066 4067 4063
f 6951 6942 4068
f 4068 4064 6951
f 6944 4067 7096
f 7081 7080 4069
f 4069 4070 7081
f 7081 4070 3794
f 3794 7059 7081
f 4070 4069 4071
f 4071 4072 4070
f 4070 4072 3796
f 3796 3794 4070
f 4072 4071 4073
f 4073 4074 4072
f 4072 4074 4075
f 4075 3796 4072
f 4075 3800 3797
f 3797 3796 4075
f 4075 4074 4076
f 4076 4077 4075
f 4075 4077 4078
f 4078 3800 4075
f 4078 3805 3801
f 3801 3800 4078
f 4078 4077 3829
f 3829 3827 4078
f 4078 3827 3826
f 3826 3805 4078
f 4077 4076 3831
f 3831 3829 4077
f 4076 4074 4073
f 4073 4079 4076
f 4076 4079 3833
f 3833 3831 4076
f 4079 4073 4080
f 4080 4081 4079
f 4079 4081 3835
f 3835 3833 4079
f 4081 4080 4082
f 4082 821 4081
f 4081 821 820
f 820 3835 4081
f 4082 4080 4083
f 4083 4084 4082
f 4082 4084 4085
f 4085 4086 4082
f 4082 4086 822
f 822 821 4082
f 4086 4085 4087
f 4087 4088 4086
f 4086 4088 823
f 823 822 4086
f 4088 4087 4089
f 4089 4090 4088
f 4088 4090 3842
f 3842 823 4088
f 4090 4089 4091
f 4091 3845 4090
f 4090 3845 3843
f 3843 3842 4090
f 4091 4089 4092
f 4092 4093 4091
f 4091 4093 3850
f 3850 3848 4091
f 4091 3848 3846
f 3846 3845 4091
f 4093 4092 4094
f 4094 4095 4093
f 4093 4095 4096
f 4096 3850 4093
f 4096 4097 4098
f 4098 3853 4096
f 4096 3853 3851
f 3851 3850 4096
f 4098 3856 3854
f 3854 3853 4098
f 4099 3859 3857
f 3857 3856 4099
f 6941 6957 4100
f 6941 4100 3860
f 6941 3860 3859
f 6941 3859 6931
f 4100 4102 3861
f 3861 3860 4100
f 4102 4101 4103
f 4103 4104 4102
f 4102 4104 3863
f 3863 3861 4102
f 4104 4103 1058
f 1058 4105 4104
f 4104 4105 3865
f 3865 3863 4104
f 4105 1058 1057
f 1057 4106 4105
f 4105 4106 3867
f 3867 3865 4105
f 4106 1057 1059
f 1059 4107 4106
f 4106 4107 3869
f 3869 3867 4106
f 4107 1059 3877
f 3877 3875 4107
f 4107 3875 3871
f 3871 3869 4107
f 4103 4108 1055
f 1055 1058 4103
f 7030 7023 1056
f 7023 6925 1050
f 1050 1056 7023
f 6964 6962 4109
f 4109 4110 6964
f 6964 4110 4069
f 4069 7080 6964
f 4110 4109 4084
f 4084 4083 4110
f 4110 4083 4071
f 4071 4069 4110
f 4109 4111 4085
f 4085 4084 4109
f 4111 4112 4087
f 4087 4085 4111
f 4112 4092 4089
f 4089 4087 4112
f 7038 7035 4094
f 7035 7095 4095
f 4095 4094 7035
f 7105 7103 4097
f 6936 6937 4101
f 4083 4080 4073
f 4073 4071 4083
f 6929 6953 4113
f 4113 4114 6929
f 6929 4114 4115
f 4115 6924 6929
f 4115 4114 4116
f 4116 4117 4115
f 4115 4117 4118
f 4118 4068 4115
f 4118 4117 4119
f 4119 4120 4118
f 4118 4120 4121
f 4121 4065 4118
f 4118 4065 4064
f 4064 4068 4118
f 4121 4120 4122
f 4122 4123 4121
f 4121 4123 4124
f 4124 4060 4121
f 4121 4060 4059
f 4059 4065 4121
f 4124 4123 4125
f 4125 4126 4124
f 4124 4126 770
f 770 769 4124
f 4124 769 4057
f 4057 4060 4124
f 4126 4125 4127
f 4127 4128 4126
f 4126 4128 771
f 771 770 4126
f 4128 4127 3772
f 3772 4129 4128
f 4128 4129 4130
f 4130 771 4128
f 4130 4129 3769
f 3769 4131 4130
f 4130 4131 4132
f 4132 4133 4130
f 4130 4133 772
f 772 771 4130
f 4133 4132 4052
f 4052 4051 4133
f 4133 4051 773
f 773 772 4133
f 4132 4131 3766
f 3766 4134 4132
f 4132 4134 4135
f 4135 4052 4132
f 4135 4134 3763
f 3763 4136 4135
f 4135 4136 4137
f 4137 4047 4135
f 4135 4047 4046
f 4046 4052 4135
f 4137 4136 3758
f 3758 4138 4137
f 4137 4138 4141
f 4141 4042 4137
f 4137 4042 4041
f 4041 4047 4137
f 4140 4139 3754
f 3754 4142 4140
f 4140 4142 844
f 844 4036 4140
f 4141 4037 4035
f 4035 4042 4141
f 4142 3754 3752
f 3752 3751 4142
f 4142 3751 845
f 845 844 4142
f 4139 3757 3755
f 3755 3754 4139
f 4136 3763 3760
f 3760 3758 4136
f 4134 3766 3764
f 3764 3763 4134
f 4131 3769 3767
f 3767 3766 4131
f 4129 3772 3770
f 3770 3769 4129
f 4127 3775 3773
f 3773 3772 4127
f 4127 4125 4143
f 4143 3775 4127
f 4143 3778 3776
f 3776 3775 4143
f 4143 4125 4123
f 4123 4122 4143
f 4143 4122 4144
f 4144 3778 4143
f 4144 3781 3779
f 3779 3778 4144
f 4144 4122 4120
f 4120 4119 4144
f 4144 4119 4145
f 4145 3781 4144
f 4145 3784 3782
f 3782 3781 4145
f 4145 4119 4117
f 4117 4116 4145
f 4145 4116 4146
f 4146 3784 4145
f 4146 3787 3785
f 3785 3784 4146
f 4146 4116 4114
f 4114 4113 4146
f 4146 4113 4147
f 4147 3787 4146
f 4147 3790 3788
f 3788 3787 4147
f 6968 6923 3791
f 3791 3790 6968
f 7106 6950 4148
f 4148 3945 7106
f 7106 3945 7007
f 4148 4150 4151
f 4151 3948 4148
f 4148 3948 3946
f 3946 3945 4148
f 4151 4150 4152
f 4152 4153 4151
f 4151 4153 3954
f 3954 3952 4151
f 4151 3952 3949
f 3949 3948 4151
f 4153 4152 4154
f 4154 4155 4153
f 4153 4155 4156
f 4156 3954 4153
f 4156 4155 4157
f 4157 4158 4156
f 4156 4158 4159
f 4159 3957 4156
f 4156 3957 3955
f 3955 3954 4156
f 4159 4158 4160
f 4160 4161 4159
f 4159 4161 4162
f 4162 4163 4159
f 4159 4163 3958
f 3958 3957 4159
f 4163 4162 4164
f 4164 4165 4163
f 4163 4165 3959
f 3959 3958 4163
f 4165 4164 4166
f 4166 4167 4165
f 4165 4167 3961
f 3961 3959 4165
f 4167 4166 4168
f 4168 4169 4167
f 4167 4169 3963
f 3963 3961 4167
f 4169 4168 4170
f 4170 4171 4169
f 4169 4171 4172
f 4172 3963 4169
f 4172 4171 4173
f 4173 3973 4172
f 4172 3973 3968
f 3968 3966 4172
f 4172 3966 3964
f 3964 3963 4172
f 4173 4171 4170
f 4170 4174 4173
f 4173 4174 4175
f 4175 3976 4173
f 4173 3976 3974
f 3974 3973 4173
f 4175 4174 4176
f 4176 4177 4175
f 4175 4177 4178
f 4178 3979 4175
f 4175 3979 3977
f 3977 3976 4175
f 4178 4177 4179
f 4179 4180 4178
f 4178 4180 4181
f 4181 3982 4178
f 4178 3982 3980
f 3980 3979 4178
f 4181 4180 4182
f 4182 4183 4181
f 4181 4183 4184
f 4184 3985 4181
f 4181 3985 3983
f 3983 3982 4181
f 4184 4183 4185
f 4185 4186 4184
f 4184 4186 4187
f 4187 3988 4184
f 4184 3988 3986
f 3986 3985 4184
f 4187 4186 4188
f 4188 4189 4187
f 4187 4189 4190
f 4190 3991 4187
f 4187 3991 3989
f 3989 3988 4187
f 4190 4189 4191
f 4191 4192 4190
f 4190 4192 4193
f 4193 3994 4190
f 4190 3994 3992
f 3992 3991 4190
f 4193 4192 4194
f 4194 4195 4193
f 4193 4195 4196
f 4196 3997 4193
f 4193 3997 3995
f 3995 3994 4193
f 4196 4195 4197
f 4197 4198 4196
f 4196 4198 4002
f 4002 4000 4196
f 4196 4000 3998
f 3998 3997 4196
f 4198 4197 4199
f 4199 4200 4198
f 4198 4200 4004
f 4004 4002 4198
f 4200 4199 4201
f 4201 4202 4200
f 4200 4202 4203
f 4203 4004 4200
f 4203 4202 4204
f 4204 4205 4203
f 4203 4205 4206
f 4206 4007 4203
f 4203 4007 4005
f 4005 4004 4203
f 4206 4205 4207
f 4207 4208 4206
f 4206 4208 4209
f 4209 4010 4206
f 4206 4010 4008
f 4008 4007 4206
f 4209 4210 4011
f 4011 4010 4209
f 4209 4208 4211
f 4211 4212 4209
f 4209 4212 4213
f 4213 4210 4209
f 4213 4214 4215
f 4215 4210 4213
f 4213 4212 4216
f 4216 4217 4213
f 4213 4217 4218
f 4218 4214 4213
f 4218 4219 4220
f 4220 4214 4218
f 4218 4217 4221
f 4221 4222 4218
f 4218 4222 4223
f 4223 4219 4218
f 4223 4027 4025
f 4025 4219 4223
f 4223 4222 4224
f 4224 4225 4223
f 4223 4225 4226
f 4226 4027 4223
f 4226 4032 4028
f 4028 4027 4226
f 4226 4225 861
f 861 4227 4226
f 4226 4227 4228
f 4228 4032 4226
f 4228 4038 4033
f 4033 4032 4228
f 4228 4227 4229
f 4229 4230 4228
f 4228 4230 4231
f 4231 4038 4228
f 4231 4043 4039
f 4039 4038 4231
f 4231 4230 4232
f 4232 4233 4231
f 4231 4233 4234
f 4234 4043 4231
f 4234 4048 4044
f 4044 4043 4234
f 4234 4233 4235
f 4235 4236 4234
f 4234 4236 4237
f 4237 4048 4234
f 4237 4061 4055
f 4055 4053 4237
f 4237 4053 4049
f 4049 4048 4237
f 4237 4236 4238
f 4238 4061 4237
f 4238 4066 4062
f 4062 4061 4238
f 4238 4236 4235
f 4235 4239 4238
f 4238 4239 4240
f 4240 4066 4238
f 4240 4239 4241
f 4241 4242 4240
f 7089 4242 4243
f 7089 4243 4244
f 7089 4244 7092
f 7092 4244 7091
f 7091 4244 4245
f 4245 7086 7091
f 7088 6926 4246
f 4246 4149 7088
f 7088 4149 6947
f 4246 4247 4154
f 4154 4152 4246
f 4246 4152 4150
f 4150 4149 4246
f 4247 4248 4249
f 4249 4154 4247
f 4249 4248 4250
f 4250 4251 4249
f 4249 4251 4252
f 4252 4157 4249
f 4249 4157 4155
f 4155 4154 4249
f 4252 4251 4253
f 4253 4254 4252
f 4252 4254 4255
f 4255 4160 4252
f 4252 4160 4158
f 4158 4157 4252
f 4255 4254 4256
f 4256 4257 4255
f 4255 4257 4258
f 4258 4259 4255
f 4255 4259 4161
f 4161 4160 4255
f 4259 4258 4260
f 4260 4261 4259
f 4259 4261 4162
f 4162 4161 4259
f 4261 4260 4262
f 4262 4263 4261
f 4261 4263 4164
f 4164 4162 4261
f 4263 4262 4264
f 4264 4265 4263
f 4263 4265 4166
f 4166 4164 4263
f 4265 4264 4266
f 4266 4267 4265
f 4265 4267 4168
f 4168 4166 4265
f 4267 4266 4268
f 4268 4269 4267
f 4267 4269 4170
f 4170 4168 4267
f 4269 4268 4270
f 4270 4176 4269
f 4269 4176 4174
f 4174 4170 4269
f 4270 4268 4271
f 4271 4272 4270
f 4270 4272 4273
f 4273 4179 4270
f 4270 4179 4177
f 4177 4176 4270
f 4273 4272 4274
f 4274 4275 4273
f 4273 4275 4276
f 4276 4182 4273
f 4273 4182 4180
f 4180 4179 4273
f 4276 4275 4277
f 4277 4278 4276
f 4276 4278 4279
f 4279 4185 4276
f 4276 4185 4183
f 4183 4182 4276
f 4279 4278 4280
f 4280 4281 4279
f 4279 4281 4282
f 4282 4188 4279
f 4279 4188 4186
f 4186 4185 4279
f 4282 4281 1001
f 1001 998 4282
f 4282 998 997
f 997 4191 4282
f 4282 4191 4189
f 4189 4188 4282
f 4281 4280 4283
f 4283 1001 4281
f 4283 4284 4285
f 4285 4286 4283
f 4283 4286 1002
f 1002 1001 4283
f 4283 4280 4287
f 4287 4284 4283
f 4287 4288 4289
f 4289 4284 4287
f 4287 4280 4278
f 4278 4277 4287
f 4287 4277 4290
f 4290 4288 4287
f 4290 4291 4292
f 4292 4288 4290
f 4290 4277 4275
f 4275 4274 4290
f 4290 4274 4293
f 4293 4291 4290
f 4293 4294 4295
f 4295 4291 4293
f 4293 4274 4272
f 4272 4271 4293
f 4293 4271 4296
f 4296 4294 4293
f 4296 4297 4298
f 4298 4294 4296
f 4296 4271 4268
f 4268 4266 4296
f 4296 4266 4264
f 4264 4297 4296
f 4298 4299 4300
f 4300 4301 4298
f 4298 4301 4295
f 4295 4294 4298
f 4298 4297 4302
f 4302 4299 4298
f 4302 4303 4304
f 4304 4299 4302
f 4302 4297 4264
f 4264 4262 4302
f 4302 4262 4260
f 4260 4303 4302
f 4304 4305 4306
f 4306 4307 4304
f 4304 4307 4300
f 4300 4299 4304
f 4304 4303 4308
f 4308 4305 4304
f 4308 4309 4310
f 4310 4305 4308
f 4308 4303 4260
f 4260 4258 4308
f 4308 4258 4257
f 4257 4309 4308
f 4310 4311 4312
f 4312 4313 4310
f 4310 4313 4306
f 4306 4305 4310
f 4310 4309 4314
f 4314 4311 4310
f 4314 4315 4316
f 4316 4311 4314
f 4314 4309 4257
f 4257 4256 4314
f 4314 4256 4317
f 4317 4315 4314
f 4317 4256 4254
f 4254 4253 4317
f 4317 4253 4319
f 4319 4318 4317
f 4319 4253 4251
f 4251 4250 4319
f 7083 4250 4248
f 4248 6921 7083
f 6995 6999 4318
f 6958 7050 4320
f 4320 4316 6958
f 6958 4316 4315
f 4315 6976 6958
f 4320 4321 4322
f 4322 4312 4320
f 4320 4312 4311
f 4311 4316 4320
f 4322 4321 4323
f 4323 4324 4322
f 4322 4324 4325
f 4325 4326 4322
f 4322 4326 4313
f 4313 4312 4322
f 4326 4325 4327
f 4327 4328 4326
f 4326 4328 4306
f 4306 4313 4326
f 4328 4327 4329
f 4329 4330 4328
f 4328 4330 4307
f 4307 4306 4328
f 4330 4329 4331
f 4331 4332 4330
f 4330 4332 4300
f 4300 4307 4330
f 4332 4331 4333
f 4333 4334 4332
f 4332 4334 4301
f 4301 4300 4332
f 4334 4333 4335
f 4335 4336 4334
f 4334 4336 4295
f 4295 4301 4334
f 4336 4335 4337
f 4337 4292 4336
f 4336 4292 4291
f 4291 4295 4336
f 4337 4335 974
f 974 973 4337
f 4337 973 975
f 975 4289 4337
f 4337 4289 4288
f 4288 4292 4337
f 4335 4333 4338
f 4338 974 4335
f 4338 4339 4340
f 4340 4341 4338
f 4338 4341 970
f 970 974 4338
f 4338 4333 4331
f 4331 4339 4338
f 4341 4340 4342
f 4342 4343 4341
f 4341 4343 971
f 971 970 4341
f 4343 4342 4344
f 4344 4345 4343
f 4343 4345 4346
f 4346 971 4343
f 4346 4345 4347
f 4347 4348 4346
f 4346 4348 4349
f 4349 4350 4346
f 4346 4350 972
f 972 971 4346
f 4350 4349 4286
f 4286 4285 4350
f 4350 4285 975
f 975 972 4350
f 4349 4348 4351
f 4351 4352 4349
f 4349 4352 1002
f 1002 4286 4349
f 4352 4351 4353
f 4353 999 4352
f 4352 999 993
f 993 1002 4352
f 4353 4351 4354
f 4354 4355 4353
f 4353 4355 4356
f 4356 4357 4353
f 4353 4357 1000
f 1000 999 4353
f 4357 4356 932
f 932 931 4357
f 4357 931 4358
f 4358 1000 4357
f 4358 931 930
f 930 4359 4358
f 4358 4359 4360
f 4360 4361 4358
f 4358 4361 994
f 994 1000 4358
f 4361 4360 4362
f 4362 4363 4361
f 4361 4363 995
f 995 994 4361
f 4363 4362 4364
f 4364 4365 4363
f 4363 4365 4366
f 4366 995 4363
f 4366 4365 4201
f 4201 4199 4366
f 4366 4199 4197
f 4197 4367 4366
f 4366 4367 996
f 996 995 4366
f 4367 4197 4195
f 4195 4194 4367
f 4367 4194 997
f 997 996 4367
f 4365 4364 4368
f 4368 4201 4365
f 4368 4364 4369
f 4369 4370 4368
f 4368 4370 4371
f 4371 4204 4368
f 4368 4204 4202
f 4202 4201 4368
f 4371 4370 876
f 876 875 4371
f 4371 875 879
f 879 4207 4371
f 4371 4207 4205
f 4205 4204 4371
f 4370 4369 4372
f 4372 876 4370
f 4372 4373 4374
f 4374 4375 4372
f 4372 4375 877
f 877 876 4372
f 4372 4369 4376
f 4376 4373 4372
f 4376 4377 4378
f 4378 4373 4376
f 4376 4369 4364
f 4364 4362 4376
f 4376 4362 4360
f 4360 4377 4376
f 4378 4379 4380
f 4380 4381 4378
f 4378 4381 4374
f 4374 4373 4378
f 4378 4377 4382
f 4382 4379 4378
f 4382 929 915
f 915 4379 4382
f 4382 4377 4360
f 4360 4359 4382
f 4382 4359 930
f 930 929 4382
f 4381 4383 4384
f 4384 4374 4381
f 4381 4380 4385
f 4385 4383 4381
f 4385 4386 4387
f 4387 4383 4385
f 4385 4380 914
f 914 919 4385
f 4385 919 4388
f 4388 4386 4385
f 4388 4389 4390
f 4390 4386 4388
f 4388 919 918
f 918 4391 4388
f 4388 4391 4392
f 4392 4389 4388
f 4392 4393 4394
f 4394 4389 4392
f 4392 4391 4395
f 4395 4396 4392
f 4392 4396 4397
f 4397 4393 4392
f 4397 4396 4398
f 4398 4399 4397
f 4397 4399 4400
f 4400 909 4397
f 4397 909 908
f 908 4393 4397
f 4400 4399 4354
f 4354 4347 4400
f 4400 4347 4345
f 4345 4344 4400
f 4400 4344 910
f 910 909 4400
f 4399 4398 4355
f 4355 4354 4399
f 4398 4396 4395
f 4395 4401 4398
f 4398 4401 4356
f 4356 4355 4398
f 4401 4395 917
f 917 933 4401
f 4401 933 932
f 932 4356 4401
f 4395 4391 918
f 918 917 4395
f 4394 911 857
f 857 860 4394
f 4394 860 4390
f 4390 4389 4394
f 4394 4393 908
f 908 911 4394
f 4390 860 859
f 859 4402 4390
f 4390 4402 4387
f 4387 4386 4390
f 4402 859 863
f 863 4403 4402
f 4402 4403 4404
f 4404 4387 4402
f 4404 4403 4405
f 4405 4406 4404
f 4404 4406 4407
f 4407 4384 4404
f 4404 4384 4383
f 4383 4387 4404
f 4407 4406 4408
f 4408 880 4407
f 4407 880 877
f 877 4375 4407
f 4407 4375 4374
f 4374 4384 4407
f 4408 4409 4216
f 4216 4410 4408
f 4408 4410 878
f 878 880 4408
f 4408 4406 4405
f 4405 4409 4408
f 4410 4216 4212
f 4212 4211 4410
f 4410 4211 879
f 879 878 4410
f 4409 4221 4217
f 4217 4216 4409
f 4409 4405 4411
f 4411 4221 4409
f 4411 4224 4222
f 4222 4221 4411
f 4411 4405 4403
f 4403 863 4411
f 4411 863 862
f 862 4224 4411
f 4380 4379 915
f 915 914 4380
f 4354 4351 4348
f 4348 4347 4354
f 4344 4342 912
f 912 910 4344
f 4342 4340 4412
f 4412 912 4342
f 4412 4413 903
f 903 912 4412
f 4412 4340 4339
f 4339 4414 4412
f 4412 4414 4415
f 4415 4413 4412
f 4415 4416 4417
f 4417 4413 4415
f 4415 4414 4329
f 4329 4327 4415
f 4415 4327 4325
f 4325 4416 4415
f 4417 4418 4419
f 4419 904 4417
f 4417 904 903
f 903 4413 4417
f 4417 4416 4420
f 4420 4418 4417
f 4420 4421 4422
f 4422 4418 4420
f 4420 4416 4325
f 4325 4324 4420
f 4420 4324 4323
f 4323 4421 4420
f 4422 4424 4419
f 4419 4418 4422
f 7062 7064 4423
f 7074 4421 4323
f 4323 7014 7074
f 7064 7060 4423
f 7034 7004 4425
f 4425 4426 7034
f 7034 4426 4424
f 4424 7061 7034
f 4426 4425 4427
f 4427 4428 4426
f 4426 4428 4419
f 4419 4424 4426
f 4428 4427 906
f 906 905 4428
f 4428 905 904
f 904 4419 4428
f 4427 4425 4429
f 4429 4430 4427
f 4427 4430 4431
f 4431 906 4427
f 4431 4430 4432
f 4432 4433 4431
f 4431 4433 854
f 854 858 4431
f 4431 858 907
f 907 906 4431
f 4433 4432 4434
f 4434 4435 4433
f 4433 4435 855
f 855 854 4433
f 4435 4434 4436
f 4436 4437 4435
f 4435 4437 4438
f 4438 855 4435
f 4438 4437 4439
f 4439 4232 4438
f 4438 4232 4230
f 4230 4229 4438
f 4438 4229 856
f 856 855 4438
f 4439 4241 4239
f 4239 4235 4439
f 4439 4235 4233
f 4233 4232 4439
f 4439 4437 4436
f 4436 4241 4439
f 4436 4243 4242
f 4242 4241 4436
f 4436 4434 4440
f 4440 4243 4436
f 4440 4245 4244
f 4244 4243 4440
f 4440 4434 4432
f 4432 4441 4440
f 7000 7086 4245
f 6983 4441 4429
f 4429 7079 6983
f 7079 4429 4425
f 4425 7004 7079
f 4441 4432 4430
f 4430 4429 4441
f 7014 4323 4321
f 4321 7054 7014
f 4414 4339 4331
f 4331 4329 4414
f 4289 975 4285
f 4285 4284 4289
f 4229 4227 861
f 861 856 4229
f 4225 4224 862
f 862 861 4225
f 4220 4023 4021
f 4021 4020 4220
f 4220 4020 4215
f 4215 4214 4220
f 4220 4219 4025
f 4025 4023 4220
f 4215 4020 4014
f 4014 4012 4215
f 4215 4012 4011
f 4011 4210 4215
f 4211 4208 4207
f 4207 879 4211
f 4194 4192 4191
f 4191 997 4194
f 4036 844 843
f 843 4031 4036
f 4019 950 952
f 952 3720 4019
f 4019 3720 3718
f 3718 4016 4019
f 4019 4018 951
f 951 950 4019
f 3942 3902 3900
f 3900 3899 3942
f 3932 1099 1098
f 1098 3929 3932
f 3914 1181 1096
f 1096 1095 3914
f 3895 3893 1053
f 1053 1052 3895
f 3881 3879 1054
f 1054 1053 3881
f 3879 3877 1059
f 1059 1054 3879
f 3842 3840 824
f 824 823 3842
f 3840 3838 825
f 825 824 3840
f 3836 3835 820
f 820 825 3836
f 3826 3810 3806
f 3806 3805 3826
f 3824 3815 3811
f 3811 3810 3824
f 3819 4442 4443
f 4443 4444 3819
f 3819 4444 3814
f 3814 3813 3819
f 3819 3818 4445
f 4445 4442 3819
f 4445 3359 3357
f 3357 4442 4445
f 4445 3818 3374
f 3374 3372 4445
f 4445 3372 3370
f 3370 3359 4445
f 4444 4443 3352
f 3352 4446 4444
f 4444 4446 4447
f 4447 3814 4444
f 4447 4446 3349
f 3349 4448 4447
f 4447 4448 4449
f 4449 3809 4447
f 4447 3809 3808
f 3808 3814 4447
f 4449 4448 3346
f 3346 4450 4449
f 4449 4450 701
f 701 3804 4449
f 4449 3804 3803
f 3803 3809 4449
f 4450 3346 3344
f 3344 3343 4450
f 4450 3343 698
f 698 701 4450
f 4448 3349 3347
f 3347 3346 4448
f 4446 3352 3350
f 3350 3349 4446
f 4443 3355 3353
f 3353 3352 4443
f 4443 4442 3357
f 3357 3355 4443
f 3804 701 700
f 700 3799 3804
f 3751 3749 846
f 846 845 3751
f 3733 962 960
f 960 3724 3733
f 3725 3724 960
f 960 967 3725
f 3725 967 1020
f 1020 1017 3725
f 3644 1018 1014
f 1014 3641 3644
f 3588 3512 3509
f 3509 3508 3588
f 3584 3515 3513
f 3513 3512 3584
f 3580 3579 3516
f 3516 3515 3580
f 3579 3575 3574
f 3574 4451 3579
f 3579 4451 3517
f 3517 3516 3579
f 4451 3574 3524
f 3524 3522 4451
f 4451 3522 3519
f 3519 3517 4451
f 3574 3570 3526
f 3526 3524 3574
f 3566 3529 3527
f 3527 3526 3566
f 3562 3532 3530
f 3530 3529 3562
f 3558 3535 3533
f 3533 3532 3558
f 3557 1123 1122
f 1122 3554 3557
f 3551 3550 1121
f 1121 1120 3551
f 3491 3490 1250
f 1250 1251 3491
f 3490 1224 1223
f 1223 1250 3490
f 3490 3488 1225
f 1225 1224 3490
f 3486 3485 1226
f 1226 1225 3486
f 3485 4452 1227
f 1227 1226 3485
f 3485 3483 3482
f 3482 4452 3485
f 4452 4453 4454
f 4454 1227 4452
f 4452 3482 4455
f 4455 4453 4452
f 4455 3466 3464
f 3464 4453 4455
f 4455 3482 3480
f 3480 3471 4455
f 4455 3471 3468
f 3468 3466 4455
f 4454 3463 1198
f 1198 1197 4454
f 4454 1197 1196
f 1196 1227 4454
f 4454 4453 3464
f 3464 3463 4454
f 3480 3474 3472
f 3472 3471 3480
f 3461 3460 1192
f 1192 1198 3461
f 3451 3449 1186
f 1186 1185 3451
f 3446 3445 1184
f 1184 1183 3446
f 3440 3437 3435
f 3435 3434 3440
f 3390 3386 3383
f 3383 3382 3390
f 3370 3363 3360
f 3360 3359 3370
f 3362 2071 665
f 665 664 3362
f 6961 6963 4456
f 4456 4457 6961
f 6961 4457 4458
f 4458 6907 6961
f 4458 4457 4459
f 4459 4460 4458
f 4461 4460 490
f 490 494 4461
f 4460 4459 491
f 491 490 4460
f 4459 4462 2035
f 2035 491 4459
f 4459 4457 4456
f 4456 4462 4459
f 4462 2040 2036
f 2036 2035 4462
f 7099 7003 2040
f 7104 4456 6963
f 6909 505 507
f 507 6908 6909
f 3338 506 499
f 499 4463 3338
f 3338 4463 3333
f 3333 3332 3338
f 3338 3337 507
f 507 506 3338
f 4463 499 497
f 497 4464 4463
f 4463 4464 603
f 603 3333 4463
f 4464 497 496
f 496 4465 4464
f 4464 4465 595
f 595 603 4464
f 4465 496 2018
f 2018 4466 4465
f 4465 4466 597
f 597 595 4465
f 4467 2019 2014
f 2014 2013 4467
f 4467 2013 524
f 524 596 4467
f 3333 603 602
f 602 3328 3333
f 3321 607 1987
f 1987 1986 3321
f 3321 1986 3316
f 3316 3315 3321
f 3321 3320 600
f 600 607 3321
f 3316 1986 1982
f 1982 1981 3316
f 3316 1981 3311
f 3311 3310 3316
f 3311 1981 1976
f 1976 1975 3311
f 3311 1975 3306
f 3306 3305 3311
f 3306 1975 1968
f 1968 1967 3306
f 3306 1967 3301
f 3301 3299 3306
f 3300 1966 1962
f 1962 1961 3300
f 3300 1961 3295
f 3295 3294 3300
f 3295 1961 1957
f 1957 1956 3295
f 3295 1956 3286
f 3286 3285 3295
f 3286 1956 1952
f 1952 1951 3286
f 3286 1951 3281
f 3281 3280 3286
f 3281 1951 1947
f 1947 1946 3281
f 3281 1946 3276
f 3276 3275 3281
f 3276 1946 1942
f 1942 1941 3276
f 3276 1941 3271
f 3271 3270 3276
f 3271 1941 1937
f 1937 1936 3271
f 3271 1936 3266
f 3266 3265 3271
f 3266 1936 1932
f 1932 1931 3266
f 3266 1931 3261
f 3261 3260 3266
f 3261 1931 1927
f 1927 1926 3261
f 3261 1926 3256
f 3256 3255 3261
f 3256 1926 1922
f 1922 1921 3256
f 3256 1921 3251
f 3251 3250 3256
f 3251 1921 1917
f 1917 1916 3251
f 3251 1916 3246
f 3246 3245 3251
f 3246 1916 1912
f 1912 1911 3246
f 3246 1911 3241
f 3241 3240 3246
f 3242 3238 3237
f 3237 956 3242
f 3241 1911 1907
f 1907 1906 3241
f 3241 1906 3236
f 3236 3235 3241
f 3237 3233 3232
f 3232 4468 3237
f 3237 4468 958
f 958 956 3237
f 4468 3232 1074
f 1074 1070 4468
f 4468 1070 963
f 963 958 4468
f 3236 1906 1902
f 1902 1901 3236
f 3236 1901 3231
f 3231 3230 3236
f 3232 3228 3227
f 3227 1074 3232
f 3231 1901 1897
f 1897 1896 3231
f 3231 1896 3226
f 3226 3225 3231
f 3226 1896 1892
f 1892 1891 3226
f 3226 1891 3223
f 3223 3222 3226
f 3223 1891 1887
f 1887 1886 3223
f 3223 1886 1139
f 1139 1138 3223
f 3145 3142 3139
f 3139 3138 3145
f 3086 3084 3076
f 3076 3075 3086
f 3044 3033 3031
f 3031 3030 3044
f 3015 3013 804
f 804 803 3015
f 2982 2967 475
f 475 477 2982
f 2965 409 408
f 408 350 2965
f 2963 2962 472
f 472 471 2963
f 2962 2960 2959
f 2959 2096 2962
f 2962 2096 2094
f 2094 472 2962
f 2959 2957 4469
f 4469 2099 2959
f 2959 2099 2097
f 2097 2096 2959
f 4469 2957 2955
f 2955 4470 4469
f 4469 4470 4471
f 4471 4472 4469
f 4469 4472 2100
f 2100 2099 4469
f 4472 4471 4473
f 4473 4474 4472
f 4472 4474 2101
f 2101 2100 4472
f 4474 4473 4475
f 4475 4476 4474
f 4474 4476 2103
f 2103 2101 4474
f 4476 4475 4477
f 4477 4478 4476
f 4476 4478 2105
f 2105 2103 4476
f 4478 4477 2496
f 2496 2494 4478
f 4478 2494 2492
f 2492 2105 4478
f 4477 4475 4479
f 4479 4480 4477
f 4477 4480 4481
f 4481 2496 4477
f 4481 4480 4483
f 4483 4484 4481
f 4482 4485 4486
f 4486 2499 4482
f 4482 2499 2498
f 2498 2497 4482
f 4486 4485 4488
f 4488 4489 4486
f 7049 4489 4490
f 4490 7044 7049
f 6997 6992 4491
f 4491 4492 6997
f 6997 4492 4493
f 6997 4493 2500
f 6997 2500 7026
f 7026 2500 6975
f 4493 4492 4494
f 4494 190 4493
f 4493 190 188
f 188 2503 4493
f 4493 2503 2501
f 2501 2500 4493
f 4495 4496 4498
f 4498 4499 4495
f 4495 4499 185
f 185 189 4495
f 4494 4492 4491
f 4491 4497 4494
f 4499 4498 160
f 160 159 4499
f 4499 159 161
f 161 185 4499
f 4498 4500 4501
f 4501 160 4498
f 4498 4496 4502
f 4502 4500 4498
f 4502 4504 4506
f 4506 4500 4502
f 4503 4497 4491
f 4491 4507 4503
f 4503 4507 4508
f 4508 4505 4503
f 4508 4509 4510
f 4510 4505 4508
f 4512 4513 4514
f 4514 4509 4512
f 4515 4516 4517
f 4517 4513 4515
f 4518 2902 2900
f 2900 4516 4518
f 6905 2919 2914
f 2914 7073 6905
f 6905 6927 4519
f 4519 2919 6905
f 4519 2925 2921
f 2921 2919 4519
f 4519 4520 4522
f 4522 2925 4519
f 4521 2931 2927
f 2927 2926 4521
f 4522 4520 4490
f 4490 4524 4522
f 4521 4523 4525
f 4525 2931 4521
f 4525 2936 2932
f 2932 2931 4525
f 4525 4523 4487
f 4487 4526 4525
f 4525 4526 4527
f 4527 2936 4525
f 4527 2941 2937
f 2937 2936 4527
f 4527 4526 4483
f 4483 4528 4527
f 4527 4528 4529
f 4529 2941 4527
f 4529 2946 2942
f 2942 2941 4529
f 4529 4528 4479
f 4479 4530 4529
f 4529 4530 4531
f 4531 2946 4529
f 4531 2950 2947
f 2947 2946 4531
f 4531 4530 4473
f 4473 4471 4531
f 4531 4471 4470
f 4470 2950 4531
f 4530 4479 4475
f 4475 4473 4530
f 4528 4483 4480
f 4480 4479 4528
f 4526 4487 4484
f 4484 4483 4526
f 4524 4490 4489
f 4489 4488 4524
f 4517 2898 2894
f 2894 2893 4517
f 4517 2893 4514
f 4514 4513 4517
f 4517 4516 2900
f 2900 2898 4517
f 4514 2893 2886
f 2886 2885 4514
f 4514 2885 4510
f 4510 4509 4514
f 4511 2884 2880
f 2880 2879 4511
f 4511 2879 4506
f 4506 4504 4511
f 4506 2879 2875
f 2875 2874 4506
f 4506 2874 4501
f 4501 4500 4506
f 4501 2874 2870
f 2870 2869 4501
f 4501 2869 156
f 156 160 4501
f 4470 2955 2951
f 2951 2950 4470
f 2954 4532 288
f 288 287 2954
f 2954 287 286
f 286 2949 2954
f 2954 2953 4533
f 4533 4532 2954
f 4533 4534 4535
f 4535 4532 4533
f 4533 2953 355
f 355 354 4533
f 4533 354 357
f 357 4534 4533
f 4535 4536 296
f 296 295 4535
f 4535 295 288
f 288 4532 4535
f 4535 4534 4537
f 4537 4536 4535
f 4537 4538 4539
f 4539 4536 4537
f 4537 4534 357
f 357 4540 4537
f 4537 4540 4541
f 4541 4538 4537
f 4541 4542 4543
f 4543 4538 4541
f 4541 4540 4544
f 4544 4545 4541
f 4541 4545 4546
f 4546 4542 4541
f 4546 4547 4548
f 4548 4542 4546
f 4546 4545 4549
f 4549 4550 4546
f 4546 4550 4551
f 4551 4547 4546
f 4551 4552 4553
f 4553 4547 4551
f 4551 4550 4554
f 4554 4555 4551
f 4551 4555 4556
f 4556 4552 4551
f 4556 4557 4558
f 4558 4552 4556
f 4556 4555 4559
f 4559 4560 4556
f 4556 4560 330
f 330 4557 4556
f 4560 4559 4561
f 4561 4562 4560
f 4560 4562 331
f 331 330 4560
f 4562 4561 4563
f 4563 4564 4562
f 4562 4564 332
f 332 331 4562
f 4564 4563 4565
f 4565 4566 4564
f 4564 4566 4567
f 4567 332 4564
f 4567 4568 333
f 333 332 4567
f 4567 4566 4569
f 4569 4570 4567
f 4567 4570 4571
f 4571 4568 4567
f 4571 4572 4573
f 4573 4568 4571
f 4571 4570 4574
f 4574 4575 4571
f 4571 4575 4576
f 4576 4572 4571
f 4576 4577 4578
f 4578 4572 4576
f 4576 4575 4579
f 4579 4580 4576
f 4576 4580 4581
f 4581 4577 4576
f 4581 4582 4583
f 4583 4577 4581
f 4581 4580 4584
f 4584 4585 4581
f 4581 4585 4586
f 4586 4582 4581
f 4586 339 338
f 338 4582 4586
f 4586 4585 4587
f 4587 4588 4586
f 4586 4588 4589
f 4589 339 4586
f 4589 4588 4590
f 4590 4591 4589
f 4589 4591 4592
f 4592 4593 4589
f 4589 4593 340
f 340 339 4589
f 4593 4592 327
f 327 322 4593
f 4593 322 321
f 321 340 4593
f 4592 4591 4594
f 4594 4595 4592
f 4592 4595 4596
f 4596 327 4592
f 4596 4595 4597
f 4597 4598 4596
f 4596 4598 4599
f 4599 4600 4596
f 4596 4600 325
f 325 327 4596
f 4600 4599 4601
f 4601 4602 4600
f 4600 4602 326
f 326 325 4600
f 4602 4601 4603
f 4603 4604 4602
f 4602 4604 4605
f 4605 326 4602
f 4605 4604 4606
f 4606 4607 4605
f 4605 4607 4608
f 4608 4609 4605
f 4605 4609 323
f 323 326 4605
f 4609 4608 4610
f 4610 4611 4609
f 4609 4611 324
f 324 323 4609
f 4611 4610 4612
f 4612 4613 4611
f 4611 4613 4614
f 4614 324 4611
f 4614 4613 4615
f 4615 4616 4614
f 4614 4616 4617
f 4617 4618 4614
f 4614 4618 318
f 318 324 4614
f 4618 4617 4619
f 4619 4620 4618
f 4618 4620 319
f 319 318 4618
f 4620 4619 4621
f 4621 4622 4620
f 4620 4622 4623
f 4623 319 4620
f 4623 4624 320
f 320 319 4623
f 4623 4622 4625
f 4625 4626 4623
f 4623 4626 4627
f 4627 4624 4623
f 4627 337 336
f 336 4624 4627
f 4627 4626 4628
f 4628 4629 4627
f 4627 4629 4583
f 4583 337 4627
f 4629 4628 4630
f 4630 4578 4629
f 4629 4578 4577
f 4577 4583 4629
f 4630 4628 4631
f 4631 4632 4630
f 4630 4632 334
f 334 4573 4630
f 4630 4573 4572
f 4572 4578 4630
f 4632 4631 4633
f 4633 4634 4632
f 4632 4634 329
f 329 334 4632
f 4634 4633 4558
f 4558 4557 4634
f 4634 4557 330
f 330 329 4634
f 4633 4631 4625
f 4625 4635 4633
f 4633 4635 4636
f 4636 4558 4633
f 4636 4635 4621
f 4621 4637 4636
f 4636 4637 4638
f 4638 4553 4636
f 4636 4553 4552
f 4552 4558 4636
f 4638 4637 4639
f 4639 4640 4638
f 4638 4640 4641
f 4641 4548 4638
f 4638 4548 4547
f 4547 4553 4638
f 4641 4640 4642
f 4642 4643 4641
f 4641 4643 4644
f 4644 4543 4641
f 4641 4543 4542
f 4542 4548 4641
f 4644 4643 4645
f 4645 4646 4644
f 4644 4646 4647
f 4647 4539 4644
f 4644 4539 4538
f 4538 4543 4644
f 4647 4646 4648
f 4648 4649 4647
f 4647 4649 297
f 297 296 4647
f 4647 296 4536
f 4536 4539 4647
f 4649 4648 4650
f 4650 4651 4649
f 4649 4651 298
f 298 297 4649
f 4651 4650 4652
f 4652 4653 4651
f 4651 4653 4654
f 4654 298 4651
f 4654 4653 4655
f 4655 4656 4654
f 4654 4656 4657
f 4657 4658 4654
f 4654 4658 292
f 292 298 4654
f 4658 4657 4659
f 4659 4660 4658
f 4658 4660 293
f 293 292 4658
f 4660 4659 181
f 181 183 4660
f 4660 183 211
f 211 293 4660
f 4659 4657 4661
f 4661 4662 4659
f 4659 4662 182
f 182 181 4659
f 4662 4661 4663
f 4663 4664 4662
f 4662 4664 4665
f 4665 182 4662
f 4665 4664 4666
f 4666 4667 4665
f 4665 4667 4668
f 4668 4669 4665
f 4665 4669 178
f 178 182 4665
f 4669 4668 4670
f 4670 4671 4669
f 4669 4671 179
f 179 178 4669
f 4671 4670 4672
f 4672 4673 4671
f 4671 4673 4674
f 4674 179 4671
f 4674 4673 4675
f 4675 4676 4674
f 4674 4676 4677
f 4677 208 4674
f 4674 208 180
f 180 179 4674
f 4677 4676 4678
f 4678 2924 4677
f 4677 2924 2923
f 2923 2930 4677
f 4677 2930 209
f 209 208 4677
f 4678 4676 4675
f 4675 4679 4678
f 4678 4679 4680
f 4680 2918 4678
f 4678 2918 2917
f 2917 2924 4678
f 4680 4679 4681
f 4681 4682 4680
f 4680 4682 4684
f 4684 2912 4680
f 4680 2912 2911
f 2911 2918 4680
f 4684 4682 4685
f 4685 4686 4684
f 4683 4687 4688
f 4688 2908 4683
f 4688 4687 4689
f 4689 4691 4688
f 6956 4691 4692
f 4692 6990 6956
f 4693 4695 83
f 83 2906 4693
f 4695 4694 4696
f 4696 4697 4695
f 4695 4697 84
f 84 83 4695
f 4697 4696 4698
f 4698 4699 4697
f 4697 4699 85
f 85 84 4697
f 4699 4698 4701
f 4701 4702 4699
f 4699 4702 4704
f 4704 85 4699
f 4705 4703 4706
f 4706 4707 4705
f 4705 4707 4708
f 4708 4709 4705
f 4704 4710 80
f 80 85 4704
f 4709 4708 4711
f 4711 4712 4709
f 4710 4713 81
f 81 80 4710
f 4712 4711 48
f 48 46 4712
f 4713 47 4715
f 4715 81 4713
f 4714 46 45
f 45 4716 4714
f 4714 4716 4717
f 4717 4718 4714
f 4715 4719 77
f 77 81 4715
f 4718 4717 4720
f 4720 2897 4718
f 4719 2896 78
f 78 77 4719
f 4720 4717 4721
f 4721 4722 4720
f 4720 4722 4723
f 4723 2892 4720
f 4720 2892 2891
f 2891 2897 4720
f 4723 4722 4724
f 4724 4725 4723
f 4723 4725 4726
f 4726 2883 4723
f 4723 2883 2882
f 2882 2892 4723
f 4726 4725 4727
f 4727 4728 4726
f 4726 4728 4729
f 4729 2878 4726
f 4726 2878 2877
f 2877 2883 4726
f 4729 4728 4730
f 4730 4731 4729
f 4729 4731 4732
f 4732 2873 4729
f 4729 2873 2872
f 2872 2878 4729
f 4732 4731 4733
f 4733 4734 4732
f 4732 4734 4735
f 4735 2868 4732
f 4732 2868 2867
f 2867 2873 4732
f 4735 4734 4736
f 4736 4737 4735
f 4735 4737 4738
f 4738 2864 4735
f 4735 2864 2863
f 2863 2868 4735
f 4738 4737 4739
f 4739 4740 4738
f 4738 4740 4741
f 4741 2859 4738
f 4738 2859 2858
f 2858 2864 4738
f 4741 4740 4742
f 4742 4743 4741
f 4741 4743 4744
f 4744 2855 4741
f 4741 2855 2854
f 2854 2859 4741
f 4744 4743 4745
f 4745 4746 4744
f 4744 4746 4747
f 4747 2851 4744
f 4744 2851 2850
f 2850 2855 4744
f 4747 4746 4748
f 4748 4749 4747
f 4747 4749 4750
f 4750 4751 4747
f 4747 4751 2852
f 2852 2851 4747
f 4751 4750 4752
f 4752 4753 4751
f 4751 4753 2844
f 2844 2852 4751
f 4753 4752 2835
f 2835 2834 4753
f 4753 2834 2839
f 2839 2844 4753
f 4752 4750 229
f 229 236 4752
f 4752 236 2827
f 2827 2835 4752
f 4750 4749 230
f 230 229 4750
f 4749 4748 4754
f 4754 230 4749
f 4754 4755 4756
f 4756 4757 4754
f 4754 4757 231
f 231 230 4754
f 4754 4748 4758
f 4758 4755 4754
f 4758 4759 4760
f 4760 4755 4758
f 4758 4748 4746
f 4746 4745 4758
f 4758 4745 4761
f 4761 4759 4758
f 4761 4762 4763
f 4763 4759 4761
f 4761 4745 4743
f 4743 4742 4761
f 4761 4742 4764
f 4764 4762 4761
f 4764 4765 4766
f 4766 4762 4764
f 4764 4742 4740
f 4740 4739 4764
f 4764 4739 4767
f 4767 4765 4764
f 4767 4768 4769
f 4769 4765 4767
f 4767 4739 4737
f 4737 4736 4767
f 4767 4736 4770
f 4770 4768 4767
f 4770 4771 4772
f 4772 4768 4770
f 4770 4736 4734
f 4734 4733 4770
f 4770 4733 4773
f 4773 4771 4770
f 4773 4774 4775
f 4775 4771 4773
f 4773 4733 4731
f 4731 4730 4773
f 4773 4730 4776
f 4776 4774 4773
f 4776 4777 4778
f 4778 4774 4776
f 4776 4730 4728
f 4728 4727 4776
f 4776 4727 4779
f 4779 4777 4776
f 4779 4780 4781
f 4781 4777 4779
f 4779 4727 4725
f 4725 4724 4779
f 4779 4724 4782
f 4782 4780 4779
f 4782 4783 4784
f 4784 4780 4782
f 4782 4724 4722
f 4722 4721 4782
f 4782 4721 4785
f 4785 4783 4782
f 4785 50 4786
f 4786 4783 4785
f 4785 4721 4717
f 4717 4716 4785
f 4785 4716 45
f 45 50 4785
f 4786 4787 4788
f 4788 4789 4786
f 4786 4789 4784
f 4784 4783 4786
f 4786 50 49
f 49 4787 4786
f 4789 4788 4790
f 4790 4791 4789
f 4789 4791 4792
f 4792 4784 4789
f 4792 4791 4793
f 4793 4794 4792
f 4792 4794 4795
f 4795 4781 4792
f 4792 4781 4780
f 4780 4784 4792
f 4795 4794 4796
f 4796 4797 4795
f 4795 4797 4798
f 4798 4778 4795
f 4795 4778 4777
f 4777 4781 4795
f 4798 4797 4799
f 4799 4800 4798
f 4798 4800 4801
f 4801 4775 4798
f 4798 4775 4774
f 4774 4778 4798
f 4801 4800 4802
f 4802 4803 4801
f 4801 4803 4804
f 4804 4772 4801
f 4801 4772 4771
f 4771 4775 4801
f 4804 4803 4805
f 4805 4806 4804
f 4804 4806 4807
f 4807 4769 4804
f 4804 4769 4768
f 4768 4772 4804
f 4807 4806 4808
f 4808 4809 4807
f 4807 4809 4810
f 4810 4766 4807
f 4807 4766 4765
f 4765 4769 4807
f 4810 4809 4811
f 4811 4812 4810
f 4810 4812 4813
f 4813 4763 4810
f 4810 4763 4762
f 4762 4766 4810
f 4813 4812 4814
f 4814 4815 4813
f 4813 4815 4816
f 4816 4760 4813
f 4813 4760 4759
f 4759 4763 4813
f 4816 4815 4817
f 4817 4818 4816
f 4816 4818 4819
f 4819 4756 4816
f 4816 4756 4755
f 4755 4760 4816
f 4819 4818 4820
f 4820 4821 4819
f 4819 4821 4822
f 4822 4823 4819
f 4819 4823 4757
f 4757 4756 4819
f 4823 4822 4824
f 4824 4825 4823
f 4823 4825 231
f 231 4757 4823
f 4825 4824 4826
f 4826 4827 4825
f 4825 4827 232
f 232 231 4825
f 4827 4826 4828
f 4828 4829 4827
f 4827 4829 233
f 233 232 4827
f 4829 4828 4830
f 4830 4831 4829
f 4829 4831 4832
f 4832 233 4829
f 4832 4831 4833
f 4833 2816 4832
f 4832 2816 2815
f 2815 2820 4832
f 4832 2820 234
f 234 233 4832
f 4833 4831 4830
f 4830 315 4833
f 4833 315 314
f 314 2812 4833
f 4833 2812 2811
f 2811 2816 4833
f 4830 4828 4834
f 4834 4835 4830
f 4830 4835 307
f 307 315 4830
f 4835 4834 281
f 281 283 4835
f 4835 283 308
f 308 307 4835
f 4834 4836 282
f 282 281 4834
f 4834 4828 4826
f 4826 4836 4834
f 4836 4837 4838
f 4838 282 4836
f 4836 4826 4824
f 4824 4837 4836
f 4838 4839 4840
f 4840 4841 4838
f 4838 4841 278
f 278 282 4838
f 4838 4837 4842
f 4842 4839 4838
f 4842 4843 4844
f 4844 4839 4842
f 4842 4837 4824
f 4824 4822 4842
f 4842 4822 4821
f 4821 4843 4842
f 4844 4845 4846
f 4846 4847 4844
f 4844 4847 4840
f 4840 4839 4844
f 4844 4843 4848
f 4848 4845 4844
f 4848 4849 4850
f 4850 4845 4848
f 4848 4843 4821
f 4821 4820 4848
f 4848 4820 4851
f 4851 4849 4848
f 4851 4852 4853
f 4853 4849 4851
f 4851 4820 4818
f 4818 4817 4851
f 4851 4817 4854
f 4854 4852 4851
f 4854 4855 4856
f 4856 4852 4854
f 4854 4817 4815
f 4815 4814 4854
f 4854 4814 4857
f 4857 4855 4854
f 4857 4858 4859
f 4859 4855 4857
f 4857 4814 4812
f 4812 4811 4857
f 4857 4811 4860
f 4860 4858 4857
f 4860 4861 4862
f 4862 4858 4860
f 4860 4811 4809
f 4809 4808 4860
f 4860 4808 4863
f 4863 4861 4860
f 4863 4864 4865
f 4865 4861 4863
f 4863 4808 4806
f 4806 4805 4863
f 4863 4805 4866
f 4866 4864 4863
f 4866 4867 4868
f 4868 4864 4866
f 4866 4805 4803
f 4803 4802 4866
f 4866 4802 4869
f 4869 4867 4866
f 4869 4870 4871
f 4871 4867 4869
f 4869 4802 4800
f 4800 4799 4869
f 4869 4799 4872
f 4872 4870 4869
f 4872 40 39
f 39 4870 4872
f 4872 4799 4797
f 4797 4796 4872
f 4872 4796 4873
f 4873 40 4872
f 4873 4874 41
f 41 40 4873
f 4873 4796 4794
f 4794 4793 4873
f 4873 4793 4875
f 4875 4874 4873
f 4875 4876 4877
f 4877 4874 4875
f 4875 4793 4791
f 4791 4790 4875
f 4875 4790 4878
f 4878 4876 4875
f 4878 4879 4880
f 4880 4876 4878
f 4878 4790 4788
f 4788 4881 4878
f 4878 4881 4882
f 4882 4879 4878
f 4882 4883 4884
f 4884 4879 4882
f 4882 4881 4885
f 4885 4886 4882
f 4882 4886 4887
f 4887 4883 4882
f 4887 4888 4889
f 4889 4883 4887
f 4887 4886 4890
f 4890 4891 4887
f 4887 4891 4892
f 4892 4888 4887
f 4892 4893 4894
f 4894 4888 4892
f 4892 4891 4708
f 4708 4707 4892
f 4892 4707 4706
f 4706 4893 4892
f 4894 4895 4896
f 4896 4897 4894
f 4894 4897 4889
f 4889 4888 4894
f 4894 4893 4898
f 4898 4895 4894
f 4898 4899 4900
f 4900 4895 4898
f 4898 4893 4706
f 4706 4901 4898
f 4898 4901 4902
f 4902 4899 4898
f 4902 4903 4904
f 4904 4899 4902
f 4902 4901 4700
f 4700 4906 4902
f 4902 4906 4907
f 4907 4903 4902
f 4907 4909 4911
f 4911 4903 4907
f 4908 4905 4912
f 4912 4913 4908
f 7025 7037 4915
f 4915 4910 7025
f 7039 4913 7047
f 7016 4916 7010
f 7016 6985 4917
f 4917 4916 7016
f 4917 4918 4919
f 4919 4916 4917
f 4917 4920 4921
f 4921 4918 4917
f 4921 4922 4924
f 4924 4918 4921
f 4921 4926 4927
f 4927 4922 4921
f 4928 4929 4930
f 4930 4923 4928
f 4927 4926 4931
f 4931 4933 4927
f 4928 4932 4934
f 4934 4929 4928
f 4934 4935 4936
f 4936 4929 4934
f 4934 4932 4937
f 4937 4939 4934
f 4934 4939 4940
f 4940 4935 4934
f 4940 4941 4942
f 4942 4935 4940
f 4940 4939 4943
f 4943 4944 4940
f 4940 4944 146
f 146 4941 4940
f 4944 4943 4945
f 4945 142 4944
f 4944 142 141
f 141 146 4944
f 4945 4943 4947
f 4947 4949 4945
f 4945 4949 4690
f 4690 4950 4945
f 4945 4950 138
f 138 142 4945
f 4950 4690 4686
f 4686 4685 4950
f 4950 4685 139
f 139 138 4950
f 4948 4946 4951
f 4951 4692 4948
f 4948 4692 4691
f 4691 4689 4948
f 4951 4946 4938
f 4938 4952 4951
f 7028 4952 4931
f 4931 7013 7028
f 6987 6994 4696
f 4696 4694 6987
f 6987 4694 7041
f 6954 7047 4913
f 4913 4912 6954
f 6954 4912 4698
f 6954 4698 4696
f 6954 4696 6994
f 6980 6965 4920
f 7013 4931 4926
f 4926 6982 7013
f 4952 4938 4933
f 4933 4931 4952
f 4947 4943 4939
f 4939 4937 4947
f 4942 4953 4954
f 4954 4955 4942
f 4942 4955 4936
f 4936 4935 4942
f 4942 4941 4956
f 4956 4953 4942
f 4956 4957 4958
f 4958 4953 4956
f 4956 4941 146
f 146 145 4956
f 4956 145 4959
f 4959 4957 4956
f 4959 4960 4961
f 4961 4957 4959
f 4959 145 144
f 144 4962 4959
f 4959 4962 4963
f 4963 4960 4959
f 4963 4964 4965
f 4965 4960 4963
f 4963 4962 4966
f 4966 4967 4963
f 4963 4967 4968
f 4968 4964 4963
f 4968 4969 4970
f 4970 4964 4968
f 4968 4967 4667
f 4667 4666 4968
f 4968 4666 4971
f 4971 4969 4968
f 4971 4972 4973
f 4973 4969 4971
f 4971 4666 4664
f 4664 4663 4971
f 4971 4663 4974
f 4974 4972 4971
f 4974 4975 4976
f 4976 4972 4974
f 4974 4663 4661
f 4661 4977 4974
f 4974 4977 4978
f 4978 4975 4974
f 4978 4979 4980
f 4980 4975 4978
f 4978 4977 4656
f 4656 4655 4978
f 4978 4655 4981
f 4981 4979 4978
f 4981 4982 4983
f 4983 4979 4981
f 4981 4655 4653
f 4653 4652 4981
f 4981 4652 4984
f 4984 4982 4981
f 4984 4985 206
f 206 4982 4984
f 4984 4652 4650
f 4650 4986 4984
f 4984 4986 4987
f 4987 4985 4984
f 4987 4988 4989
f 4989 4985 4987
f 4987 4986 4990
f 4990 4991 4987
f 4987 4991 4992
f 4992 4988 4987
f 4992 4615 4993
f 4993 4988 4992
f 4992 4991 4994
f 4994 4995 4992
f 4992 4995 4616
f 4616 4615 4992
f 4995 4994 4642
f 4642 4996 4995
f 4995 4996 4617
f 4617 4616 4995
f 4996 4642 4640
f 4640 4639 4996
f 4996 4639 4619
f 4619 4617 4996
f 4994 4991 4990
f 4990 4645 4994
f 4994 4645 4643
f 4643 4642 4994
f 4993 4612 4997
f 4997 4998 4993
f 4993 4998 4989
f 4989 4988 4993
f 4993 4615 4613
f 4613 4612 4993
f 4998 4997 4999
f 4999 204 4998
f 4998 204 203
f 203 4989 4998
f 4999 5000 225
f 225 224 4999
f 4999 224 205
f 205 204 4999
f 4999 4997 5001
f 5001 5000 4999
f 5001 5002 5003
f 5003 5000 5001
f 5001 4997 4612
f 4612 4610 5001
f 5001 4610 4608
f 4608 5002 5001
f 5003 5002 5004
f 5004 5005 5003
f 5003 5005 5006
f 5006 228 5003
f 5003 228 225
f 225 5000 5003
f 5006 5005 5007
f 5007 5008 5006
f 5006 5008 5009
f 5009 5010 5006
f 5006 5010 226
f 226 228 5006
f 5010 5009 5011
f 5011 5012 5010
f 5010 5012 227
f 227 226 5010
f 5012 5011 5013
f 5013 5014 5012
f 5012 5014 5015
f 5015 227 5012
f 5015 5014 5016
f 5016 5017 5015
f 5015 5017 201
f 201 207 5015
f 5015 207 223
f 223 227 5015
f 5017 5016 5018
f 5018 5019 5017
f 5017 5019 202
f 202 201 5017
f 5019 5018 5020
f 5020 5021 5019
f 5019 5021 5022
f 5022 202 5019
f 5022 5021 5023
f 5023 5024 5022
f 5022 5024 5025
f 5025 5026 5022
f 5022 5026 198
f 198 202 5022
f 5026 5025 5027
f 5027 5028 5026
f 5026 5028 199
f 199 198 5026
f 5028 5027 5029
f 5029 5030 5028
f 5028 5030 5031
f 5031 199 5028
f 5031 5030 5032
f 5032 4980 5031
f 5031 4980 4979
f 4979 4983 5031
f 5031 4983 200
f 200 199 5031
f 5032 5030 5029
f 5029 5033 5032
f 5032 5033 5034
f 5034 4976 5032
f 5032 4976 4975
f 4975 4980 5032
f 5034 5033 5035
f 5035 5036 5034
f 5034 5036 5037
f 5037 4973 5034
f 5034 4973 4972
f 4972 4976 5034
f 5037 5036 126
f 126 125 5037
f 5037 125 124
f 124 4970 5037
f 5037 4970 4969
f 4969 4973 5037
f 5036 5035 5038
f 5038 126 5036
f 5038 5039 5040
f 5040 5041 5038
f 5038 5041 127
f 127 126 5038
f 5038 5035 5042
f 5042 5039 5038
f 5042 5043 5044
f 5044 5039 5042
f 5042 5035 5033
f 5033 5029 5042
f 5042 5029 5027
f 5027 5043 5042
f 5044 5045 5046
f 5046 5047 5044
f 5044 5047 5040
f 5040 5039 5044
f 5044 5043 5048
f 5048 5045 5044
f 5048 5049 5050
f 5050 5045 5048
f 5048 5043 5027
f 5027 5025 5048
f 5048 5025 5024
f 5024 5049 5048
f 5050 5051 5052
f 5052 5053 5050
f 5050 5053 5046
f 5046 5045 5050
f 5050 5049 5054
f 5054 5051 5050
f 5054 5055 114
f 114 5051 5054
f 5054 5049 5024
f 5024 5023 5054
f 5054 5023 5056
f 5056 5055 5054
f 5056 5057 5058
f 5058 5055 5056
f 5056 5023 5021
f 5021 5020 5056
f 5056 5020 5059
f 5059 5057 5056
f 5059 5060 5061
f 5061 5057 5059
f 5059 5020 5018
f 5018 5062 5059
f 5059 5062 5063
f 5063 5060 5059
f 5063 5064 5065
f 5065 5060 5063
f 5063 5062 5066
f 5066 5067 5063
f 5063 5067 5068
f 5068 5064 5063
f 5068 5069 5070
f 5070 5064 5068
f 5068 5067 5071
f 5071 5072 5068
f 5068 5072 5073
f 5073 5069 5068
f 5073 213 217
f 217 5069 5073
f 5073 5072 5074
f 5074 5075 5073
f 5073 5075 214
f 214 213 5073
f 5075 5074 5076
f 5076 5077 5075
f 5075 5077 257
f 257 214 5075
f 5077 5078 249
f 249 257 5077
f 5077 5076 5079
f 5079 5078 5077
f 5079 5080 5081
f 5081 5078 5079
f 5079 5076 5082
f 5082 5083 5079
f 5079 5083 5084
f 5084 5080 5079
f 5084 5085 5086
f 5086 5080 5084
f 5084 5083 5008
f 5008 5007 5084
f 5084 5007 5087
f 5087 5085 5084
f 5087 4606 5088
f 5088 5085 5087
f 5087 5007 5005
f 5005 5004 5087
f 5087 5004 4607
f 4607 4606 5087
f 5088 4603 5089
f 5089 5090 5088
f 5088 5090 5086
f 5086 5085 5088
f 5088 4606 4604
f 4604 4603 5088
f 5090 5089 5091
f 5091 5092 5090
f 5090 5092 5093
f 5093 5086 5090
f 5093 5092 5094
f 5094 5095 5093
f 5093 5095 250
f 250 5081 5093
f 5093 5081 5080
f 5080 5086 5093
f 5095 5094 5096
f 5096 5097 5095
f 5095 5097 251
f 251 250 5095
f 5097 5096 5098
f 5098 5099 5097
f 5097 5099 252
f 252 251 5097
f 5099 5098 359
f 359 364 5099
f 5099 364 5100
f 5100 252 5099
f 5100 364 363
f 363 366 5100
f 5100 366 368
f 368 5101 5100
f 5100 5101 253
f 253 252 5100
f 5101 368 5102
f 5102 5103 5101
f 5101 5103 254
f 254 253 5101
f 5103 5102 5104
f 5104 5105 5103
f 5103 5105 5106
f 5106 254 5103
f 5106 5105 5107
f 5107 5108 5106
f 5106 5108 262
f 262 261 5106
f 5106 261 255
f 255 254 5106
f 5108 5107 5109
f 5109 5110 5108
f 5108 5110 265
f 265 262 5108
f 5110 5109 5111
f 5111 276 5110
f 5110 276 271
f 271 265 5110
f 5111 5109 5112
f 5112 5113 5111
f 5111 5113 5114
f 5114 5115 5111
f 5111 5115 274
f 274 276 5111
f 5115 5114 5116
f 5116 5117 5115
f 5115 5117 275
f 275 274 5115
f 5117 5116 5118
f 5118 5119 5117
f 5117 5119 5120
f 5120 275 5117
f 5120 5119 5121
f 5121 5122 5120
f 5120 5122 5123
f 5123 5124 5120
f 5120 5124 272
f 272 275 5120
f 5124 5123 5125
f 5125 5126 5124
f 5124 5126 273
f 273 272 5124
f 5126 5125 5127
f 5127 5128 5126
f 5126 5128 5129
f 5129 273 5126
f 5129 5128 5130
f 5130 5131 5129
f 5129 5131 5132
f 5132 5133 5129
f 5129 5133 267
f 267 273 5129
f 5133 5132 5134
f 5134 5135 5133
f 5133 5135 268
f 268 267 5133
f 5135 5134 5136
f 5136 5137 5135
f 5135 5137 5138
f 5138 268 5135
f 5138 5139 269
f 269 268 5138
f 5138 5137 5140
f 5140 5141 5138
f 5138 5141 5142
f 5142 5139 5138
f 5142 221 5143
f 5143 5139 5142
f 5142 5141 5144
f 5144 218 5142
f 5142 218 212
f 212 221 5142
f 5144 5141 5140
f 5140 5145 5144
f 5144 5145 5146
f 5146 5147 5144
f 5144 5147 219
f 219 218 5144
f 5147 5146 5148
f 5148 5149 5147
f 5147 5149 176
f 176 219 5147
f 5149 5148 5150
f 5150 5151 5149
f 5149 5151 174
f 174 176 5149
f 5151 5150 5152
f 5152 5153 5151
f 5151 5153 175
f 175 174 5151
f 5153 5152 5154
f 5154 5155 5153
f 5153 5155 5156
f 5156 175 5153
f 5156 5155 5157
f 5157 5158 5156
f 5156 5158 5065
f 5065 5159 5156
f 5156 5159 171
f 171 175 5156
f 5159 5065 5064
f 5064 5070 5159
f 5159 5070 172
f 172 171 5159
f 5158 5157 5160
f 5160 5061 5158
f 5158 5061 5060
f 5060 5065 5158
f 5160 5157 5161
f 5161 116 5160
f 5160 116 115
f 115 5058 5160
f 5160 5058 5057
f 5057 5061 5160
f 5161 5154 5162
f 5162 5163 5161
f 5161 5163 117
f 117 116 5161
f 5161 5157 5155
f 5155 5154 5161
f 5163 5162 132
f 132 131 5163
f 5163 131 135
f 135 117 5163
f 5162 5164 5165
f 5165 132 5162
f 5162 5154 5152
f 5152 5164 5162
f 5165 5164 5166
f 5166 5167 5165
f 5165 5167 5168
f 5168 5169 5165
f 5165 5169 133
f 133 132 5165
f 5169 5168 5170
f 5170 5171 5169
f 5169 5171 136
f 136 133 5169
f 5171 5170 5172
f 5172 5173 5171
f 5171 5173 5174
f 5174 136 5171
f 5174 5173 5175
f 5175 5176 5174
f 5174 5176 5177
f 5177 5178 5174
f 5174 5178 134
f 134 136 5174
f 5178 120 135
f 135 134 5178
f 5178 5177 121
f 121 120 5178
f 5177 5176 103
f 103 5179 5177
f 5177 5179 5180
f 5180 121 5177
f 5180 5181 118
f 118 121 5180
f 5180 5179 5182
f 5182 5183 5180
f 5180 5183 5184
f 5184 5181 5180
f 5184 5185 5186
f 5186 5181 5184
f 5184 5183 5187
f 5187 5188 5184
f 5184 5188 5189
f 5189 5185 5184
f 5189 74 73
f 73 5185 5189
f 5189 5188 65
f 65 5190 5189
f 5189 5190 75
f 75 74 5189
f 5190 65 64
f 64 5191 5190
f 5190 5191 5192
f 5192 75 5190
f 5192 5191 55
f 55 54 5192
f 5192 54 5193
f 5193 5194 5192
f 5192 5194 70
f 70 75 5192
f 5194 5193 5195
f 5195 5196 5194
f 5194 5196 71
f 71 70 5194
f 5196 5195 5197
f 5197 5198 5196
f 5196 5198 5199
f 5199 71 5196
f 5199 5200 72
f 72 71 5199
f 5199 5198 5201
f 5201 5202 5199
f 5199 5202 5203
f 5203 5200 5199
f 5203 5204 5205
f 5205 5200 5203
f 5203 5202 5046
f 5046 5053 5203
f 5203 5053 5052
f 5052 5204 5203
f 5205 5186 5185
f 5185 73 5205
f 5205 73 72
f 72 5200 5205
f 5205 5204 119
f 119 5186 5205
f 5204 5052 113
f 113 119 5204
f 5202 5201 5047
f 5047 5046 5202
f 5201 5198 5197
f 5197 5206 5201
f 5201 5206 5040
f 5040 5047 5201
f 5206 5197 5207
f 5207 5208 5206
f 5206 5208 5041
f 5041 5040 5206
f 5208 5207 5209
f 5209 128 5208
f 5208 128 127
f 127 5041 5208
f 5209 5207 5210
f 5210 5211 5209
f 5209 5211 5212
f 5212 5213 5209
f 5209 5213 129
f 129 128 5209
f 5213 5212 5214
f 5214 5215 5213
f 5213 5215 91
f 91 129 5213
f 5215 5214 5216
f 5216 5217 5215
f 5215 5217 92
f 92 91 5215
f 5217 5216 5218
f 5218 5219 5217
f 5217 5219 93
f 93 92 5217
f 5219 5218 5220
f 5220 5221 5219
f 5219 5221 5222
f 5222 93 5219
f 5222 5221 5223
f 5223 5224 5222
f 5222 5224 5225
f 5225 5226 5222
f 5222 5226 88
f 88 93 5222
f 5226 5225 5227
f 5227 5228 5226
f 5226 5228 89
f 89 88 5226
f 5228 5227 4961
f 4961 5229 5228
f 5228 5229 123
f 123 89 5228
f 5229 4961 4960
f 4960 4965 5229
f 5229 4965 124
f 124 123 5229
f 5227 5225 5230
f 5230 4958 5227
f 5227 4958 4957
f 4957 4961 5227
f 5230 5225 5224
f 5224 5231 5230
f 5230 5231 5232
f 5232 4954 5230
f 5230 4954 4953
f 4953 4958 5230
f 5232 5231 5233
f 5233 5234 5232
f 5232 5234 5235
f 5235 5236 5232
f 5232 5236 4955
f 4955 4954 5232
f 5236 5235 5237
f 5237 5238 5236
f 5236 5238 4936
f 4936 4955 5236
f 5238 5237 5239
f 5239 4930 5238
f 5238 4930 4929
f 4929 4936 5238
f 5239 5237 5240
f 5240 5241 5239
f 5239 5241 5242
f 5242 4925 5239
f 5239 4925 4923
f 4923 4930 5239
f 5242 5241 5244
f 5244 5246 5242
f 5243 5245 5247
f 5247 4919 5243
f 5243 4919 4918
f 4918 4924 5243
f 5247 5245 5248
f 5248 5250 5247
f 6911 5250 5252
f 6911 5252 5254
f 6911 5254 6946
f 6946 5254 6948
f 6949 5253 5255
f 6949 5255 5256
f 6949 5256 6955
f 6955 5256 5257
f 6955 5257 4914
f 6955 4914 6904
f 6903 4915 7037
f 5257 5256 5258
f 5258 5259 5257
f 5257 5259 5260
f 5260 4911 5257
f 5257 4911 4909
f 4909 4914 5257
f 5260 5259 5261
f 5261 5262 5260
f 5260 5262 5263
f 5263 4904 5260
f 5260 4904 4903
f 4903 4911 5260
f 5263 5262 5264
f 5264 5265 5263
f 5263 5265 5266
f 5266 4900 5263
f 5263 4900 4899
f 4899 4904 5263
f 5266 5265 5267
f 5267 5268 5266
f 5266 5268 5269
f 5269 4896 5266
f 5266 4896 4895
f 4895 4900 5266
f 5269 5268 5270
f 5270 5271 5269
f 5269 5271 5272
f 5272 5273 5269
f 5269 5273 4897
f 4897 4896 5269
f 5273 5272 5274
f 5274 5275 5273
f 5273 5275 4889
f 4889 4897 5273
f 5275 5274 5276
f 5276 4884 5275
f 5275 4884 4883
f 4883 4889 5275
f 5276 5274 5277
f 5277 5278 5276
f 5276 5278 5279
f 5279 4880 5276
f 5276 4880 4879
f 4879 4884 5276
f 5279 5278 5280
f 5280 5281 5279
f 5279 5281 42
f 42 4877 5279
f 5279 4877 4876
f 4876 4880 5279
f 5281 5280 5282
f 5282 5283 5281
f 5281 5283 34
f 34 42 5281
f 5283 5282 20
f 20 5284 5283
f 5283 5284 35
f 35 34 5283
f 5284 20 19
f 19 31 5284
f 5284 31 30
f 30 35 5284
f 5282 5285 21
f 21 20 5282
f 5282 5280 5286
f 5286 5285 5282
f 5286 5287 5288
f 5288 5285 5286
f 5286 5280 5278
f 5278 5277 5286
f 5286 5277 5289
f 5289 5287 5286
f 5289 5290 5291
f 5291 5287 5289
f 5289 5277 5274
f 5274 5272 5289
f 5289 5272 5271
f 5271 5290 5289
f 5291 5292 5293
f 5293 5294 5291
f 5291 5294 5288
f 5288 5287 5291
f 5291 5290 5295
f 5295 5292 5291
f 5295 5296 5297
f 5297 5292 5295
f 5295 5290 5271
f 5271 5270 5295
f 5295 5270 5298
f 5298 5296 5295
f 5298 5299 5300
f 5300 5296 5298
f 5298 5270 5268
f 5268 5267 5298
f 5298 5267 5301
f 5301 5299 5298
f 5301 5302 5303
f 5303 5299 5301
f 5301 5267 5265
f 5265 5264 5301
f 5301 5264 5304
f 5304 5302 5301
f 5304 12 14
f 14 5302 5304
f 5304 5264 5262
f 5262 5261 5304
f 5304 5261 13
f 13 12 5304
f 5303 5305 6
f 6 5306 5303
f 5303 5306 5300
f 5300 5299 5303
f 5303 5302 14
f 14 5305 5303
f 5306 6 5
f 5 5307 5306
f 5306 5307 5308
f 5308 5300 5306
f 5308 5307 5309
f 5309 5310 5308
f 5308 5310 5311
f 5311 5297 5308
f 5308 5297 5296
f 5296 5300 5308
f 5311 5293 5292
f 5292 5297 5311
f 5311 5310 5312
f 5312 5313 5311
f 5311 5313 5314
f 5314 5293 5311
f 5314 5315 5294
f 5294 5293 5314
f 5314 5313 5316
f 5316 5317 5314
f 5314 5317 5318
f 5318 5315 5314
f 5318 16 22
f 22 5315 5318
f 5318 5317 5319
f 5319 5320 5318
f 5318 5320 17
f 17 16 5318
f 5320 5319 5321
f 5321 5322 5320
f 5320 5322 5323
f 5323 17 5320
f 5323 5324 18
f 18 17 5323
f 5323 5322 5325
f 5325 5326 5323
f 5323 5326 5327
f 5327 5324 5323
f 5327 5328 5329
f 5329 5324 5327
f 5327 5326 5216
f 5216 5214 5327
f 5327 5214 5212
f 5212 5328 5327
f 5329 57 56
f 56 23 5329
f 5329 23 18
f 18 5324 5329
f 5329 5328 5330
f 5330 57 5329
f 5330 5331 53
f 53 57 5330
f 5330 5328 5212
f 5212 5211 5330
f 5330 5211 5210
f 5210 5331 5330
f 5331 5193 54
f 54 53 5331
f 5331 5210 5195
f 5195 5193 5331
f 5326 5325 5218
f 5218 5216 5326
f 5325 5322 5321
f 5321 5332 5325
f 5325 5332 5220
f 5220 5218 5325
f 5332 5321 5333
f 5333 5334 5332
f 5332 5334 5335
f 5335 5220 5332
f 5335 5334 5336
f 5336 5337 5335
f 5335 5337 5233
f 5233 5223 5335
f 5335 5223 5221
f 5221 5220 5335
f 5337 5336 5338
f 5338 5339 5337
f 5337 5339 5234
f 5234 5233 5337
f 5339 5338 5340
f 5340 5341 5339
f 5339 5341 5235
f 5235 5234 5339
f 5341 5340 5342
f 5342 5240 5341
f 5341 5240 5237
f 5237 5235 5341
f 5342 5340 5343
f 5343 5344 5342
f 5342 5344 5345
f 5345 5244 5342
f 5342 5244 5241
f 5241 5240 5342
f 5345 5344 5346
f 5346 5347 5345
f 5345 5347 5349
f 5349 5249 5345
f 5345 5249 5246
f 5246 5244 5345
f 5349 5347 5350
f 5350 5351 5349
f 5349 5351 5352
f 5352 5251 5349
f 5348 5252 5250
f 5250 5248 5348
f 5352 5351 5353
f 5353 5354 5352
f 5352 5354 5355
f 5355 5255 5352
f 5352 5255 5253
f 5253 5251 5352
f 5355 5354 10
f 10 9 5355
f 5355 9 13
f 13 5258 5355
f 5355 5258 5256
f 5256 5255 5355
f 5354 5353 5356
f 5356 10 5354
f 5356 3 2
f 2 5357 5356
f 5356 5357 11
f 11 10 5356
f 5356 5353 5358
f 5358 3 5356
f 5358 5359 4
f 4 3 5358
f 5358 5353 5351
f 5351 5350 5358
f 5358 5350 5360
f 5360 5359 5358
f 5360 5361 5362
f 5362 5359 5360
f 5360 5350 5347
f 5347 5346 5360
f 5360 5346 5363
f 5363 5361 5360
f 5363 5364 5365
f 5365 5361 5363
f 5363 5346 5344
f 5344 5343 5363
f 5363 5343 5366
f 5366 5364 5363
f 5366 5367 5368
f 5368 5364 5366
f 5366 5343 5340
f 5340 5338 5366
f 5366 5338 5336
f 5336 5367 5366
f 5368 5369 5316
f 5316 5370 5368
f 5368 5370 5365
f 5365 5364 5368
f 5368 5367 5333
f 5333 5369 5368
f 5370 5316 5313
f 5313 5312 5370
f 5370 5312 5371
f 5371 5365 5370
f 5371 5312 5310
f 5310 5309 5371
f 5371 5309 7
f 7 5362 5371
f 5371 5362 5361
f 5361 5365 5371
f 5369 5319 5317
f 5317 5316 5369
f 5369 5333 5321
f 5321 5319 5369
f 5367 5336 5334
f 5334 5333 5367
f 5362 7 4
f 4 5359 5362
f 5357 2 6
f 6 5305 5357
f 5357 5305 14
f 14 11 5357
f 5315 22 5288
f 5288 5294 5315
f 5309 5307 5
f 5 7 5309
f 5288 22 21
f 21 5285 5288
f 5261 5259 5258
f 5258 13 5261
f 5233 5231 5224
f 5224 5223 5233
f 5210 5207 5197
f 5197 5195 5210
f 5191 64 58
f 58 55 5191
f 5188 5187 66
f 66 65 5188
f 5187 5183 5182
f 5182 5372 5187
f 5187 5372 68
f 68 66 5187
f 5372 5182 102
f 102 106 5372
f 5372 106 5373
f 5373 68 5372
f 5373 106 105
f 105 5374 5373
f 5373 5374 5375
f 5375 5376 5373
f 5373 5376 67
f 67 68 5373
f 5376 5375 62
f 62 59 5376
f 5376 59 58
f 58 67 5376
f 5375 5374 5377
f 5377 5378 5375
f 5375 5378 5379
f 5379 62 5375
f 5379 5378 5380
f 5380 5381 5379
f 5379 5381 5382
f 5382 5383 5379
f 5379 5383 60
f 60 62 5379
f 5383 5382 28
f 28 5384 5383
f 5383 5384 61
f 61 60 5383
f 5384 28 27
f 27 25 5384
f 5384 25 24
f 24 61 5384
f 5382 5381 5385
f 5385 5386 5382
f 5382 5386 29
f 29 28 5382
f 5386 5385 5387
f 5387 5388 5386
f 5386 5388 32
f 32 29 5386
f 5388 5387 5389
f 5389 37 5388
f 5388 37 36
f 36 32 5388
f 5389 5387 5390
f 5390 5391 5389
f 5389 5391 5392
f 5392 5393 5389
f 5389 5393 38
f 38 37 5389
f 5393 5392 5394
f 5394 5395 5393
f 5393 5395 43
f 43 38 5393
f 5395 5394 5396
f 5396 5397 5395
f 5395 5397 4871
f 4871 43 5395
f 5397 5396 5398
f 5398 4868 5397
f 5397 4868 4867
f 4867 4871 5397
f 5398 5396 5399
f 5399 5400 5398
f 5398 5400 5401
f 5401 4865 5398
f 5398 4865 4864
f 4864 4868 5398
f 5401 5400 5402
f 5402 5403 5401
f 5401 5403 5404
f 5404 4862 5401
f 5401 4862 4861
f 4861 4865 5401
f 5404 5403 5405
f 5405 5406 5404
f 5404 5406 5407
f 5407 4859 5404
f 5404 4859 4858
f 4858 4862 5404
f 5407 5406 5408
f 5408 5409 5407
f 5407 5409 5410
f 5410 4856 5407
f 5407 4856 4855
f 4855 4859 5407
f 5410 5409 5411
f 5411 5412 5410
f 5410 5412 5413
f 5413 4853 5410
f 5410 4853 4852
f 4852 4856 5410
f 5413 5412 5414
f 5414 5415 5413
f 5413 5415 5416
f 5416 4850 5413
f 5413 4850 4849
f 4849 4853 5413
f 5416 5415 5417
f 5417 5418 5416
f 5416 5418 5419
f 5419 4846 5416
f 5416 4846 4845
f 4845 4850 5416
f 5419 5418 5420
f 5420 5421 5419
f 5419 5421 5422
f 5422 5423 5419
f 5419 5423 4847
f 4847 4846 5419
f 5423 5422 5424
f 5424 5425 5423
f 5423 5425 4840
f 4840 4847 5423
f 5425 5424 5426
f 5426 5427 5425
f 5425 5427 4841
f 4841 4840 5425
f 5427 5426 5428
f 5428 279 5427
f 5427 279 278
f 278 4841 5427
f 5428 5426 242
f 242 5429 5428
f 5428 5429 5430
f 5430 5431 5428
f 5428 5431 280
f 280 279 5428
f 5431 5430 309
f 309 308 5431
f 5431 308 283
f 283 280 5431
f 5430 5429 5432
f 5432 5433 5430
f 5430 5433 310
f 310 309 5430
f 5433 5432 5434
f 5434 5435 5433
f 5433 5435 5436
f 5436 310 5433
f 5436 5435 5437
f 5437 5438 5436
f 5436 5438 5439
f 5439 5440 5436
f 5436 5440 311
f 311 310 5436
f 5440 5439 5441
f 5441 5442 5440
f 5440 5442 316
f 316 311 5440
f 5442 5441 5443
f 5443 5444 5442
f 5442 5444 5445
f 5445 316 5442
f 5445 5444 5446
f 5446 2801 5445
f 5445 2801 2800
f 2800 2805 5445
f 5445 2805 312
f 312 316 5445
f 5446 5444 5443
f 5443 5447 5446
f 5446 5447 5448
f 5448 2797 5446
f 5446 2797 2796
f 2796 2801 5446
f 5448 5447 5449
f 5449 5450 5448
f 5448 5450 5451
f 5451 2793 5448
f 5448 2793 2792
f 2792 2797 5448
f 5451 5450 5452
f 5452 5453 5451
f 5451 5453 5454
f 5454 2789 5451
f 5451 2789 2788
f 2788 2793 5451
f 5454 5453 5455
f 5455 5456 5454
f 5454 5456 5457
f 5457 2785 5454
f 5454 2785 2784
f 2784 2789 5454
f 5457 5456 5458
f 5458 5459 5457
f 5457 5459 5460
f 5460 5461 5457
f 5457 5461 2786
f 2786 2785 5457
f 5461 5460 5462
f 5462 5463 5461
f 5461 5463 2779
f 2779 2786 5461
f 5463 5462 5464
f 5464 5465 5463
f 5463 5465 2780
f 2780 2779 5463
f 5465 5464 5466
f 5466 5467 5465
f 5465 5467 2773
f 2773 2780 5465
f 5467 5466 5468
f 5468 2769 5467
f 5467 2769 2768
f 2768 2773 5467
f 5468 5466 5469
f 5469 5470 5468
f 5468 5470 5471
f 5471 2765 5468
f 5468 2765 2764
f 2764 2769 5468
f 5471 5470 5472
f 5472 5473 5471
f 5471 5473 5474
f 5474 2761 5471
f 5471 2761 2760
f 2760 2765 5471
f 5474 5473 687
f 687 686 5474
f 5474 686 692
f 692 2757 5474
f 5474 2757 2756
f 2756 2761 5474
f 5473 5472 5475
f 5475 687 5473
f 5475 5476 5477
f 5477 5478 5475
f 5475 5478 688
f 688 687 5475
f 5475 5472 5479
f 5479 5476 5475
f 5479 5480 5481
f 5481 5476 5479
f 5479 5472 5470
f 5470 5469 5479
f 5479 5469 5482
f 5482 5480 5479
f 5482 5483 5484
f 5484 5480 5482
f 5482 5469 5466
f 5466 5464 5482
f 5482 5464 5462
f 5462 5483 5482
f 5484 5485 5486
f 5486 5487 5484
f 5484 5487 5481
f 5481 5480 5484
f 5484 5483 5488
f 5488 5485 5484
f 5488 5489 5490
f 5490 5485 5488
f 5488 5483 5462
f 5462 5460 5488
f 5488 5460 5459
f 5459 5489 5488
f 5490 5491 5492
f 5492 5493 5490
f 5490 5493 5486
f 5486 5485 5490
f 5490 5489 5494
f 5494 5491 5490
f 5494 5495 5496
f 5496 5491 5494
f 5494 5489 5459
f 5459 5458 5494
f 5494 5458 5497
f 5497 5495 5494
f 5497 5498 5499
f 5499 5495 5497
f 5497 5458 5456
f 5456 5455 5497
f 5497 5455 5500
f 5500 5498 5497
f 5500 5501 5502
f 5502 5498 5500
f 5500 5455 5453
f 5453 5452 5500
f 5500 5452 5503
f 5503 5501 5500
f 5503 5504 5505
f 5505 5501 5503
f 5503 5452 5450
f 5450 5449 5503
f 5503 5449 5506
f 5506 5504 5503
f 5506 5507 5508
f 5508 5504 5506
f 5506 5449 5447
f 5447 5443 5506
f 5506 5443 5441
f 5441 5507 5506
f 5508 5509 5510
f 5510 5511 5508
f 5508 5511 5505
f 5505 5504 5508
f 5508 5507 5512
f 5512 5509 5508
f 5512 5513 5514
f 5514 5509 5512
f 5512 5507 5441
f 5441 5439 5512
f 5512 5439 5438
f 5438 5513 5512
f 5514 5515 5516
f 5516 5517 5514
f 5514 5517 5510
f 5510 5509 5514
f 5514 5513 5518
f 5518 5515 5514
f 5518 5519 5520
f 5520 5515 5518
f 5518 5513 5438
f 5438 5437 5518
f 5518 5437 5521
f 5521 5519 5518
f 5521 5522 5523
f 5523 5519 5521
f 5521 5437 5435
f 5435 5434 5521
f 5521 5434 247
f 247 5522 5521
f 5523 5524 5525
f 5525 5526 5523
f 5523 5526 5520
f 5520 5519 5523
f 5523 5522 5527
f 5527 5524 5523
f 5527 5528 5529
f 5529 5524 5527
f 5527 5522 247
f 247 246 5527
f 5527 246 245
f 245 5528 5527
f 5529 5530 5531
f 5531 5532 5529
f 5529 5532 5525
f 5525 5524 5529
f 5529 5528 5533
f 5533 5530 5529
f 5533 5534 5535
f 5535 5530 5533
f 5533 5528 245
f 245 5536 5533
f 5533 5536 5537
f 5537 5534 5533
f 5537 5538 5539
f 5539 5534 5537
f 5537 5536 5540
f 5540 5541 5537
f 5537 5541 5130
f 5130 5538 5537
f 5541 5540 5542
f 5542 5543 5541
f 5541 5543 5131
f 5131 5130 5541
f 5543 5542 5544
f 5544 5545 5543
f 5543 5545 5132
f 5132 5131 5543
f 5545 5544 5546
f 5546 5547 5545
f 5545 5547 5134
f 5134 5132 5545
f 5547 5546 5548
f 5548 5549 5547
f 5547 5549 5136
f 5136 5134 5547
f 5549 5548 5550
f 5550 5551 5549
f 5549 5551 5552
f 5552 5136 5549
f 5552 5140 5137
f 5137 5136 5552
f 5552 5551 5553
f 5553 5554 5552
f 5552 5554 5145
f 5145 5140 5552
f 5554 5553 5555
f 5555 5556 5554
f 5554 5556 5146
f 5146 5145 5554
f 5556 5555 5557
f 5557 5558 5556
f 5556 5558 5148
f 5148 5146 5556
f 5558 5557 5167
f 5167 5166 5558
f 5558 5166 5150
f 5150 5148 5558
f 5557 5555 5559
f 5559 5560 5557
f 5557 5560 5168
f 5168 5167 5557
f 5560 5559 5561
f 5561 5562 5560
f 5560 5562 5170
f 5170 5168 5560
f 5562 5561 5563
f 5563 5564 5562
f 5562 5564 5172
f 5172 5170 5562
f 5564 5563 5565
f 5565 5566 5564
f 5564 5566 5567
f 5567 5172 5564
f 5567 5566 5568
f 5568 109 5567
f 5567 109 104
f 104 5175 5567
f 5567 5175 5173
f 5173 5172 5567
f 5568 5566 5565
f 5565 5569 5568
f 5568 5569 5570
f 5570 5571 5568
f 5568 5571 110
f 110 109 5568
f 5571 5570 5572
f 5572 5573 5571
f 5571 5573 111
f 111 110 5571
f 5573 5572 5574
f 5574 5575 5573
f 5573 5575 5576
f 5576 111 5573
f 5576 5575 5577
f 5577 5578 5576
f 5576 5578 5579
f 5579 5580 5576
f 5576 5580 107
f 107 111 5576
f 5580 5579 5581
f 5581 5582 5580
f 5580 5582 108
f 108 107 5580
f 5582 5581 5583
f 5583 5584 5582
f 5582 5584 5377
f 5377 108 5582
f 5584 5583 5585
f 5585 5380 5584
f 5584 5380 5378
f 5378 5377 5584
f 5585 5583 5586
f 5586 5390 5585
f 5585 5390 5387
f 5387 5385 5585
f 5585 5385 5381
f 5381 5380 5585
f 5586 5583 5581
f 5581 5587 5586
f 5586 5587 96
f 96 5588 5586
f 5586 5588 5391
f 5391 5390 5586
f 5588 96 95
f 95 5589 5588
f 5588 5589 5392
f 5392 5391 5588
f 5589 95 99
f 99 5590 5589
f 5589 5590 5394
f 5394 5392 5589
f 5590 99 5591
f 5591 5399 5590
f 5590 5399 5396
f 5396 5394 5590
f 5591 99 98
f 98 5592 5591
f 5591 5592 5593
f 5593 5402 5591
f 5591 5402 5400
f 5400 5399 5591
f 5593 5592 5594
f 5594 5595 5593
f 5593 5595 5596
f 5596 5405 5593
f 5593 5405 5403
f 5403 5402 5593
f 5596 5595 5597
f 5597 5598 5596
f 5596 5598 5599
f 5599 5408 5596
f 5596 5408 5406
f 5406 5405 5596
f 5599 5598 5600
f 5600 5601 5599
f 5599 5601 5602
f 5602 5411 5599
f 5599 5411 5409
f 5409 5408 5599
f 5602 5601 5603
f 5603 5604 5602
f 5602 5604 5605
f 5605 5414 5602
f 5602 5414 5412
f 5412 5411 5602
f 5605 5604 152
f 152 169 5605
f 5605 169 168
f 168 5417 5605
f 5605 5417 5415
f 5415 5414 5605
f 5604 5603 153
f 153 152 5604
f 5603 5606 154
f 154 153 5603
f 5603 5601 5600
f 5600 5606 5603
f 5606 5574 5572
f 5572 154 5606
f 5606 5600 5607
f 5607 5574 5606
f 5607 5577 5575
f 5575 5574 5607
f 5607 5600 5598
f 5598 5597 5607
f 5607 5597 5608
f 5608 5577 5607
f 5608 5609 5578
f 5578 5577 5608
f 5608 5597 5595
f 5595 5594 5608
f 5608 5594 100
f 100 5609 5608
f 5609 100 97
f 97 5610 5609
f 5609 5610 5579
f 5579 5578 5609
f 5610 97 96
f 96 5587 5610
f 5610 5587 5581
f 5581 5579 5610
f 5594 5592 98
f 98 100 5594
f 5572 5570 149
f 149 154 5572
f 5570 5569 150
f 150 149 5570
f 5569 5565 163
f 163 150 5569
f 5565 5563 164
f 164 163 5565
f 5563 5561 5611
f 5611 164 5563
f 5611 5612 5550
f 5550 5613 5611
f 5611 5613 165
f 165 164 5611
f 5611 5561 5559
f 5559 5612 5611
f 5613 5550 5548
f 5548 5614 5613
f 5613 5614 166
f 166 165 5613
f 5614 5548 5546
f 5546 5615 5614
f 5614 5615 5616
f 5616 166 5614
f 5616 5615 5617
f 5617 5618 5616
f 5616 5618 5619
f 5619 5620 5616
f 5616 5620 167
f 167 166 5616
f 5620 5619 5421
f 5421 5420 5620
f 5620 5420 168
f 168 167 5620
f 5619 5618 238
f 238 244 5619
f 5619 244 5422
f 5422 5421 5619
f 5618 5617 239
f 239 238 5618
f 5617 5544 5542
f 5542 239 5617
f 5617 5615 5546
f 5546 5544 5617
f 5612 5553 5551
f 5551 5550 5612
f 5612 5559 5555
f 5555 5553 5612
f 5542 5540 240
f 240 239 5542
f 5540 5536 245
f 245 240 5540
f 5539 5621 5622
f 5622 5623 5539
f 5539 5623 5535
f 5535 5534 5539
f 5539 5538 5127
f 5127 5621 5539
f 5623 5622 5624
f 5624 5625 5623
f 5623 5625 5626
f 5626 5535 5623
f 5626 5625 5627
f 5627 5628 5626
f 5626 5628 5629
f 5629 5531 5626
f 5626 5531 5530
f 5530 5535 5626
f 5629 5628 5630
f 5630 5631 5629
f 5629 5631 5632
f 5632 5633 5629
f 5629 5633 5532
f 5532 5531 5629
f 5633 5632 5634
f 5634 5635 5633
f 5633 5635 5525
f 5525 5532 5633
f 5635 5634 5636
f 5636 5637 5635
f 5635 5637 5526
f 5526 5525 5635
f 5637 5636 5638
f 5638 5639 5637
f 5637 5639 5520
f 5520 5526 5637
f 5639 5638 5640
f 5640 5516 5639
f 5639 5516 5515
f 5515 5520 5639
f 5640 5638 5641
f 5641 5642 5640
f 5640 5642 5643
f 5643 5644 5640
f 5640 5644 5517
f 5517 5516 5640
f 5644 5643 5645
f 5645 5646 5644
f 5644 5646 5510
f 5510 5517 5644
f 5646 5645 5647
f 5647 5648 5646
f 5646 5648 5511
f 5511 5510 5646
f 5648 5647 5649
f 5649 5650 5648
f 5648 5650 5505
f 5505 5511 5648
f 5650 5649 5651
f 5651 5502 5650
f 5650 5502 5501
f 5501 5505 5650
f 5651 5649 5652
f 5652 5653 5651
f 5651 5653 5654
f 5654 5499 5651
f 5651 5499 5498
f 5498 5502 5651
f 5654 5653 5655
f 5655 5656 5654
f 5654 5656 5657
f 5657 5496 5654
f 5654 5496 5495
f 5495 5499 5654
f 5657 5656 5658
f 5658 5659 5657
f 5657 5659 5660
f 5660 5492 5657
f 5657 5492 5491
f 5491 5496 5657
f 5660 5659 5661
f 5661 5662 5660
f 5660 5662 5663
f 5663 5664 5660
f 5660 5664 5493
f 5493 5492 5660
f 5664 5663 5665
f 5665 5666 5664
f 5664 5666 5486
f 5486 5493 5664
f 5666 5665 5667
f 5667 5668 5666
f 5666 5668 5487
f 5487 5486 5666
f 5668 5667 5669
f 5669 5670 5668
f 5668 5670 5481
f 5481 5487 5668
f 5670 5669 5671
f 5671 5477 5670
f 5670 5477 5476
f 5476 5481 5670
f 5671 5669 5672
f 5672 5673 5671
f 5671 5673 5674
f 5674 5675 5671
f 5671 5675 5478
f 5478 5477 5671
f 5675 5674 5676
f 5676 689 5675
f 5675 689 688
f 688 5478 5675
f 5676 5674 5677
f 5677 5678 5676
f 5676 5678 5679
f 5679 5680 5676
f 5676 5680 690
f 690 689 5676
f 5680 5679 5681
f 5681 5682 5680
f 5680 5682 693
f 693 690 5680
f 5682 5681 5683
f 5683 5684 5682
f 5682 5684 5685
f 5685 693 5682
f 5685 5684 786
f 786 5686 5685
f 5685 5686 5687
f 5687 5688 5685
f 5685 5688 694
f 694 693 5685
f 5688 5687 5689
f 5689 5690 5688
f 5688 5690 695
f 695 694 5688
f 5690 5689 5691
f 5691 5692 5690
f 5690 5692 5693
f 5693 695 5690
f 5693 5694 691
f 691 695 5693
f 5693 5692 5695
f 5695 5696 5693
f 5693 5696 2749
f 2749 5694 5693
f 5696 5695 5697
f 5697 2746 5696
f 5696 2746 2745
f 2745 2749 5696
f 5697 5695 5698
f 5698 5699 5697
f 5697 5699 750
f 750 749 5697
f 5697 749 748
f 748 2746 5697
f 5699 5698 5700
f 5700 5701 5699
f 5699 5701 2737
f 2737 750 5699
f 5701 5700 5702
f 5702 5703 5701
f 5701 5703 2738
f 2738 2737 5701
f 5703 5702 5704
f 5704 5705 5703
f 5703 5705 2731
f 2731 2738 5703
f 5705 5704 5706
f 5706 2727 5705
f 5705 2727 2726
f 2726 2731 5705
f 5706 5704 5707
f 5707 5708 5706
f 5706 5708 5709
f 5709 2723 5706
f 5706 2723 2722
f 2722 2727 5706
f 5709 5708 5710
f 5710 5711 5709
f 5709 5711 5712
f 5712 2719 5709
f 5709 2719 2718
f 2718 2723 5709
f 5712 5711 5713
f 5713 5714 5712
f 5712 5714 5715
f 5715 2716 5712
f 5712 2716 2715
f 2715 2719 5712
f 5715 5714 5716
f 5716 5717 5715
f 5715 5717 5718
f 5718 2713 5715
f 5715 2713 2712
f 2712 2716 5715
f 5718 5717 5719
f 5719 5720 5718
f 5718 5720 5721
f 5721 2710 5718
f 5718 2710 2709
f 2709 2713 5718
f 5721 5720 5722
f 5722 5723 5721
f 5721 5723 5724
f 5724 2706 5721
f 5721 2706 2705
f 2705 2710 5721
f 5724 5723 5725
f 5725 5726 5724
f 5724 5726 5727
f 5727 5728 5724
f 5724 5728 2707
f 2707 2706 5724
f 5728 5727 5729
f 5729 5730 5728
f 5728 5730 2700
f 2700 2707 5728
f 5730 5729 5731
f 5731 5732 5730
f 5730 5732 2701
f 2701 2700 5730
f 5732 5731 5733
f 5733 5734 5732
f 5732 5734 2693
f 2693 2701 5732
f 5734 5733 5735
f 5735 2689 5734
f 5734 2689 2688
f 2688 2693 5734
f 5735 5733 5736
f 5736 5737 5735
f 5735 5737 5738
f 5738 2685 5735
f 5735 2685 2684
f 2684 2689 5735
f 5738 5737 5739
f 5739 5740 5738
f 5738 5740 5741
f 5741 2681 5738
f 5738 2681 2680
f 2680 2685 5738
f 5741 5740 5742
f 5742 5743 5741
f 5741 5743 5744
f 5744 2677 5741
f 5741 2677 2676
f 2676 2681 5741
f 5744 5743 5745
f 5745 5746 5744
f 5744 5746 5747
f 5747 5748 5744
f 5744 5748 2678
f 2678 2677 5744
f 5748 5747 5749
f 5749 5750 5748
f 5748 5750 2672
f 2672 2678 5748
f 5750 5749 5751
f 5751 2668 5750
f 5750 2668 2667
f 2667 2672 5750
f 5751 5749 5752
f 5752 5753 5751
f 5751 5753 5754
f 5754 5755 5751
f 5751 5755 2669
f 2669 2668 5751
f 5755 5754 5756
f 5756 873 5755
f 5755 873 867
f 867 2669 5755
f 5756 5754 5757
f 5757 5758 5756
f 5756 5758 5759
f 5759 5760 5756
f 5756 5760 870
f 870 873 5756
f 5760 5761 871
f 871 870 5760
f 5760 5759 5762
f 5762 5761 5760
f 5762 832 5763
f 5763 5761 5762
f 5762 5759 5764
f 5764 5765 5762
f 5762 5765 830
f 830 832 5762
f 5765 5764 5766
f 5766 5767 5765
f 5765 5767 831
f 831 830 5765
f 5767 5766 5768
f 5768 5769 5767
f 5767 5769 5770
f 5770 831 5767
f 5770 5771 827
f 827 831 5770
f 5770 5769 5772
f 5772 5773 5770
f 5770 5773 5774
f 5774 5771 5770
f 5774 5775 5776
f 5776 5771 5774
f 5774 5773 5777
f 5777 5778 5774
f 5774 5778 5779
f 5779 5775 5774
f 5779 5780 5781
f 5781 5775 5779
f 5779 5778 5782
f 5782 5783 5779
f 5779 5783 5784
f 5784 5780 5779
f 5784 5785 5786
f 5786 5780 5784
f 5784 5783 5787
f 5787 5788 5784
f 5784 5788 5789
f 5789 5785 5784
f 5789 5790 5791
f 5791 5785 5789
f 5789 5788 5792
f 5792 5793 5789
f 5789 5793 5794
f 5794 5790 5789
f 5794 5795 5796
f 5796 5790 5794
f 5794 5793 5797
f 5797 5798 5794
f 5794 5798 5799
f 5799 5795 5794
f 5799 5800 5801
f 5801 5795 5799
f 5799 5798 5802
f 5802 5803 5799
f 5799 5803 5804
f 5804 5800 5799
f 5804 5805 5806
f 5806 5800 5804
f 5804 5803 5807
f 5807 5808 5804
f 5804 5808 5809
f 5809 5805 5804
f 5809 5810 5811
f 5811 5805 5809
f 5809 5808 5812
f 5812 5813 5809
f 5809 5813 5814
f 5814 5810 5809
f 5814 5815 5816
f 5816 5810 5814
f 5814 5813 5817
f 5817 5818 5814
f 5814 5818 5819
f 5819 5815 5814
f 5819 5820 5821
f 5821 5815 5819
f 5819 5818 5822
f 5822 5823 5819
f 5819 5823 5824
f 5824 5820 5819
f 5824 815 814
f 814 5820 5824
f 5824 5823 5825
f 5825 5826 5824
f 5824 5826 5827
f 5827 815 5824
f 5827 5828 809
f 809 815 5827
f 5827 5826 5829
f 5829 5830 5827
f 5827 5830 5831
f 5831 5828 5827
f 5831 5832 5833
f 5833 5828 5831
f 5831 5830 5834
f 5834 5835 5831
f 5831 5835 5836
f 5836 5832 5831
f 5836 5837 5838
f 5838 5832 5836
f 5836 5835 5839
f 5839 5840 5836
f 5836 5840 5841
f 5841 5837 5836
f 5841 5842 5843
f 5843 5837 5841
f 5841 5840 5844
f 5844 5845 5841
f 5841 5845 5846
f 5846 5842 5841
f 5846 5847 5848
f 5848 5842 5846
f 5846 5845 5849
f 5849 5850 5846
f 5846 5850 5851
f 5851 5847 5846
f 5851 5852 5853
f 5853 5847 5851
f 5851 5850 5854
f 5854 5855 5851
f 5851 5855 5856
f 5856 5852 5851
f 5856 1674 1673
f 1673 5852 5856
f 5856 5855 5857
f 5857 5858 5856
f 5856 5858 1675
f 1675 1674 5856
f 5858 5857 5859
f 5859 5860 5858
f 5858 5860 1682
f 1682 1675 5858
f 5860 5859 5861
f 5861 5862 5860
f 5860 5862 1683
f 1683 1682 5860
f 5862 5861 5863
f 5863 5864 5862
f 5862 5864 5865
f 5865 1683 5862
f 5865 1687 1684
f 1684 1683 5865
f 5865 5864 5866
f 5866 677 5865
f 5865 677 674
f 674 1687 5865
f 5866 5864 5863
f 5863 5867 5866
f 5866 5867 647
f 647 646 5866
f 5866 646 675
f 675 677 5866
f 5867 5863 5868
f 5868 631 5867
f 5867 631 629
f 629 647 5867
f 5868 5863 5861
f 5861 5869 5868
f 5868 5869 5870
f 5870 5871 5868
f 5868 5871 632
f 632 631 5868
f 5871 5870 658
f 658 5872 5871
f 5871 5872 587
f 587 632 5871
f 5872 658 652
f 652 5873 5872
f 5872 5873 588
f 588 587 5872
f 5873 652 651
f 651 5874 5873
f 5873 5874 589
f 589 588 5873
f 5874 5875 5876
f 5876 589 5874
f 5874 651 5877
f 5877 5875 5874
f 5877 5878 5879
f 5879 5875 5877
f 5877 651 650
f 650 5880 5877
f 5877 5880 5881
f 5881 5878 5877
f 5881 5882 5883
f 5883 5878 5881
f 5881 5880 5884
f 5884 5885 5881
f 5881 5885 5886
f 5886 5882 5881
f 5886 5887 5888
f 5888 5882 5886
f 5886 5885 636
f 636 635 5886
f 5886 635 534
f 534 5887 5886
f 5888 5889 5890
f 5890 5891 5888
f 5888 5891 5883
f 5883 5882 5888
f 5888 5887 5892
f 5892 5889 5888
f 5892 423 422
f 422 5889 5892
f 5892 5887 534
f 534 533 5892
f 5892 533 538
f 538 423 5892
f 5891 5890 5893
f 5893 5894 5891
f 5891 5894 5895
f 5895 5883 5891
f 5895 5894 5896
f 5896 5897 5895
f 5895 5897 5898
f 5898 5879 5895
f 5895 5879 5878
f 5878 5883 5895
f 5898 5897 5899
f 5899 563 5898
f 5898 563 562
f 562 5876 5898
f 5898 5876 5875
f 5875 5879 5898
f 5899 5900 5901
f 5901 5902 5899
f 5899 5902 557
f 557 563 5899
f 5899 5897 5896
f 5896 5900 5899
f 5902 5901 4565
f 4565 5903 5902
f 5902 5903 558
f 558 557 5902
f 5903 4565 4563
f 4563 5904 5903
f 5903 5904 5905
f 5905 558 5903
f 5905 5904 5906
f 5906 5907 5905
f 5905 5907 5908
f 5908 5909 5905
f 5905 5909 559
f 559 558 5905
f 5909 5908 417
f 417 5910 5909
f 5909 5910 560
f 560 559 5909
f 5910 417 416
f 416 551 5910
f 5910 551 550
f 550 560 5910
f 5908 5907 5911
f 5911 5912 5908
f 5908 5912 414
f 414 417 5908
f 5912 5911 5913
f 5913 5914 5912
f 5912 5914 415
f 415 414 5912
f 5914 5913 4549
f 4549 5915 5914
f 5914 5915 352
f 352 415 5914
f 5915 4549 4545
f 4545 4544 5915
f 5915 4544 353
f 353 352 5915
f 5913 4554 4550
f 4550 4549 5913
f 5913 5911 5916
f 5916 4554 5913
f 5916 4559 4555
f 4555 4554 5916
f 5916 5911 5907
f 5907 5906 5916
f 5916 5906 4561
f 4561 4559 5916
f 5906 5904 4563
f 4563 4561 5906
f 5901 4569 4566
f 4566 4565 5901
f 5901 5900 5917
f 5917 4569 5901
f 5917 4574 4570
f 4570 4569 5917
f 5917 5900 5896
f 5896 5918 5917
f 5917 5918 5919
f 5919 4574 5917
f 5919 4579 4575
f 4575 4574 5919
f 5919 5918 5893
f 5893 5920 5919
f 5919 5920 5921
f 5921 4579 5919
f 5921 4584 4580
f 4580 4579 5921
f 5921 5920 421
f 421 420 5921
f 5921 420 428
f 428 4584 5921
f 5920 5893 5890
f 5890 421 5920
f 5918 5896 5894
f 5894 5893 5918
f 5890 5889 422
f 422 421 5890
f 5885 5884 637
f 637 636 5885
f 5884 5880 650
f 650 654 5884
f 5884 654 5922
f 5922 637 5884
f 5922 654 653
f 653 5923 5922
f 5922 5923 5924
f 5924 5925 5922
f 5922 5925 638
f 638 637 5922
f 5925 5924 5926
f 5926 5927 5925
f 5925 5927 639
f 639 638 5925
f 5927 5926 5928
f 5928 5929 5927
f 5927 5929 5930
f 5930 639 5927
f 5930 5929 5931
f 5931 5932 5930
f 5930 5932 5933
f 5933 5934 5930
f 5930 5934 640
f 640 639 5930
f 5934 5933 5935
f 5935 5936 5934
f 5934 5936 643
f 643 640 5934
f 5936 5935 5937
f 5937 5938 5936
f 5936 5938 5939
f 5939 643 5936
f 5939 5938 5940
f 5940 5941 5939
f 5939 5941 5942
f 5942 5943 5939
f 5939 5943 641
f 641 643 5939
f 5943 5942 5944
f 5944 5945 5943
f 5943 5945 642
f 642 641 5943
f 5945 5944 5946
f 5946 5947 5945
f 5945 5947 536
f 536 642 5945
f 5947 5946 5948
f 5948 5949 5947
f 5947 5949 537
f 537 536 5947
f 5949 5948 5950
f 5950 5951 5949
f 5949 5951 538
f 538 537 5949
f 5951 5950 429
f 429 424 5951
f 5951 424 423
f 423 538 5951
f 5950 5948 5952
f 5952 5953 5950
f 5950 5953 5954
f 5954 429 5950
f 5954 5953 5955
f 5955 5956 5954
f 5954 5956 5957
f 5957 5958 5954
f 5954 5958 425
f 425 429 5954
f 5958 5957 5959
f 5959 5960 5958
f 5958 5960 426
f 426 425 5958
f 5960 5959 5961
f 5961 5962 5960
f 5960 5962 5963
f 5963 426 5960
f 5963 5962 5964
f 5964 5965 5963
f 5963 5965 4590
f 4590 5966 5963
f 5963 5966 427
f 427 426 5963
f 5966 4590 4588
f 4588 4587 5966
f 5966 4587 428
f 428 427 5966
f 5965 5964 5967
f 5967 4594 5965
f 5965 4594 4591
f 4591 4590 5965
f 5967 5964 5968
f 5968 5969 5967
f 5967 5969 5970
f 5970 4597 5967
f 5967 4597 4595
f 4595 4594 5967
f 5970 5969 5971
f 5971 5972 5970
f 5970 5972 5973
f 5973 5974 5970
f 5970 5974 4598
f 4598 4597 5970
f 5974 5973 5975
f 5975 5976 5974
f 5974 5976 4599
f 4599 4598 5974
f 5976 5975 5977
f 5977 5978 5976
f 5976 5978 4601
f 4601 4599 5976
f 5978 5977 5091
f 5091 5089 5978
f 5978 5089 4603
f 4603 4601 5978
f 5977 5975 5979
f 5979 5980 5977
f 5977 5980 5981
f 5981 5091 5977
f 5981 5980 5982
f 5982 5983 5981
f 5981 5983 5096
f 5096 5094 5981
f 5981 5094 5092
f 5092 5091 5981
f 5983 5982 5984
f 5984 5985 5983
f 5983 5985 5098
f 5098 5096 5983
f 5985 5984 5986
f 5986 360 5985
f 5985 360 359
f 359 5098 5985
f 5986 5987 5988
f 5988 5989 5986
f 5986 5989 361
f 361 360 5986
f 5986 5984 5990
f 5990 5987 5986
f 5990 5991 5992
f 5992 5987 5990
f 5990 5984 5982
f 5982 5993 5990
f 5990 5993 5994
f 5994 5991 5990
f 5994 5995 5996
f 5996 5991 5994
f 5994 5993 5979
f 5979 5997 5994
f 5994 5997 5998
f 5998 5995 5994
f 5998 5999 6000
f 6000 5995 5998
f 5998 5997 5973
f 5973 5972 5998
f 5998 5972 5971
f 5971 5999 5998
f 6000 6001 6002
f 6002 6003 6000
f 6000 6003 5996
f 5996 5995 6000
f 6000 5999 6004
f 6004 6001 6000
f 6004 405 404
f 404 6001 6004
f 6004 5999 5971
f 5971 6005 6004
f 6004 6005 6006
f 6006 405 6004
f 6006 6007 401
f 401 405 6006
f 6006 6005 5968
f 5968 5961 6006
f 6006 5961 5959
f 5959 6007 6006
f 6007 6008 402
f 402 401 6007
f 6007 5959 5957
f 5957 6008 6007
f 6008 6009 6010
f 6010 402 6008
f 6008 5957 5956
f 5956 6009 6008
f 6010 6011 433
f 433 432 6010
f 6010 432 403
f 403 402 6010
f 6010 6009 6012
f 6012 6011 6010
f 6012 6013 6014
f 6014 6011 6012
f 6012 6009 5956
f 5956 5955 6012
f 6012 5955 6015
f 6015 6013 6012
f 6015 6016 6017
f 6017 6013 6015
f 6015 5955 5953
f 5953 5952 6015
f 6015 5952 6018
f 6018 6016 6015
f 6018 5946 5944
f 5944 6019 6018
f 6018 6019 6020
f 6020 6016 6018
f 6018 5952 5948
f 5948 5946 6018
f 6020 6019 6021
f 6021 6022 6020
f 6020 6022 6023
f 6023 6024 6020
f 6020 6024 6017
f 6017 6016 6020
f 6024 6023 6025
f 6025 6026 6024
f 6024 6026 6027
f 6027 6017 6024
f 6027 6026 542
f 542 541 6027
f 6027 541 440
f 440 6014 6027
f 6027 6014 6013
f 6013 6017 6027
f 6026 6025 545
f 545 542 6026
f 6025 6023 6028
f 6028 6029 6025
f 6025 6029 6030
f 6030 545 6025
f 6030 6029 6031
f 6031 6032 6030
f 6030 6032 6033
f 6033 6034 6030
f 6030 6034 543
f 543 545 6030
f 6034 6033 6035
f 6035 6036 6034
f 6034 6036 544
f 544 543 6034
f 6036 6035 6037
f 6037 6038 6036
f 6036 6038 439
f 439 544 6036
f 6038 6037 6039
f 6039 6040 6038
f 6038 6040 436
f 436 439 6038
f 6040 6039 6041
f 6041 6042 6040
f 6040 6042 437
f 437 436 6040
f 6042 6041 6043
f 6043 6044 6042
f 6042 6044 6045
f 6045 437 6042
f 6045 6044 6046
f 6046 6047 6045
f 6045 6047 6048
f 6048 6049 6045
f 6045 6049 434
f 434 437 6045
f 6049 6048 6050
f 6050 6051 6049
f 6049 6051 435
f 435 434 6049
f 6051 6050 5996
f 5996 6003 6051
f 6051 6003 6002
f 6002 435 6051
f 6050 6048 6052
f 6052 5992 6050
f 6050 5992 5991
f 5991 5996 6050
f 6052 6048 6047
f 6047 6053 6052
f 6052 6053 6054
f 6054 5988 6052
f 6052 5988 5987
f 5987 5992 6052
f 6054 6053 6055
f 6055 6056 6054
f 6054 6056 6057
f 6057 6058 6054
f 6054 6058 5989
f 5989 5988 6054
f 6058 6057 365
f 365 362 6058
f 6058 362 361
f 361 5989 6058
f 6057 6056 6059
f 6059 6060 6057
f 6057 6060 369
f 369 365 6057
f 6060 6059 6061
f 6061 6062 6060
f 6060 6062 6063
f 6063 369 6060
f 6063 6062 6064
f 6064 6065 6063
f 6063 6065 6066
f 6066 6067 6063
f 6063 6067 370
f 370 369 6063
f 6067 6066 6068
f 6068 6069 6067
f 6067 6069 6070
f 6070 370 6067
f 6070 6069 6071
f 6071 6072 6070
f 6070 6072 6073
f 6073 6074 6070
f 6070 6074 367
f 367 370 6070
f 6074 6073 5104
f 5104 5102 6074
f 6074 5102 368
f 368 367 6074
f 6073 6072 6075
f 6075 6076 6073
f 6073 6076 6077
f 6077 5104 6073
f 6077 6076 6078
f 6078 5112 6077
f 6077 5112 5109
f 5109 5107 6077
f 6077 5107 5105
f 5105 5104 6077
f 6078 6076 6075
f 6075 6079 6078
f 6078 6079 6080
f 6080 6081 6078
f 6078 6081 5113
f 5113 5112 6078
f 6081 6080 6082
f 6082 6083 6081
f 6081 6083 5114
f 5114 5113 6081
f 6083 6082 6084
f 6084 6085 6083
f 6083 6085 5116
f 5116 5114 6083
f 6085 6084 6086
f 6086 6087 6085
f 6085 6087 5118
f 5118 5116 6085
f 6087 6086 6088
f 6088 6089 6087
f 6087 6089 6090
f 6090 5118 6087
f 6090 6089 344
f 344 343 6090
f 6090 343 6091
f 6091 5121 6090
f 6090 5121 5119
f 5119 5118 6090
f 6091 343 342
f 342 6092 6091
f 6091 6092 6093
f 6093 6094 6091
f 6091 6094 5122
f 5122 5121 6091
f 6094 6093 6095
f 6095 6096 6094
f 6094 6096 5123
f 5123 5122 6094
f 6096 6095 6097
f 6097 6098 6096
f 6096 6098 5125
f 5125 5123 6096
f 6098 6097 5622
f 5622 5621 6098
f 6098 5621 5127
f 5127 5125 6098
f 6097 6095 6099
f 6099 6100 6097
f 6097 6100 5624
f 5624 5622 6097
f 6100 6099 6101
f 6101 6102 6100
f 6100 6102 6103
f 6103 5624 6100
f 6103 6102 372
f 372 376 6103
f 6103 376 6104
f 6104 5627 6103
f 6103 5627 5625
f 5625 5624 6103
f 6104 376 375
f 375 6105 6104
f 6104 6105 6106
f 6106 5630 6104
f 6104 5630 5628
f 5628 5627 6104
f 6106 6105 6107
f 6107 6108 6106
f 6106 6108 6109
f 6109 6110 6106
f 6106 6110 5631
f 5631 5630 6106
f 6110 6109 6111
f 6111 6112 6110
f 6110 6112 5632
f 5632 5631 6110
f 6112 6111 6113
f 6113 6114 6112
f 6112 6114 5634
f 5634 5632 6112
f 6114 6113 6115
f 6115 6116 6114
f 6114 6116 5636
f 5636 5634 6114
f 6116 6115 6117
f 6117 5641 6116
f 6116 5641 5638
f 5638 5636 6116
f 6117 6115 6118
f 6118 6119 6117
f 6117 6119 6120
f 6120 6121 6117
f 6117 6121 5642
f 5642 5641 6117
f 6121 6120 6122
f 6122 6123 6121
f 6121 6123 5643
f 5643 5642 6121
f 6123 6122 6124
f 6124 6125 6123
f 6123 6125 5645
f 5645 5643 6123
f 6125 6124 6126
f 6126 6127 6125
f 6125 6127 5647
f 5647 5645 6125
f 6127 6126 6128
f 6128 5652 6127
f 6127 5652 5649
f 5649 5647 6127
f 6128 6126 6129
f 6129 6130 6128
f 6128 6130 6131
f 6131 5655 6128
f 6128 5655 5653
f 5653 5652 6128
f 6131 6130 6132
f 6132 6133 6131
f 6131 6133 6134
f 6134 5658 6131
f 6131 5658 5656
f 5656 5655 6131
f 6134 6133 6135
f 6135 6136 6134
f 6134 6136 6137
f 6137 5661 6134
f 6134 5661 5659
f 5659 5658 6134
f 6137 6136 6138
f 6138 6139 6137
f 6137 6139 6140
f 6140 6141 6137
f 6137 6141 5662
f 5662 5661 6137
f 6141 6140 6142
f 6142 6143 6141
f 6141 6143 5663
f 5663 5662 6141
f 6143 6142 6144
f 6144 6145 6143
f 6143 6145 5665
f 5665 5663 6143
f 6145 6144 6146
f 6146 6147 6145
f 6145 6147 5667
f 5667 5665 6145
f 6147 6146 6148
f 6148 5672 6147
f 6147 5672 5669
f 5669 5667 6147
f 6148 6146 6149
f 6149 6150 6148
f 6148 6150 6151
f 6151 6152 6148
f 6148 6152 5673
f 5673 5672 6148
f 6152 6151 6153
f 6153 5677 6152
f 6152 5677 5674
f 5674 5673 6152
f 6153 6151 6154
f 6154 6155 6153
f 6153 6155 6156
f 6156 6157 6153
f 6153 6157 5678
f 5678 5677 6153
f 6157 6156 6158
f 6158 6159 6157
f 6157 6159 5679
f 5679 5678 6157
f 6159 6158 6160
f 6160 6161 6159
f 6159 6161 5681
f 5681 5679 6159
f 6161 6160 6162
f 6162 6163 6161
f 6161 6163 5683
f 5683 5681 6161
f 6163 6162 6164
f 6164 783 6163
f 6163 783 782
f 782 5683 6163
f 6164 6162 6165
f 6165 6166 6164
f 6164 6166 6167
f 6167 6168 6164
f 6164 6168 784
f 784 783 6164
f 6168 6167 6169
f 6169 6170 6168
f 6168 6170 787
f 787 784 6168
f 6170 6169 6171
f 6171 6172 6170
f 6170 6172 6173
f 6173 787 6170
f 6173 6174 785
f 785 787 6173
f 6173 6172 6175
f 6175 6176 6173
f 6173 6176 6177
f 6177 6174 6173
f 6177 5687 5686
f 5686 6174 6177
f 6177 6176 6178
f 6178 6179 6177
f 6177 6179 5689
f 5689 5687 6177
f 6179 6178 6180
f 6180 6181 6179
f 6179 6181 5691
f 5691 5689 6179
f 6181 6180 5702
f 5702 5700 6181
f 6181 5700 5698
f 5698 5691 6181
f 6180 6178 6182
f 6182 5707 6180
f 6180 5707 5704
f 5704 5702 6180
f 6182 6178 6176
f 6176 6175 6182
f 6182 6175 6183
f 6183 5710 6182
f 6182 5710 5708
f 5708 5707 6182
f 6183 6175 6172
f 6172 6171 6183
f 6183 6171 6184
f 6184 5713 6183
f 6183 5713 5711
f 5711 5710 6183
f 6184 6171 6169
f 6169 6185 6184
f 6184 6185 6186
f 6186 5716 6184
f 6184 5716 5714
f 5714 5713 6184
f 6186 6185 6187
f 6187 6188 6186
f 6186 6188 6189
f 6189 5719 6186
f 6186 5719 5717
f 5717 5716 6186
f 6189 6188 6190
f 6190 6191 6189
f 6189 6191 6192
f 6192 5722 6189
f 6189 5722 5720
f 5720 5719 6189
f 6192 6191 6193
f 6193 6194 6192
f 6192 6194 6195
f 6195 5725 6192
f 6192 5725 5723
f 5723 5722 6192
f 6195 6194 6196
f 6196 6197 6195
f 6195 6197 6198
f 6198 6199 6195
f 6195 6199 5726
f 5726 5725 6195
f 6199 6198 6200
f 6200 6201 6199
f 6199 6201 5727
f 5727 5726 6199
f 6201 6200 6202
f 6202 6203 6201
f 6201 6203 5729
f 5729 5727 6201
f 6203 6202 6204
f 6204 6205 6203
f 6203 6205 5731
f 5731 5729 6203
f 6205 6204 6206
f 6206 5736 6205
f 6205 5736 5733
f 5733 5731 6205
f 6206 6204 6207
f 6207 6208 6206
f 6206 6208 6209
f 6209 5739 6206
f 6206 5739 5737
f 5737 5736 6206
f 6209 6208 6210
f 6210 6211 6209
f 6209 6211 6212
f 6212 5742 6209
f 6209 5742 5740
f 5740 5739 6209
f 6212 6211 6213
f 6213 6214 6212
f 6212 6214 744
f 744 5745 6212
f 6212 5745 5743
f 5743 5742 6212
f 6214 6213 6215
f 6215 6216 6214
f 6214 6216 745
f 745 744 6214
f 6216 6215 6217
f 6217 6218 6216
f 6216 6218 6219
f 6219 745 6216
f 6219 6220 739
f 739 745 6219
f 6219 6218 6221
f 6221 6222 6219
f 6219 6222 6223
f 6223 6220 6219
f 6223 6224 6225
f 6225 6220 6223
f 6223 6222 6226
f 6226 6227 6223
f 6223 6227 6228
f 6228 6224 6223
f 6228 6229 6230
f 6230 6224 6228
f 6228 6227 6231
f 6231 6232 6228
f 6228 6232 6233
f 6233 6229 6228
f 6233 6234 6235
f 6235 6229 6233
f 6233 6232 6236
f 6236 6237 6233
f 6233 6237 6238
f 6238 6234 6233
f 6238 6239 6240
f 6240 6234 6238
f 6238 6237 6241
f 6241 6242 6238
f 6238 6242 6243
f 6243 6239 6238
f 6243 6244 6245
f 6245 6239 6243
f 6243 6242 6246
f 6246 6247 6243
f 6243 6247 6248
f 6248 6244 6243
f 6248 6249 6250
f 6250 6244 6248
f 6248 6247 6251
f 6251 6252 6248
f 6248 6252 6253
f 6253 6249 6248
f 6253 6254 6255
f 6255 6249 6253
f 6253 6252 6256
f 6256 6257 6253
f 6253 6257 6258
f 6258 6254 6253
f 6258 6259 6260
f 6260 6254 6258
f 6258 6257 6261
f 6261 6262 6258
f 6258 6262 6263
f 6263 6259 6258
f 6263 6264 448
f 448 6259 6263
f 6263 6262 6265
f 6265 6266 6263
f 6263 6266 6267
f 6267 6264 6263
f 6267 6268 6269
f 6269 6264 6267
f 6267 6266 6270
f 6270 6271 6267
f 6267 6271 6272
f 6272 6268 6267
f 6272 6273 6274
f 6274 6268 6272
f 6272 6271 6275
f 6275 6276 6272
f 6272 6276 6277
f 6277 6273 6272
f 6277 6278 6279
f 6279 6273 6277
f 6277 6276 6109
f 6109 6108 6277
f 6277 6108 6107
f 6107 6278 6277
f 6279 6280 6281
f 6281 6282 6279
f 6279 6282 6274
f 6274 6273 6279
f 6279 6278 6283
f 6283 6280 6279
f 6283 6284 6285
f 6285 6280 6283
f 6283 6278 6107
f 6107 377 6283
f 6283 377 374
f 374 6284 6283
f 6285 6286 6287
f 6287 6288 6285
f 6285 6288 6281
f 6281 6280 6285
f 6285 6284 6289
f 6289 6286 6285
f 6289 6284 374
f 374 373 6289
f 6289 373 6101
f 6101 6290 6289
f 6289 6290 6291
f 6291 6286 6289
f 6291 6292 6287
f 6287 6286 6291
f 6291 6290 6293
f 6293 6294 6291
f 6291 6294 347
f 347 6292 6291
f 6294 6293 6093
f 6093 6092 6294
f 6294 6092 342
f 342 347 6294
f 6293 6290 6101
f 6101 6099 6293
f 6293 6099 6095
f 6095 6093 6293
f 6292 6295 385
f 385 6287 6292
f 6292 347 346
f 346 6295 6292
f 6295 6296 379
f 379 385 6295
f 6295 346 345
f 345 6296 6295
f 6296 6297 380
f 380 379 6296
f 6296 345 6088
f 6088 6297 6296
f 6297 6298 6299
f 6299 380 6297
f 6297 6088 6086
f 6086 6298 6297
f 6299 6300 6301
f 6301 443 6299
f 6299 443 381
f 381 380 6299
f 6299 6298 6302
f 6302 6300 6299
f 6302 6303 6304
f 6304 6300 6302
f 6302 6298 6086
f 6086 6084 6302
f 6302 6084 6082
f 6082 6303 6302
f 6304 6305 6306
f 6306 6307 6304
f 6304 6307 6301
f 6301 6300 6304
f 6304 6303 6308
f 6308 6305 6304
f 6308 6309 6310
f 6310 6305 6308
f 6308 6303 6082
f 6082 6080 6308
f 6308 6080 6079
f 6079 6309 6308
f 6310 6311 6312
f 6312 6313 6310
f 6310 6313 6306
f 6306 6305 6310
f 6310 6309 6314
f 6314 6311 6310
f 6314 6071 6315
f 6315 6311 6314
f 6314 6309 6079
f 6079 6075 6314
f 6314 6075 6072
f 6072 6071 6314
f 6315 6068 6316
f 6316 6317 6315
f 6315 6317 6312
f 6312 6311 6315
f 6315 6071 6069
f 6069 6068 6315
f 6317 6316 6318
f 6318 6319 6317
f 6317 6319 459
f 459 6312 6317
f 6319 6318 6320
f 6320 6321 6319
f 6319 6321 460
f 460 459 6319
f 6321 6320 6322
f 6322 6323 6321
f 6321 6323 461
f 461 460 6321
f 6323 6324 6325
f 6325 461 6323
f 6323 6322 6326
f 6326 6324 6323
f 6326 6327 6328
f 6328 6324 6326
f 6326 6322 569
f 569 568 6326
f 6326 568 570
f 570 6327 6326
f 6328 6329 6330
f 6330 6331 6328
f 6328 6331 6325
f 6325 6324 6328
f 6328 6327 6332
f 6332 6329 6328
f 6332 6333 6334
f 6334 6329 6332
f 6332 6327 570
f 570 6335 6332
f 6332 6335 6336
f 6336 6333 6332
f 6336 6337 6338
f 6338 6333 6336
f 6336 6335 6339
f 6339 6340 6336
f 6336 6340 6341
f 6341 6337 6336
f 6341 6342 6343
f 6343 6337 6341
f 6341 6340 6344
f 6344 6345 6341
f 6341 6345 6346
f 6346 6342 6341
f 6346 6347 6348
f 6348 6342 6346
f 6346 6345 6349
f 6349 6350 6346
f 6346 6350 6351
f 6351 6347 6346
f 6351 6352 6353
f 6353 6347 6351
f 6351 6350 6354
f 6354 6355 6351
f 6351 6355 6356
f 6356 6352 6351
f 6356 6357 6358
f 6358 6352 6356
f 6356 6355 6359
f 6359 6360 6356
f 6356 6360 6361
f 6361 6357 6356
f 6361 6362 6363
f 6363 6357 6361
f 6361 6360 6364
f 6364 6365 6361
f 6361 6365 6366
f 6366 6362 6361
f 6366 6367 6368
f 6368 6362 6366
f 6366 6365 6369
f 6369 6370 6366
f 6366 6370 6371
f 6371 6367 6366
f 6371 6372 6373
f 6373 6367 6371
f 6371 6370 6035
f 6035 6033 6371
f 6371 6033 6032
f 6032 6372 6371
f 6373 6374 6375
f 6375 6376 6373
f 6373 6376 6368
f 6368 6367 6373
f 6373 6372 6377
f 6377 6374 6373
f 6377 6378 6379
f 6379 6374 6377
f 6377 6372 6032
f 6032 6031 6377
f 6377 6031 6380
f 6380 6378 6377
f 6380 6381 6382
f 6382 6378 6380
f 6380 6031 6029
f 6029 6028 6380
f 6380 6028 6383
f 6383 6381 6380
f 6383 6384 6385
f 6385 6381 6383
f 6383 6028 6023
f 6023 6022 6383
f 6383 6022 6021
f 6021 6384 6383
f 6385 5940 6386
f 6386 6387 6385
f 6385 6387 6382
f 6382 6381 6385
f 6385 6384 5941
f 5941 5940 6385
f 6387 6386 6388
f 6388 6389 6387
f 6387 6389 6390
f 6390 6382 6387
f 6390 6389 6391
f 6391 6392 6390
f 6390 6392 6393
f 6393 6379 6390
f 6390 6379 6378
f 6378 6382 6390
f 6393 6392 6394
f 6394 6395 6393
f 6393 6395 6396
f 6396 6375 6393
f 6393 6375 6374
f 6374 6379 6393
f 6396 6395 6397
f 6397 6398 6396
f 6396 6398 6399
f 6399 6400 6396
f 6396 6400 6376
f 6376 6375 6396
f 6400 6399 6401
f 6401 6402 6400
f 6400 6402 6368
f 6368 6376 6400
f 6402 6401 6403
f 6403 6363 6402
f 6402 6363 6362
f 6362 6368 6402
f 6403 6401 6404
f 6404 6405 6403
f 6403 6405 6406
f 6406 6358 6403
f 6403 6358 6357
f 6357 6363 6403
f 6406 6405 6407
f 6407 6408 6406
f 6406 6408 6409
f 6409 6353 6406
f 6406 6353 6352
f 6352 6358 6406
f 6409 6408 6410
f 6410 6411 6409
f 6409 6411 6412
f 6412 6348 6409
f 6409 6348 6347
f 6347 6353 6409
f 6412 6411 6413
f 6413 6414 6412
f 6412 6414 6415
f 6415 6343 6412
f 6412 6343 6342
f 6342 6348 6412
f 6415 6414 6416
f 6416 6417 6415
f 6415 6417 6418
f 6418 6338 6415
f 6415 6338 6337
f 6337 6343 6415
f 6418 6417 6419
f 6419 6420 6418
f 6418 6420 6421
f 6421 6334 6418
f 6418 6334 6333
f 6333 6338 6418
f 6421 6420 6422
f 6422 6423 6421
f 6421 6423 6424
f 6424 6330 6421
f 6421 6330 6329
f 6329 6334 6421
f 6424 6423 6425
f 6425 6426 6424
f 6424 6426 6427
f 6427 6428 6424
f 6424 6428 6331
f 6331 6330 6424
f 6428 6427 6429
f 6429 6430 6428
f 6428 6430 6325
f 6325 6331 6428
f 6430 6429 464
f 464 462 6430
f 6430 462 461
f 461 6325 6430
f 6429 6427 6431
f 6431 6432 6429
f 6429 6432 6433
f 6433 464 6429
f 6433 6432 6434
f 6434 6435 6433
f 6433 6435 6436
f 6436 6437 6433
f 6433 6437 463
f 463 464 6433
f 6437 6436 6438
f 6438 456 6437
f 6437 456 455
f 455 463 6437
f 6438 6436 6439
f 6439 6255 6438
f 6438 6255 6254
f 6254 6260 6438
f 6438 6260 447
f 447 456 6438
f 6439 6436 6435
f 6435 6440 6439
f 6439 6440 6441
f 6441 6250 6439
f 6439 6250 6249
f 6249 6255 6439
f 6441 6440 6442
f 6442 6443 6441
f 6441 6443 6444
f 6444 6245 6441
f 6441 6245 6244
f 6244 6250 6441
f 6444 6443 6445
f 6445 6446 6444
f 6444 6446 6447
f 6447 6240 6444
f 6444 6240 6239
f 6239 6245 6444
f 6447 6446 6448
f 6448 6449 6447
f 6447 6449 6450
f 6450 6235 6447
f 6447 6235 6234
f 6234 6240 6447
f 6450 6449 718
f 718 717 6450
f 6450 717 719
f 719 6230 6450
f 6450 6230 6229
f 6229 6235 6450
f 6449 6448 6451
f 6451 718 6449
f 6451 6452 710
f 710 718 6451
f 6451 6448 6453
f 6453 6454 6451
f 6451 6454 6455
f 6455 6452 6451
f 6455 6456 6457
f 6457 6452 6455
f 6455 6454 6458
f 6458 6459 6455
f 6455 6459 6460
f 6460 6456 6455
f 6460 6461 6462
f 6462 6456 6460
f 6460 6459 6463
f 6463 6464 6460
f 6460 6464 6465
f 6465 6461 6460
f 6465 6466 6467
f 6467 6461 6465
f 6465 6464 6468
f 6468 6469 6465
f 6465 6469 6470
f 6470 6466 6465
f 6470 6471 6472
f 6472 6466 6470
f 6470 6469 6473
f 6473 6474 6470
f 6470 6474 6475
f 6475 6471 6470
f 6475 6476 6477
f 6477 6471 6475
f 6475 6474 6478
f 6478 6479 6475
f 6475 6479 6480
f 6480 6476 6475
f 6480 6481 6482
f 6482 6476 6480
f 6480 6479 6483
f 6483 6484 6480
f 6480 6484 6485
f 6485 6481 6480
f 6485 6486 6487
f 6487 6481 6485
f 6485 6484 6488
f 6488 6489 6485
f 6485 6489 6490
f 6490 6486 6485
f 6490 6491 6492
f 6492 6486 6490
f 6490 6489 6493
f 6493 6494 6490
f 6490 6494 6495
f 6495 6491 6490
f 6495 6496 6497
f 6497 6491 6495
f 6495 6494 6498
f 6498 6499 6495
f 6495 6499 6500
f 6500 6496 6495
f 6500 6501 734
f 734 6496 6500
f 6500 6499 6502
f 6502 6503 6500
f 6500 6503 6504
f 6504 6501 6500
f 6504 704 6505
f 6505 6501 6504
f 6504 6503 6506
f 6506 6507 6504
f 6504 6507 705
f 705 704 6504
f 6507 6506 6397
f 6397 6508 6507
f 6507 6508 708
f 708 705 6507
f 6508 6397 6395
f 6395 6394 6508
f 6508 6394 6509
f 6509 708 6508
f 6509 6510 706
f 706 708 6509
f 6509 6394 6392
f 6392 6391 6509
f 6509 6391 6511
f 6511 6510 6509
f 6511 6512 6513
f 6513 6510 6511
f 6511 6391 6389
f 6389 6388 6511
f 6511 6388 6514
f 6514 6512 6511
f 6514 6515 6516
f 6516 6512 6514
f 6514 6388 6386
f 6386 5937 6514
f 6514 5937 5935
f 5935 6515 6514
f 6516 6517 6518
f 6518 6519 6516
f 6516 6519 6513
f 6513 6512 6516
f 6516 6515 6520
f 6520 6517 6516
f 6520 6521 6522
f 6522 6517 6520
f 6520 6515 5935
f 5935 5933 6520
f 6520 5933 5932
f 5932 6521 6520
f 6522 6523 6524
f 6524 6525 6522
f 6522 6525 6518
f 6518 6517 6522
f 6522 6521 6526
f 6526 6523 6522
f 6526 6527 6528
f 6528 6523 6526
f 6526 6521 5932
f 5932 5931 6526
f 6526 5931 6529
f 6529 6527 6526
f 6529 6530 6531
f 6531 6527 6529
f 6529 5931 5929
f 5929 5928 6529
f 6529 5928 682
f 682 6530 6529
f 6531 6532 6533
f 6533 6534 6531
f 6531 6534 6528
f 6528 6527 6531
f 6531 6530 6535
f 6535 6532 6531
f 6535 6536 6537
f 6537 6532 6535
f 6535 6530 682
f 682 681 6535
f 6535 681 680
f 680 6536 6535
f 6537 6538 6539
f 6539 6540 6537
f 6537 6540 6533
f 6533 6532 6537
f 6537 6536 6541
f 6541 6538 6537
f 6541 6542 6543
f 6543 6538 6541
f 6541 6536 680
f 680 6544 6541
f 6541 6544 6545
f 6545 6542 6541
f 6545 6546 6547
f 6547 6542 6545
f 6545 6544 6548
f 6548 6549 6545
f 6545 6549 6550
f 6550 6546 6545
f 6550 6551 6552
f 6552 6546 6550
f 6550 6549 659
f 659 657 6550
f 6550 657 656
f 656 6551 6550
f 6552 5849 5845
f 5845 5844 6552
f 6552 5844 6547
f 6547 6546 6552
f 6552 6551 6553
f 6553 5849 6552
f 6553 5854 5850
f 5850 5849 6553
f 6553 6551 656
f 656 6554 6553
f 6553 6554 6555
f 6555 5854 6553
f 6555 5857 5855
f 5855 5854 6555
f 6555 6554 6556
f 6556 6557 6555
f 6555 6557 5859
f 5859 5857 6555
f 6557 6556 5870
f 5870 5869 6557
f 6557 5869 5861
f 5861 5859 6557
f 6556 6554 656
f 656 655 6556
f 6556 655 658
f 658 5870 6556
f 6549 6548 6558
f 6558 659 6549
f 6558 5923 653
f 653 659 6558
f 6558 6548 679
f 679 684 6558
f 6558 684 5924
f 5924 5923 6558
f 6548 6544 680
f 680 679 6548
f 6547 5844 5840
f 5840 5839 6547
f 6547 5839 6543
f 6543 6542 6547
f 6543 5839 5835
f 5835 5834 6543
f 6543 5834 6539
f 6539 6538 6543
f 6540 6539 5829
f 5829 6559 6540
f 6540 6559 6560
f 6560 6533 6540
f 6560 6559 5825
f 5825 6561 6560
f 6560 6561 6562
f 6562 6563 6560
f 6560 6563 6534
f 6534 6533 6560
f 6563 6562 6564
f 6564 6565 6563
f 6563 6565 6528
f 6528 6534 6563
f 6565 6564 6566
f 6566 6524 6565
f 6565 6524 6523
f 6523 6528 6565
f 6566 6564 6567
f 6567 731 6566
f 6566 731 730
f 730 6568 6566
f 6566 6568 6525
f 6525 6524 6566
f 6568 730 729
f 729 6569 6568
f 6568 6569 6518
f 6518 6525 6568
f 6569 729 6570
f 6570 6571 6569
f 6569 6571 6519
f 6519 6518 6569
f 6571 6570 703
f 703 707 6571
f 6571 707 6513
f 6513 6519 6571
f 6570 729 728
f 728 6505 6570
f 6570 6505 704
f 704 703 6570
f 6567 6572 5817
f 5817 6573 6567
f 6567 6573 732
f 732 731 6567
f 6567 6564 6562
f 6562 6572 6567
f 6573 5817 5813
f 5813 5812 6573
f 6573 5812 735
f 735 732 6573
f 6572 5822 5818
f 5818 5817 6572
f 6572 6562 6561
f 6561 5822 6572
f 6561 5825 5823
f 5823 5822 6561
f 6559 5829 5826
f 5826 5825 6559
f 6539 5834 5830
f 5830 5829 6539
f 6513 707 706
f 706 6510 6513
f 6506 6503 6502
f 6502 6574 6506
f 6506 6574 6398
f 6398 6397 6506
f 6574 6502 6575
f 6575 6576 6574
f 6574 6576 6399
f 6399 6398 6574
f 6576 6575 6577
f 6577 6404 6576
f 6576 6404 6401
f 6401 6399 6576
f 6577 6575 6498
f 6498 6578 6577
f 6577 6578 6579
f 6579 6407 6577
f 6577 6407 6405
f 6405 6404 6577
f 6579 6578 6493
f 6493 6580 6579
f 6579 6580 6581
f 6581 6410 6579
f 6579 6410 6408
f 6408 6407 6579
f 6581 6580 6488
f 6488 6582 6581
f 6581 6582 6583
f 6583 6413 6581
f 6581 6413 6411
f 6411 6410 6581
f 6583 6582 6483
f 6483 6584 6583
f 6583 6584 6585
f 6585 6416 6583
f 6583 6416 6414
f 6414 6413 6583
f 6585 6584 6478
f 6478 6586 6585
f 6585 6586 6587
f 6587 6419 6585
f 6585 6419 6417
f 6417 6416 6585
f 6587 6586 6473
f 6473 6588 6587
f 6587 6588 6589
f 6589 6422 6587
f 6587 6422 6420
f 6420 6419 6587
f 6589 6588 6468
f 6468 6590 6589
f 6589 6590 6591
f 6591 6425 6589
f 6589 6425 6423
f 6423 6422 6589
f 6591 6590 6463
f 6463 6592 6591
f 6591 6592 6593
f 6593 6594 6591
f 6591 6594 6426
f 6426 6425 6591
f 6594 6593 6595
f 6595 6431 6594
f 6594 6431 6427
f 6427 6426 6594
f 6595 6593 6596
f 6596 6597 6595
f 6595 6597 6442
f 6442 6434 6595
f 6595 6434 6432
f 6432 6431 6595
f 6597 6596 6453
f 6453 6445 6597
f 6597 6445 6443
f 6443 6442 6597
f 6596 6593 6592
f 6592 6458 6596
f 6596 6458 6454
f 6454 6453 6596
f 6592 6463 6459
f 6459 6458 6592
f 6590 6468 6464
f 6464 6463 6590
f 6588 6473 6469
f 6469 6468 6588
f 6586 6478 6474
f 6474 6473 6586
f 6584 6483 6479
f 6479 6478 6584
f 6582 6488 6484
f 6484 6483 6582
f 6580 6493 6489
f 6489 6488 6580
f 6578 6498 6494
f 6494 6493 6578
f 6575 6502 6499
f 6499 6498 6575
f 6505 728 734
f 734 6501 6505
f 6497 733 737
f 737 6598 6497
f 6497 6598 6492
f 6492 6491 6497
f 6497 6496 734
f 734 733 6497
f 6598 737 6599
f 6599 6600 6598
f 6598 6600 6601
f 6601 6492 6598
f 6601 6600 6602
f 6602 6603 6601
f 6601 6603 6604
f 6604 6487 6601
f 6601 6487 6486
f 6486 6492 6601
f 6604 6603 6605
f 6605 6606 6604
f 6604 6606 6607
f 6607 6482 6604
f 6604 6482 6481
f 6481 6487 6604
f 6607 6606 6608
f 6608 6609 6607
f 6607 6609 6610
f 6610 6477 6607
f 6607 6477 6476
f 6476 6482 6607
f 6610 6609 6611
f 6611 6612 6610
f 6610 6612 6613
f 6613 6472 6610
f 6610 6472 6471
f 6471 6477 6610
f 6613 6612 6614
f 6614 6615 6613
f 6613 6615 6616
f 6616 6467 6613
f 6613 6467 6466
f 6466 6472 6613
f 6616 6615 6617
f 6617 6618 6616
f 6616 6618 6619
f 6619 6462 6616
f 6616 6462 6461
f 6461 6467 6616
f 6619 6618 6620
f 6620 6621 6619
f 6619 6621 711
f 711 6457 6619
f 6619 6457 6456
f 6456 6462 6619
f 6621 6620 6622
f 6622 6623 6621
f 6621 6623 712
f 712 711 6621
f 6623 6622 6624
f 6624 6625 6623
f 6623 6625 713
f 713 712 6623
f 6625 6624 6626
f 6626 6627 6625
f 6625 6627 6628
f 6628 713 6625
f 6628 6627 5757
f 5757 6629 6628
f 6628 6629 790
f 790 789 6628
f 6628 789 714
f 714 713 6628
f 6629 5757 5754
f 5754 5753 6629
f 6629 5753 5752
f 5752 790 6629
f 6627 6626 5758
f 5758 5757 6627
f 6626 5764 5759
f 5759 5758 6626
f 6626 6624 5766
f 5766 5764 6626
f 6624 6622 5768
f 5768 5766 6624
f 6622 6620 6630
f 6630 5768 6622
f 6630 5772 5769
f 5769 5768 6630
f 6630 6620 6618
f 6618 6617 6630
f 6630 6617 6631
f 6631 5772 6630
f 6631 5777 5773
f 5773 5772 6631
f 6631 6617 6615
f 6615 6614 6631
f 6631 6614 6632
f 6632 5777 6631
f 6632 5782 5778
f 5778 5777 6632
f 6632 6614 6612
f 6612 6611 6632
f 6632 6611 6633
f 6633 5782 6632
f 6633 5787 5783
f 5783 5782 6633
f 6633 6611 6609
f 6609 6608 6633
f 6633 6608 6634
f 6634 5787 6633
f 6634 5792 5788
f 5788 5787 6634
f 6634 6608 6606
f 6606 6605 6634
f 6634 6605 6635
f 6635 5792 6634
f 6635 5797 5793
f 5793 5792 6635
f 6635 6605 6603
f 6603 6602 6635
f 6635 6602 6636
f 6636 5797 6635
f 6636 5802 5798
f 5798 5797 6636
f 6636 6602 6600
f 6600 6599 6636
f 6636 6599 6637
f 6637 5802 6636
f 6637 5807 5803
f 5803 5802 6637
f 6637 6599 737
f 737 736 6637
f 6637 736 735
f 735 5807 6637
f 6457 711 710
f 710 6452 6457
f 6453 6448 6446
f 6446 6445 6453
f 6442 6440 6435
f 6435 6434 6442
f 6386 5940 5938
f 5938 5937 6386
f 6384 6021 5942
f 5942 5941 6384
f 6370 6369 6037
f 6037 6035 6370
f 6369 6365 6364
f 6364 6638 6369
f 6369 6638 6039
f 6039 6037 6369
f 6638 6364 6639
f 6639 6640 6638
f 6638 6640 6041
f 6041 6039 6638
f 6640 6639 6641
f 6641 6642 6640
f 6640 6642 6043
f 6043 6041 6640
f 6642 6641 6643
f 6643 6644 6642
f 6642 6644 6645
f 6645 6043 6642
f 6645 6644 6646
f 6646 6647 6645
f 6645 6647 6055
f 6055 6046 6645
f 6645 6046 6044
f 6044 6043 6645
f 6647 6646 6061
f 6061 6059 6647
f 6647 6059 6056
f 6056 6055 6647
f 6646 6644 6643
f 6643 6648 6646
f 6646 6648 6649
f 6649 6061 6646
f 6649 6648 6650
f 6650 6651 6649
f 6649 6651 6652
f 6652 6064 6649
f 6649 6064 6062
f 6062 6061 6649
f 6652 6651 6653
f 6653 6654 6652
f 6652 6654 6655
f 6655 6656 6652
f 6652 6656 6065
f 6065 6064 6652
f 6656 6655 6657
f 6657 6658 6656
f 6656 6658 6066
f 6066 6065 6656
f 6658 6657 6318
f 6318 6316 6658
f 6658 6316 6068
f 6068 6066 6658
f 6657 6655 6659
f 6659 6660 6657
f 6657 6660 6320
f 6320 6318 6657
f 6660 6659 565
f 565 569 6660
f 6660 569 6322
f 6322 6320 6660
f 6659 6661 566
f 566 565 6659
f 6659 6655 6654
f 6654 6661 6659
f 6661 6662 6663
f 6663 566 6661
f 6661 6654 6653
f 6653 6662 6661
f 6663 6344 6340
f 6340 6339 6663
f 6663 6339 567
f 567 566 6663
f 6663 6662 6664
f 6664 6344 6663
f 6664 6349 6345
f 6345 6344 6664
f 6664 6662 6653
f 6653 6665 6664
f 6664 6665 6666
f 6666 6349 6664
f 6666 6354 6350
f 6350 6349 6666
f 6666 6665 6650
f 6650 6667 6666
f 6666 6667 6668
f 6668 6354 6666
f 6668 6359 6355
f 6355 6354 6668
f 6668 6667 6643
f 6643 6641 6668
f 6668 6641 6639
f 6639 6359 6668
f 6667 6650 6648
f 6648 6643 6667
f 6665 6653 6651
f 6651 6650 6665
f 6639 6364 6360
f 6360 6359 6639
f 6339 6335 570
f 570 567 6339
f 6313 6312 459
f 459 458 6313
f 6313 458 465
f 465 6306 6313
f 6307 6306 465
f 465 6669 6307
f 6307 6669 6670
f 6670 6301 6307
f 6670 6669 453
f 453 452 6670
f 6670 452 442
f 442 441 6670
f 6670 441 443
f 443 6301 6670
f 6669 465 454
f 454 453 6669
f 6288 384 388
f 388 6281 6288
f 6288 6287 385
f 385 384 6288
f 6282 6281 388
f 388 6671 6282
f 6282 6671 6672
f 6672 6274 6282
f 6672 6671 445
f 445 450 6672
f 6672 450 449
f 449 6269 6672
f 6672 6269 6268
f 6268 6274 6672
f 6671 388 387
f 387 445 6671
f 6276 6275 6111
f 6111 6109 6276
f 6275 6271 6270
f 6270 6673 6275
f 6275 6673 6113
f 6113 6111 6275
f 6673 6270 6674
f 6674 6118 6673
f 6673 6118 6115
f 6115 6113 6673
f 6674 6270 6266
f 6266 6265 6674
f 6674 6265 6675
f 6675 6676 6674
f 6674 6676 6119
f 6119 6118 6674
f 6676 6675 6677
f 6677 6678 6676
f 6676 6678 6120
f 6120 6119 6676
f 6678 6677 6679
f 6679 6680 6678
f 6678 6680 6122
f 6122 6120 6678
f 6680 6679 6681
f 6681 6682 6680
f 6680 6682 6124
f 6124 6122 6680
f 6682 6681 6683
f 6683 6129 6682
f 6682 6129 6126
f 6126 6124 6682
f 6683 6681 6684
f 6684 6685 6683
f 6683 6685 6686
f 6686 6132 6683
f 6683 6132 6130
f 6130 6129 6683
f 6686 6685 6687
f 6687 6688 6686
f 6686 6688 6689
f 6689 6135 6686
f 6686 6135 6133
f 6133 6132 6686
f 6689 6688 6690
f 6690 6691 6689
f 6689 6691 6692
f 6692 6138 6689
f 6689 6138 6136
f 6136 6135 6689
f 6692 6691 6693
f 6693 6694 6692
f 6692 6694 6695
f 6695 6696 6692
f 6692 6696 6139
f 6139 6138 6692
f 6696 6695 6697
f 6697 6698 6696
f 6696 6698 6140
f 6140 6139 6696
f 6698 6697 6699
f 6699 6700 6698
f 6698 6700 6142
f 6142 6140 6698
f 6700 6699 6701
f 6701 6702 6700
f 6700 6702 6144
f 6144 6142 6700
f 6702 6701 6703
f 6703 6149 6702
f 6702 6149 6146
f 6146 6144 6702
f 6703 6701 6704
f 6704 6705 6703
f 6703 6705 6706
f 6706 6707 6703
f 6703 6707 6150
f 6150 6149 6703
f 6707 6706 6708
f 6708 6154 6707
f 6707 6154 6151
f 6151 6150 6707
f 6708 6706 6709
f 6709 6710 6708
f 6708 6710 6711
f 6711 6712 6708
f 6708 6712 6155
f 6155 6154 6708
f 6712 6711 6713
f 6713 6714 6712
f 6712 6714 6156
f 6156 6155 6712
f 6714 6713 6715
f 6715 6716 6714
f 6714 6716 6158
f 6158 6156 6714
f 6716 6715 6717
f 6717 6718 6716
f 6716 6718 6160
f 6160 6158 6716
f 6718 6717 6719
f 6719 6165 6718
f 6718 6165 6162
f 6162 6160 6718
f 6719 6717 6720
f 6720 6721 6719
f 6719 6721 6190
f 6190 6722 6719
f 6719 6722 6166
f 6166 6165 6719
f 6722 6190 6188
f 6188 6187 6722
f 6722 6187 6167
f 6167 6166 6722
f 6721 6720 6723
f 6723 6193 6721
f 6721 6193 6191
f 6191 6190 6721
f 6723 6724 6725
f 6725 6196 6723
f 6723 6196 6194
f 6194 6193 6723
f 6723 6720 6726
f 6726 6724 6723
f 6726 6727 6728
f 6728 6724 6726
f 6726 6720 6717
f 6717 6715 6726
f 6726 6715 6713
f 6713 6727 6726
f 6728 6729 6730
f 6730 6731 6728
f 6728 6731 6725
f 6725 6724 6728
f 6728 6727 6732
f 6732 6729 6728
f 6732 6733 6734
f 6734 6729 6732
f 6732 6727 6713
f 6713 6711 6732
f 6732 6711 6710
f 6710 6733 6732
f 6734 6735 6736
f 6736 6737 6734
f 6734 6737 6730
f 6730 6729 6734
f 6734 6733 6738
f 6738 6735 6734
f 6738 6739 6740
f 6740 6735 6738
f 6738 6733 6710
f 6710 6709 6738
f 6738 6709 6741
f 6741 6739 6738
f 6741 6742 6743
f 6743 6739 6741
f 6741 6709 6706
f 6706 6705 6741
f 6741 6705 6704
f 6704 6742 6741
f 6743 6744 6745
f 6745 6746 6743
f 6743 6746 6740
f 6740 6739 6743
f 6743 6742 6747
f 6747 6744 6743
f 6747 6748 6749
f 6749 6744 6747
f 6747 6742 6704
f 6704 6750 6747
f 6747 6750 6751
f 6751 6748 6747
f 6751 6752 6753
f 6753 6748 6751
f 6751 6750 6699
f 6699 6697 6751
f 6751 6697 6695
f 6695 6752 6751
f 6753 6754 6755
f 6755 6756 6753
f 6753 6756 6749
f 6749 6748 6753
f 6753 6752 6757
f 6757 6754 6753
f 6757 6758 6759
f 6759 6754 6757
f 6757 6752 6695
f 6695 6694 6757
f 6757 6694 6693
f 6693 6758 6757
f 6759 6236 6232
f 6232 6231 6759
f 6759 6231 6755
f 6755 6754 6759
f 6759 6758 6760
f 6760 6236 6759
f 6760 6241 6237
f 6237 6236 6760
f 6760 6758 6693
f 6693 6761 6760
f 6760 6761 6762
f 6762 6241 6760
f 6762 6246 6242
f 6242 6241 6762
f 6762 6761 6690
f 6690 6763 6762
f 6762 6763 6764
f 6764 6246 6762
f 6764 6251 6247
f 6247 6246 6764
f 6764 6763 6687
f 6687 6765 6764
f 6764 6765 6766
f 6766 6251 6764
f 6766 6256 6252
f 6252 6251 6766
f 6766 6765 6684
f 6684 6767 6766
f 6766 6767 6768
f 6768 6256 6766
f 6768 6261 6257
f 6257 6256 6768
f 6768 6767 6679
f 6679 6677 6768
f 6768 6677 6675
f 6675 6261 6768
f 6767 6684 6681
f 6681 6679 6767
f 6765 6687 6685
f 6685 6684 6765
f 6763 6690 6688
f 6688 6687 6763
f 6761 6693 6691
f 6691 6690 6761
f 6756 6755 6226
f 6226 6769 6756
f 6756 6769 6770
f 6770 6749 6756
f 6770 6769 6221
f 6221 6771 6770
f 6770 6771 6772
f 6772 6745 6770
f 6770 6745 6744
f 6744 6749 6770
f 6772 6771 6217
f 6217 6773 6772
f 6772 6773 6774
f 6774 6775 6772
f 6772 6775 6746
f 6746 6745 6772
f 6775 6774 6776
f 6776 6777 6775
f 6775 6777 6740
f 6740 6746 6775
f 6777 6776 765
f 765 6736 6777
f 6777 6736 6735
f 6735 6740 6777
f 6776 6774 6778
f 6778 6779 6776
f 6776 6779 761
f 761 765 6776
f 6779 6778 6780
f 6780 6781 6779
f 6779 6781 762
f 762 761 6779
f 6781 6780 6782
f 6782 6783 6781
f 6781 6783 6784
f 6784 762 6781
f 6784 6785 763
f 763 762 6784
f 6784 6783 6786
f 6786 6787 6784
f 6784 6787 6788
f 6788 6785 6784
f 6788 6789 6790
f 6790 6785 6788
f 6788 6787 6200
f 6200 6198 6788
f 6788 6198 6197
f 6197 6789 6788
f 6790 766 763
f 763 6785 6790
f 6790 6789 6725
f 6725 6731 6790
f 6790 6731 6730
f 6730 766 6790
f 6789 6197 6196
f 6196 6725 6789
f 6787 6786 6202
f 6202 6200 6787
f 6786 6783 6782
f 6782 6207 6786
f 6786 6207 6204
f 6204 6202 6786
f 6782 6780 6791
f 6791 6210 6782
f 6782 6210 6208
f 6208 6207 6782
f 6791 6780 6778
f 6778 6792 6791
f 6791 6792 6215
f 6215 6213 6791
f 6791 6213 6211
f 6211 6210 6791
f 6792 6778 6774
f 6774 6773 6792
f 6792 6773 6217
f 6217 6215 6792
f 6771 6221 6218
f 6218 6217 6771
f 6769 6226 6222
f 6222 6221 6769
f 6755 6231 6227
f 6227 6226 6755
f 6750 6704 6701
f 6701 6699 6750
f 6737 6736 765
f 765 764 6737
f 6737 764 766
f 766 6730 6737
f 6675 6265 6262
f 6262 6261 6675
f 6269 449 448
f 448 6264 6269
f 6260 6259 448
f 448 447 6260
f 6230 719 6225
f 6225 6224 6230
f 6225 719 716
f 716 740 6225
f 6225 740 739
f 739 6220 6225
f 6187 6185 6169
f 6169 6167 6187
f 6174 5686 786
f 786 785 6174
f 6107 6105 375
f 375 377 6107
f 6102 6101 373
f 373 372 6102
f 6089 6088 345
f 345 344 6089
f 6055 6053 6047
f 6047 6046 6055
f 6021 6019 5944
f 5944 5942 6021
f 6014 440 433
f 433 6011 6014
f 6005 5971 5969
f 5969 5968 6005
f 6002 406 431
f 431 435 6002
f 6002 6001 404
f 404 406 6002
f 5997 5979 5975
f 5975 5973 5997
f 5993 5982 5980
f 5980 5979 5993
f 5968 5964 5962
f 5962 5961 5968
f 5928 5926 683
f 683 682 5928
f 5926 5924 684
f 684 683 5926
f 5876 562 561
f 561 589 5876
f 5853 758 757
f 757 6793 5853
f 5853 6793 5848
f 5848 5847 5853
f 5853 5852 1673
f 1673 758 5853
f 6793 757 759
f 759 6794 6793
f 6793 6794 6795
f 6795 5848 6793
f 6795 6794 6796
f 6796 6797 6795
f 6795 6797 6798
f 6798 5843 6795
f 6795 5843 5842
f 5842 5848 6795
f 6798 6797 6799
f 6799 6800 6798
f 6798 6800 6801
f 6801 5838 6798
f 6798 5838 5837
f 5837 5843 6798
f 6801 6800 6802
f 6802 6803 6801
f 6801 6803 810
f 810 5833 6801
f 6801 5833 5832
f 5832 5838 6801
f 6803 6802 1648
f 1648 6804 6803
f 6803 6804 811
f 811 810 6803
f 6804 1648 1644
f 1644 1643 6804
f 6804 1643 816
f 816 811 6804
f 6802 1653 1649
f 1649 1648 6802
f 6802 6800 6799
f 6799 1653 6802
f 6799 1658 1654
f 1654 1653 6799
f 6799 6797 6796
f 6796 1658 6799
f 6796 1663 1659
f 1659 1658 6796
f 6796 6794 759
f 759 1663 6796
f 5833 810 809
f 809 5828 5833
f 5821 813 6805
f 6805 6806 5821
f 5821 6806 5816
f 5816 5815 5821
f 5821 5820 814
f 814 813 5821
f 6806 6805 6807
f 6807 6808 6806
f 6806 6808 6809
f 6809 5816 6806
f 6809 6808 6810
f 6810 6811 6809
f 6809 6811 6812
f 6812 5811 6809
f 6809 5811 5810
f 5810 5816 6809
f 6812 6811 6813
f 6813 6814 6812
f 6812 6814 6815
f 6815 5806 6812
f 6812 5806 5805
f 5805 5811 6812
f 6815 6814 6816
f 6816 6817 6815
f 6815 6817 6818
f 6818 5801 6815
f 6815 5801 5800
f 5800 5806 6815
f 6818 6817 6819
f 6819 6820 6818
f 6818 6820 6821
f 6821 5796 6818
f 6818 5796 5795
f 5795 5801 6818
f 6821 6820 6822
f 6822 6823 6821
f 6821 6823 6824
f 6824 5791 6821
f 6821 5791 5790
f 5790 5796 6821
f 6824 6823 6825
f 6825 6826 6824
f 6824 6826 6827
f 6827 5786 6824
f 6824 5786 5785
f 5785 5791 6824
f 6827 6826 6828
f 6828 6829 6827
f 6827 6829 6830
f 6830 5781 6827
f 6827 5781 5780
f 5780 5786 6827
f 6830 6829 6831
f 6831 6832 6830
f 6830 6832 828
f 828 5776 6830
f 6830 5776 5775
f 5775 5781 6830
f 6832 6831 6833
f 6833 6834 6832
f 6832 6834 829
f 829 828 6832
f 6834 6833 6835
f 6835 5763 6834
f 6834 5763 832
f 832 829 6834
f 6835 6836 872
f 872 871 6835
f 6835 871 5761
f 5761 5763 6835
f 6835 6833 6837
f 6837 6836 6835
f 6837 6838 6839
f 6839 6836 6837
f 6837 6833 6831
f 6831 6840 6837
f 6837 6840 6841
f 6841 6838 6837
f 6841 6842 6843
f 6843 6838 6841
f 6841 6840 6828
f 6828 6844 6841
f 6841 6844 6845
f 6845 6842 6841
f 6845 6846 6847
f 6847 6842 6845
f 6845 6844 6825
f 6825 6848 6845
f 6845 6848 6849
f 6849 6846 6845
f 6849 6850 6851
f 6851 6846 6849
f 6849 6848 6822
f 6822 6852 6849
f 6849 6852 6853
f 6853 6850 6849
f 6853 6854 6855
f 6855 6850 6853
f 6853 6852 6819
f 6819 6856 6853
f 6853 6856 6857
f 6857 6854 6853
f 6857 6858 6859
f 6859 6854 6857
f 6857 6856 6816
f 6816 6860 6857
f 6857 6860 6861
f 6861 6858 6857
f 6861 1606 1605
f 1605 6858 6861
f 6861 6860 6813
f 6813 6862 6861
f 6861 6862 1608
f 1608 1606 6861
f 6862 6813 6811
f 6811 6810 6862
f 6862 6810 1610
f 1610 1608 6862
f 6860 6816 6814
f 6814 6813 6860
f 6859 1604 1597
f 1597 6863 6859
f 6859 6863 6855
f 6855 6854 6859
f 6859 6858 1605
f 1605 1604 6859
f 6863 1597 1595
f 1595 1594 6863
f 6863 1594 6864
f 6864 6855 6863
f 6864 1594 1592
f 1592 1591 6864
f 6864 1591 6865
f 6865 6851 6864
f 6864 6851 6850
f 6850 6855 6864
f 6865 1591 1589
f 1589 1588 6865
f 6865 1588 6866
f 6866 6847 6865
f 6865 6847 6846
f 6846 6851 6865
f 6866 1588 1586
f 1586 1585 6866
f 6866 1585 6867
f 6867 6843 6866
f 6866 6843 6842
f 6842 6847 6866
f 6867 1585 1583
f 1583 6868 6867
f 6867 6868 6869
f 6869 6839 6867
f 6867 6839 6838
f 6838 6843 6867
f 6869 6868 1580
f 1580 868 6869
f 6869 868 864
f 864 872 6869
f 6869 872 6836
f 6836 6839 6869
f 6868 1583 1581
f 1581 1580 6868
f 6856 6819 6817
f 6817 6816 6856
f 6852 6822 6820
f 6820 6819 6852
f 6848 6825 6823
f 6823 6822 6848
f 6844 6828 6826
f 6826 6825 6844
f 6840 6831 6829
f 6829 6828 6840
f 6810 6808 6807
f 6807 1610 6810
f 6807 1613 1611
f 1611 1610 6807
f 6807 6805 1615
f 1615 1613 6807
f 6805 813 812
f 812 1615 6805
f 5812 5808 5807
f 5807 735 5812
f 5776 828 827
f 827 5771 5776
f 5752 743 742
f 742 790 5752
f 5752 5749 5747
f 5747 743 5752
f 5747 5746 738
f 738 743 5747
f 5746 5745 744
f 744 738 5746
f 5698 5695 5692
f 5692 5691 5698
f 5694 2749 2748
f 2748 2753 5694
f 5694 2753 692
f 692 691 5694
f 5684 5683 782
f 782 786 5684
f 5538 5130 5128
f 5128 5127 5538
f 5434 5432 241
f 241 247 5434
f 5432 5429 242
f 242 241 5432
f 5426 5424 243
f 243 242 5426
f 5424 5422 244
f 244 243 5424
f 5420 5418 5417
f 5417 168 5420
f 5377 5374 105
f 105 108 5377
f 5186 119 118
f 118 5181 5186
f 5182 5179 103
f 103 102 5182
f 5176 5175 104
f 104 103 5176
f 5166 5164 5152
f 5152 5150 5166
f 5143 264 263
f 263 270 5143
f 5143 270 269
f 269 5139 5143
f 5143 221 220
f 220 264 5143
f 5083 5082 5009
f 5009 5008 5083
f 5082 5076 5074
f 5074 6870 5082
f 5082 6870 5011
f 5011 5009 5082
f 6870 5074 5072
f 5072 5071 6870
f 6870 5071 5013
f 5013 5011 6870
f 5081 250 249
f 249 5078 5081
f 5071 5067 5066
f 5066 5013 5071
f 5070 5069 217
f 217 172 5070
f 5066 5062 5018
f 5018 5016 5066
f 5066 5016 5014
f 5014 5013 5066
f 5058 115 114
f 114 5055 5058
f 5052 5051 114
f 114 113 5052
f 5004 5002 4608
f 4608 4607 5004
f 4990 4986 4650
f 4650 4648 4990
f 4990 4648 4646
f 4646 4645 4990
f 4989 203 206
f 206 4985 4989
f 4983 4982 206
f 206 200 4983
f 4977 4661 4657
f 4657 4656 4977
f 4970 124 4965
f 4965 4964 4970
f 4967 4966 4668
f 4668 4667 4967
f 4966 4962 144
f 144 147 4966
f 4966 147 4670
f 4670 4668 4966
f 4912 4905 4701
f 4701 4698 4912
f 4901 4706 4703
f 4703 4700 4901
f 4891 4890 4711
f 4711 4708 4891
f 4890 4886 4885
f 4885 51 4890
f 4890 51 48
f 48 4711 4890
f 4885 4881 4788
f 4788 4787 4885
f 4885 4787 49
f 49 51 4885
f 4877 42 41
f 41 4874 4877
f 4871 4870 39
f 39 43 4871
f 4685 4682 4681
f 4681 139 4685
f 4681 6871 140
f 140 139 4681
f 4681 4679 4675
f 4675 6871 4681
f 6871 4672 143
f 143 140 6871
f 6871 4675 4673
f 4673 4672 6871
f 4672 4670 147
f 147 143 4672
f 4639 4637 4621
f 4621 4619 4639
f 4635 4625 4622
f 4622 4621 4635
f 4631 4628 4626
f 4626 4625 4631
f 4624 336 321
f 321 320 4624
f 4587 4585 4584
f 4584 428 4587
f 4583 4582 338
f 338 337 4583
f 4573 334 333
f 333 4568 4573
f 4544 4540 357
f 357 353 4544
f 2945 285 290
f 290 6872 2945
f 2945 6872 2940
f 2940 2939 2945
f 2945 2944 286
f 286 285 2945
f 6872 290 294
f 294 6873 6872
f 6872 6873 6874
f 6874 2940 6872
f 6874 6873 211
f 211 210 6874
f 6874 210 209
f 209 2935 6874
f 6874 2935 2934
f 2934 2940 6874
f 6873 294 293
f 293 211 6873
f 2935 209 2930
f 2930 2929 2935
f 2906 83 82
f 82 2905 2906
f 2869 2865 157
f 157 156 2869
f 2861 2860 158
f 158 157 2861
f 2860 2856 194
f 194 186 2860
f 2860 186 161
f 161 158 2860
f 2846 2845 6875
f 6875 196 2846
f 6875 2845 6876
f 6876 2513 6875
f 6875 2513 2511
f 2511 2510 6875
f 6875 2510 191
f 191 196 6875
f 6876 2845 2841
f 2841 2840 6876
f 6876 2840 6877
f 6877 2516 6876
f 6876 2516 2514
f 2514 2513 6876
f 6877 2840 2837
f 2837 304 6877
f 6877 304 303
f 303 2519 6877
f 6877 2519 2517
f 2517 2516 6877
f 2828 2530 2528
f 2528 2527 2828
f 2827 236 235
f 235 2823 2827
f 2824 2533 2531
f 2531 2530 2824
f 2821 2536 2534
f 2534 2533 2821
f 2820 2819 235
f 235 234 2820
f 2817 2539 2537
f 2537 2536 2817
f 2813 2542 2540
f 2540 2539 2813
f 2812 314 313
f 313 2808 2812
f 2809 2545 2543
f 2543 2542 2809
f 2806 2548 2546
f 2546 2545 2806
f 2805 2804 313
f 313 312 2805
f 2802 2551 2549
f 2549 2548 2802
f 2798 2554 2552
f 2552 2551 2798
f 2794 2557 2555
f 2555 2554 2794
f 2790 2560 2558
f 2558 2557 2790
f 2774 2571 2568
f 2568 2566 2774
f 2770 2574 2572
f 2572 2571 2770
f 2766 2577 2575
f 2575 2574 2766
f 2762 2580 2578
f 2578 2577 2762
f 2758 2583 2581
f 2581 2580 2758
f 2757 692 2753
f 2753 2752 2757
f 2754 2586 2584
f 2584 2583 2754
f 2750 2589 2587
f 2587 2586 2750
f 2737 2736 751
f 751 750 2737
f 2732 2606 2603
f 2603 2601 2732
f 2728 2609 2607
f 2607 2606 2728
f 2724 2612 2610
f 2610 2609 2724
f 2720 2615 2613
f 2613 2612 2720
f 2690 2645 2643
f 2643 2642 2690
f 2686 2649 2646
f 2646 2645 2686
f 2682 2652 2650
f 2650 2649 2682
f 2524 2522 305
f 305 302 2524
f 2520 2519 303
f 303 305 2520
f 2510 2507 193
f 193 191 2510
f 2504 2503 188
f 188 192 2504
f 2225 2224 793
f 793 796 2225
f 7093 6878 398
f 7093 398 392
f 7093 392 7078
f 7093 7070 6878
f 6878 6879 6880
f 6880 398 6878
f 6880 6881 479
f 479 483 6880
f 6880 483 395
f 395 398 6880
f 6880 6879 6882
f 6882 6881 6880
f 6882 514 517
f 517 6881 6882
f 6882 6879 466
f 466 6883 6882
f 6882 6883 515
f 515 514 6882
f 6883 501 500
f 500 515 6883
f 6881 517 480
f 480 479 6881
f 2094 2092 468
f 468 472 2094
f 2092 2090 469
f 469 468 2092
f 2063 623 622
f 622 6884 2063
f 2063 6884 2058
f 2058 2057 2063
f 6884 622 621
f 621 6885 6884
f 6884 6885 6886
f 6886 2058 6884
f 6886 6885 6887
f 6887 6888 6886
f 6886 6888 6889
f 6889 2053 6886
f 6886 2053 2052
f 2052 2058 6886
f 6889 6888 6890
f 6890 6891 6889
f 6889 6891 593
f 593 2048 6889
f 6889 2048 2047
f 2047 2053 6889
f 6891 6890 6892
f 6892 6893 6891
f 6891 6893 592
f 592 593 6891
f 6892 6894 503
f 503 502 6892
f 6892 6890 6895
f 6895 6894 6892
f 6895 6896 510
f 510 6894 6895
f 6895 6890 6888
f 6888 6887 6895
f 6895 6887 6897
f 6897 6896 6895
f 6897 573 572
f 572 6896 6897
f 6897 6887 6885
f 6885 621 6897
f 6897 621 620
f 620 573 6897
f 6896 572 511
f 511 510 6896
f 6894 510 509
f 509 503 6894
f 2048 593 591
f 591 2043 2048
f 2035 2031 492
f 492 491 2035
f 2021 2018 496
f 496 495 2021
f 2013 2009 520
f 520 524 2013
f 1890 1024 1023
f 1023 1885 1890
f 1886 1883 1147
f 1147 1139 1886
f 1795 1793 1784
f 1784 1782 1795
f 1737 921 926
f 926 939 1737
f 1734 1733 924
f 924 923 1734
f 1711 1708 1704
f 1704 1703 1711
f 1693 1691 670
f 670 669 1693
f 1688 1687 674
f 674 673 1688
f 1673 1671 754
f 754 758 1673
f 1664 1663 759
f 759 756 1664
f 1643 1639 1638
f 1638 816 1643
f 1638 1634 1619
f 1619 1618 1638
f 1638 1618 817
f 817 816 1638
f 1633 888 887
f 887 1630 1633
f 1604 1600 1598
f 1598 1597 1604
f 1580 1578 869
f 869 868 1580
f 1576 1575 865
f 865 869 1576
f 1564 1562 1082
f 1082 1078 1564
f 1560 1128 1079
f 1079 1082 1560
f 1558 1556 1555
f 1555 6898 1558
f 1558 6898 1129
f 1129 1128 1558
f 6898 1555 1109
f 1109 1108 6898
f 6898 1108 1110
f 1110 1129 6898
f 1555 1552 1126
f 1126 1109 1555
f 1554 1356 1210
f 1210 1209 1554
f 1549 1044 1043
f 1043 1127 1549
f 1539 1089 1033
f 1033 1087 1539
f 1537 1536 1090
f 1090 1089 1537
f 1478 1474 1472
f 1472 1471 1478
f 1435 1433 1005
f 1005 1006 1435
f 1425 1423 1422
f 1422 895 1425
f 1401 1159 1158
f 1158 1396 1401
f 1387 1167 1170
f 1170 1169 1387
f 1383 1169 1152
f 1152 1151 1383
f 1368 1237 1236
f 1236 1363 1368
f 1354 1271 1218
f 1218 1211 1354
f 1343 1291 1290
f 1290 1272 1343
f 1339 1287 1286
f 1286 1291 1339
f 1335 1281 1280
f 1280 1287 1335
f 1331 1317 1283
f 1283 1282 1331
f 1325 1324 1265
f 1265 1262 1325
f 1317 1313 1284
f 1284 1283 1317
f 1309 1275 1274
f 1274 1284 1309
f 1195 1194 1105
f 1105 1104 1195
f 1172 1170 1167
f 1167 1165 1172
f 1135 1134 982
f 982 981 1135
f 1110 1042 1041
f 1041 1081 1110
f 1037 1029 1036
f 1036 1026 1037
f 951 852 851
f 851 945 951
f 933 917 916
f 916 928 933
f 929 928 916
f 916 915 929
f 911 907 858
f 858 857 911
f 900 899 837
f 837 836 900
f 741 740 716
f 716 715 741
f 676 6899 6900
f 6900 671 676
f 676 675 646
f 646 645 676
f 676 645 648
f 648 6899 676
f 6900 582 6901
f 6901 6902 6900
f 6900 6902 672
f 672 671 6900
f 6900 6899 583
f 583 582 6900
f 6902 6901 618
f 618 617 6902
f 6902 617 616
f 616 672 6902
f 6901 547 546
f 546 618 6901
f 6901 582 548
f 548 547 6901
f 6899 648 584
f 584 583 6899
f 648 628 627
f 627 584 648
f 642 536 535
f 535 634 642
f 635 634 535
f 535 534 635
f 630 555 554
f 554 552 630
f 630 552 549
f 549 581 630
f 630 581 584
f 584 627 630
f 625 574 573
f 573 620 625
f 604 598 523
f 523 525 604
f 598 596 524
f 524 523 598
f 560 550 552
f 552 554 560
f 551 416 418
f 418 530 551
f 544 439 438
f 438 540 544
f 541 540 438
f 438 440 541
f 515 500 503
f 503 509 515
f 7085 501 6938
f 483 482 396
f 396 395 483
f 452 451 444
f 444 442 452
f 451 450 445
f 445 444 451
f 432 431 406
f 406 403 432
f 415 352 351
f 351 413 415
f 413 351 350
f 350 408 413
f 271 270 263
f 263 265 271
f 264 220 258
f 258 260 264
f 261 260 258
f 258 255 261
f 258 220 215
f 215 256 258
f 257 256 215
f 215 214 257
f 224 223 207
f 207 205 224
f 219 176 173
f 173 216 219
f 217 216 173
f 173 172 217
f 135 120 112
f 112 117 135
f 129 91 90
f 90 122 129
f 123 122 90
f 90 89 123
f 61 24 23
f 23 56 61
f 36 35 30
f 30 32 36
f 31 19 25
f 25 27 31
f 4098 4097 7103
f 7103 7101 4098
f 4462 4456 7104
f 4462 7104 7099
f 4462 7099 2040
f 4096 4095 7095
f 4096 7095 7105
f 4096 7105 4097
f 2909 7071 7073
f 7073 2914 2909
f 2492 7069 7082
f 2492 7082 2106
f 2492 2106 2105
f 2488 7097 7067
f 7067 2489 2488
f 2909 2910 2913
f 2909 2913 7065
f 2909 7065 7063
f 4422 4421 7074
f 4422 7074 7062
f 4422 7062 4423
f 4422 4423 7060
f 4422 7060 7061
f 4422 7061 4424
f 3793 7058 7059
f 3793 7059 3794
f 3793 3794 3795
f 4320 7050 7054
f 7054 4321 4320
f 4486 4489 7049
f 7049 7056 4486
f 4486 7056 7045
f 7045 2499 4486
f 4693 7043 7041
f 4693 7041 4694
f 4693 4694 4695
f 2488 2317 2315
f 2488 2315 7031
f 2488 7031 7097
f 4908 4913 7039
f 4908 7039 7025
f 4908 7025 4910
f 4515 7024 7027
f 4515 7027 4518
f 4515 4518 4516
f 590 592 7022
f 7022 7098 590
f 4512 7029 7021
f 4512 7021 4515
f 4512 4515 4513
f 4515 7021 7024
f 2107 2106 7082
f 7082 7020 2107
f 4512 7018 7029
f 2107 7020 7017
f 2107 7017 7072
f 2107 7072 390
f 2107 390 394
f 4508 7015 7018
f 4508 7018 4512
f 4508 4512 4509
f 590 7098 7012
f 7012 591 590
f 2042 2043 591
f 2042 591 7012
f 2042 7012 7057
f 3944 7008 7007
f 3944 7007 3945
f 3944 3945 3946
f 2037 7011 7006
f 7006 2038 2037
f 3336 3340 7055
f 7055 3337 3336
f 2037 2036 2040
f 2037 2040 7003
f 2037 7003 7011
f 3939 3942 7001
f 3939 7001 7005
f 3939 7005 3940
f 4951 4952 7028
f 7028 6998 4951
f 4458 4460 4461
f 4458 4461 6996
f 4458 6996 7002
f 4319 6991 6995
f 6995 4318 4319
f 4319 4250 7083
f 7083 6991 4319
f 4951 6998 6990
f 6990 4692 4951
f 6878 7070 6989
f 6878 6989 466
f 6878 466 6879
f 4461 6988 6996
f 4508 4507 6986
f 6986 7015 4508
f 4507 4491 6992
f 6992 6986 4507
f 3943 6984 7087
f 3943 7087 3896
f 3943 3896 3895
f 4440 4441 6983
f 4440 6983 7000
f 4440 7000 4245
f 2113 2041 6993
f 6993 6981 2113
f 4917 6985 6980
f 6980 4920 4917
f 4317 4318 6999
f 4317 6999 6976
f 4317 6976 4315
f 2110 2112 2113
f 2110 2113 6981
f 2110 6981 6974
f 4240 6973 7096
f 4240 7096 4067
f 4240 4067 4066
f 4240 4242 7089
f 7089 6973 4240
f 2313 2108 6971
f 6971 7046 2313
f 6893 6892 502
f 6893 502 7084
f 6893 7084 6970
f 6893 6970 7022
f 7022 592 6893
f 4147 7100 6968
f 6968 3790 4147
f 4921 4920 6965
f 4921 6965 6982
f 4921 6982 4926
f 4109 6962 6978
f 6978 4111 4109
f 4111 6978 6960
f 6960 4112 4111
f 4112 6960 7038
f 4112 7038 4094
f 4112 4094 4092
f 2502 2491 7075
f 7075 6959 2502
f 4147 4113 6953
f 6953 7100 4147
f 2110 6974 6952
f 4148 6950 6947
f 4148 6947 4149
f 4148 4149 4150
f 4063 4067 6944
f 4063 6944 6951
f 4063 6951 4064
f 4098 7101 6943
f 4098 6943 4099
f 4098 4099 3856
f 4099 6943 6945
f 2042 7042 6940
f 2042 6940 2044
f 2042 2044 2045
f 4688 4691 6956
f 6956 6939 4688
f 6883 466 6972
f 6883 6972 6938
f 6883 6938 501
f 4100 6957 6936
f 4100 6936 4101
f 4100 4101 4102
f 4108 6935 7030
f 4108 7030 1056
f 4108 1056 1055
f 5247 6934 7010
f 5247 7010 4916
f 5247 4916 4919
f 4103 4101 6937
f 4103 6937 6933
f 4103 6933 4108
f 4108 6933 6935
f 4688 6939 6932
f 6932 2908 4688
f 4099 6945 6931
f 6931 3859 4099
f 4683 2908 6930
f 4683 6930 7065
f 4683 7065 2913
f 4115 4068 6942
f 6942 6924 4115
f 3943 1051 6922
f 6922 6979 3943
f 3792 3791 6923
f 6923 6920 3792
f 3792 6920 6928
f 6928 3339 3792
f 4246 6926 6919
f 6919 4247 4246
f 4247 6919 6921
f 6921 4248 4247
f 4519 6927 6918
f 6918 4520 4519
f 4520 6918 7044
f 7044 4490 4520
f 2316 2314 6917
f 6917 6969 2316
f 2313 6916 6917
f 2313 6917 2314
f 2313 2314 2311
f 2313 7046 6916
f 696 6913 6915
f 6915 697 696
f 5247 5250 6911
f 6911 6934 5247
f 696 6910 6913
f 4461 494 505
f 4461 505 6909
f 4461 6909 6988
f 4458 7002 6907
f 696 698 6906
f 6906 6910 696
f 3343 3341 6967
f 3343 6967 6906
f 3343 6906 698

