# https://github.com/mikedh/trimesh
v -0.02059030 0.15621929 0.06463651
v -0.02832952 0.19389130 0.12144184
v -0.00000149 0.21487938 0.03816243
v -0.02281933 0.24666388 0.16773847
v 0.02712767 0.28315729 0.05581542
v -0.01586477 0.11845539 0.03942763
v 0.01958993 0.15046866 0.02503834
v 0.08980944 0.17389543 -0.01393309
v 0.21064198 0.28239617 -0.02544668
v 0.17826800 0.23326245 -0.04804374
v -0.00928537 0.28692782 0.19566908
v 0.07803446 0.35084841 0.19107231
v 0.09561852 0.36057407 0.10799219
v 0.10506950 0.34637856 0.05652446
v 0.16195256 0.38350326 0.10099322
v 0.20543408 -0.01090094 0.00790907
v 0.24282196 -0.02258369 0.06784826
v 0.22179475 0.04751471 0.00140591
v 0.28672758 -0.01631248 0.12036044
v 0.27351007 0.08514772 0.02875740
v 0.18098259 -0.01882485 -0.02723236
v 0.20741269 0.01755406 -0.04488710
v 0.23949224 0.07337764 -0.10807004
v 0.36994761 0.17101455 -0.13714120
v 0.31235829 0.14792509 -0.15785384
v 0.32018322 -0.00424889 0.15112643
v 0.40411714 0.05889983 0.13186270
v 0.37844214 0.11561644 0.06511527
v 0.35576499 0.13771427 0.01542668
v 0.43518853 0.14492612 0.03472046
v -0.10338710 0.19297326 -0.24505292
v -0.07394876 0.23545620 -0.19883429
v -0.11235281 0.23912513 -0.27260095
v -0.04240140 0.28790194 -0.17260328
v -0.09584147 0.30911443 -0.27319941
v -0.11723427 0.15832555 -0.27514687
v -0.11670101 0.18804868 -0.30602655
v -0.11719919 0.21850690 -0.37179703
v -0.08012137 0.33215094 -0.45378336
v -0.10301317 0.28064597 -0.44232091
v -0.01472838 0.33783612 -0.17014292
v 0.02265154 0.41311872 -0.23381230
v -0.03288279 0.41011009 -0.28888628
v -0.06813255 0.38647911 -0.33353958
v -0.00938510 0.43759075 -0.35908347
v 0.10753213 0.12906821 0.05412885
v 0.14683881 0.18401170 0.04786545
v 0.08426126 0.15357216 0.07309512
v 0.17299394 0.24717271 0.04497332
v 0.08243815 0.21911544 0.07444447
v 0.09111286 0.08796856 0.04901216
v 0.06512412 0.11433259 0.04721879
v 0.00494118 0.14059548 0.03291745
v -0.06499235 0.26535109 0.01271558
v -0.06151653 0.20799677 0.02226533
v 0.18294431 0.29243252 0.04298455
v 0.13367897 0.36705813 0.01715931
v 0.07783003 0.33063331 0.04124924
v 0.04470674 0.29624987 0.05075481
v 0.04152210 0.37016979 0.01177577
v 0.06012854 -0.07974385 -0.08047237
v 0.12054067 -0.02150404 -0.09932797
v 0.03974181 -0.03500544 -0.06474221
v 0.16998103 0.05298693 -0.11016846
v 0.05093627 0.04940952 -0.07793598
v 0.02851115 -0.12910573 -0.07374024
v -0.00002625 -0.09158366 -0.07841984
v -0.07648079 -0.04438451 -0.07682503
v -0.13992086 0.11577310 -0.13309962
v -0.14820139 0.05390395 -0.09496823
v 0.19373427 0.11895493 -0.11857165
v 0.14917724 0.22949995 -0.15471035
v 0.06683365 0.20048766 -0.11965942
v 0.00897400 0.15932511 -0.10384443
v 0.00399216 0.25880936 -0.15405056
v 0.09334520 -0.16298535 -0.00189804
v 0.15670642 -0.13937493 0.01662949
v 0.08390442 -0.18199874 0.03835339
v 0.21177101 -0.12145580 0.05059636
v 0.11163487 -0.17128660 0.08584725
v 0.05373991 -0.17536923 -0.02551126
v 0.03686811 -0.16090791 0.00003042
v -0.01824773 -0.13921463 0.03363445
v -0.03921597 -0.08785853 0.13580325
v -0.06130553 -0.11071634 0.10216255
v 0.24188022 -0.11293679 0.07871913
v 0.21825828 -0.07671124 0.14130367
v 0.14878194 -0.11752258 0.15058097
v 0.09945715 -0.13761048 0.14441615
v 0.12033428 -0.08368959 0.18153331
v -0.35136151 0.10303929 -0.40609697
v -0.38531420 0.09687211 -0.46880728
v -0.38817200 0.14352565 -0.40227684
v -0.43227917 0.10201041 -0.52443755
v -0.45440894 0.16591476 -0.43271592
v -0.31620193 0.09409975 -0.36353728
v -0.35516971 0.10802348 -0.34569710
v -0.40964651 0.12158513 -0.28688797
v -0.56744629 0.14431442 -0.26426962
v -0.50646031 0.13771528 -0.24328868
v -0.47551981 0.10931896 -0.55527008
v -0.58027148 0.12252468 -0.53136796
v -0.57117975 0.16377519 -0.46750063
v -0.55440807 0.17452185 -0.41872168
v -0.63624424 0.15409108 -0.43314269
v -0.28182733 0.32787508 -0.51156867
v -0.22580527 0.33436134 -0.56602132
v -0.30168977 0.37893254 -0.53081512
v -0.18342607 0.35428616 -0.62331158
v -0.28976581 0.41759583 -0.59215719
v -0.31932482 0.30691600 -0.47427556
v -0.34999508 0.33117080 -0.49657851
v -0.42216441 0.35560080 -0.52143848
v -0.48600674 0.41595182 -0.63681507
v -0.48924872 0.39496419 -0.58245611
v -0.16969553 0.37414977 -0.67655730
v -0.22782239 0.40469050 -0.76029694
v -0.29065457 0.43838048 -0.71397829
v -0.33896655 0.44728497 -0.67196798
v -0.35176498 0.44275388 -0.75964040
v -0.25128612 0.19291678 -0.41835803
v -0.17535435 0.16837299 -0.40346175
v -0.22432287 0.24261539 -0.43714631
v -0.09186634 0.17786686 -0.37953076
v -0.14887986 0.26756981 -0.45484522
v -0.30649647 0.19393863 -0.42742461
v -0.29024020 0.22461534 -0.45875648
v -0.28771365 0.26653114 -0.52584970
v -0.18329367 0.31146649 -0.63235009
v -0.24265820 0.30692673 -0.60721266
v -0.02435598 0.19604430 -0.38106379
v 0.03552459 0.22397040 -0.47111470
v -0.02429053 0.28236991 -0.50180393
v -0.08305512 0.30532297 -0.52647138
v -0.01241018 0.28397632 -0.57565296
v -0.24039944 0.38269156 -0.49205711
v -0.16442174 0.36304402 -0.51304251
v -0.22252619 0.43698329 -0.50670224
v -0.08467695 0.36595812 -0.53214109
v -0.16080271 0.46594444 -0.54703581
v -0.29675770 0.38292474 -0.47887328
v -0.29590222 0.41913769 -0.50688708
v -0.32132268 0.47358108 -0.55637527
v -0.27292156 0.55130213 -0.67859256
v -0.31430548 0.53613991 -0.63082403
v -0.03309824 0.37717727 -0.56130636
v -0.01967849 0.42053041 -0.65030080
v -0.07842503 0.48043001 -0.63654608
v -0.13397476 0.51165360 -0.62508744
v -0.09546612 0.51060760 -0.70464563
v -0.06379181 -0.36897162 0.21998189
v -0.08991690 -0.46205154 0.26355138
v -0.01269026 -0.37194186 0.25142926
v -0.09160149 -0.56334007 0.30283147
v 0.02193961 -0.45486742 0.29672503
v -0.05175912 -0.31623670 0.18006700
v -0.00130519 -0.32885632 0.19485119
v 0.09101973 -0.33244994 0.19032568
v 0.23735537 -0.44390851 0.24596390
v 0.20458582 -0.37674510 0.21223679
v -0.07521340 -0.64599770 0.32340050
v 0.02936026 -0.73621160 0.33005285
v 0.08486590 -0.63035876 0.32824832
v 0.11354771 -0.54191828 0.31782061
v 0.16161345 -0.66372412 0.32442230
v 0.01797310 0.31640297 -0.05888019
v 0.10702022 0.33478266 -0.04776325
v 0.00646454 0.40157840 -0.08139965
v 0.18927023 0.37874681 -0.04826174
v 0.06605947 0.48572472 -0.11362956
v -0.04392533 0.29286259 -0.06315407
v -0.05971410 0.34682611 -0.10694358
v -0.08169250 0.39768827 -0.20215240
v -0.00814878 0.50854039 -0.36917683
v -0.06362458 0.46605304 -0.32480371
v 0.24296372 0.42637360 -0.05950240
v 0.28452241 0.53186423 -0.16303542
v 0.18958457 0.56237304 -0.20301560
v 0.11042618 0.56050712 -0.23371771
v 0.19359733 0.57852888 -0.30961868
v -0.12370767 0.39865205 0.11944914
v -0.16546366 0.46184224 0.08600585
v -0.11341777 0.42666563 0.16417962
v -0.20862988 0.52313280 0.07615878
v -0.13858974 0.49090034 0.18302456
v -0.10327502 0.34530410 0.14717926
v -0.10410223 0.34573132 0.18985921
v -0.10502651 0.31987977 0.26610601
v -0.15066123 0.35207081 0.38379729
v -0.12185199 0.31391403 0.35660952
v -0.24195541 0.57204872 0.08525774
v -0.28364643 0.59270239 0.17185919
v -0.22242939 0.55726731 0.22764371
v -0.17760970 0.51157302 0.26964611
v -0.24546590 0.53065383 0.31044194
v -0.20761766 0.48685136 -0.04199547
v -0.25994113 0.49400923 -0.10014592
v -0.24157220 0.52509189 -0.01195776
v -0.30951637 0.51623410 -0.15058748
v -0.31037399 0.55227703 -0.03824709
v -0.17524362 0.46484357 0.01166894
v -0.21371719 0.46556053 0.04475581
v -0.27209744 0.44683281 0.09758669
v -0.42117992 0.45730555 0.11649743
v -0.36433339 0.43695396 0.13530722
v -0.34461659 0.53668213 -0.17946996
v -0.43163532 0.54005086 -0.15635212
v -0.42064470 0.55444938 -0.08141211
v -0.40552998 0.55849242 -0.01843939
v -0.48045385 0.54393673 -0.04636149
v -0.00654791 0.52076232 -0.16380517
v -0.03402394 0.58278167 -0.21131514
v 0.02368907 0.56305426 -0.13106178
v -0.05441580 0.64896679 -0.24482863
v 0.01992923 0.64222735 -0.13902645
v -0.00036758 0.47542980 -0.11554141
v -0.00810661 0.50162572 -0.07716189
v -0.03266537 0.51978540 -0.00858618
v -0.05894906 0.62003469 0.06596069
v -0.04648730 0.56583130 0.06373987
v -0.06736887 0.70478082 -0.25799739
v -0.09081624 0.77715403 -0.20009713
v -0.02955641 0.75649780 -0.13951525
v -0.00977964 0.71553904 -0.08121302
v -0.06124593 0.77754128 -0.06944297
v -0.15201914 -0.19680899 -0.14623305
v -0.22181924 -0.15848482 -0.14575121
v -0.12918153 -0.14687499 -0.12700188
v -0.28034508 -0.10908622 -0.13770327
v -0.15999193 -0.08001153 -0.10764574
v -0.10413877 -0.23473354 -0.14202976
v -0.08873508 -0.21614224 -0.10887755
v -0.06305302 -0.21287721 -0.04419099
v -0.08903341 -0.16361868 0.06776695
v -0.06477464 -0.20105000 0.04176952
v -0.31520525 -0.06542681 -0.12668152
v -0.32250702 -0.01233917 -0.05856842
v -0.23563935 -0.01302049 -0.04312514
v -0.16786397 -0.03455788 -0.02815905
v -0.22202767 -0.01907419 0.03281416
v -0.13215426 -0.33385795 0.20354842
v -0.20360945 -0.36535043 0.19099219
v -0.15006435 -0.35444701 0.24716929
v -0.26264712 -0.42128044 0.19746728
v -0.21093826 -0.41673818 0.27109402
v -0.07197285 -0.33380616 0.21415788
v -0.07152328 -0.37767747 0.24126750
v -0.04491511 -0.46002287 0.27939090
v -0.08521862 -0.64205921 0.32313842
v -0.04473517 -0.58333474 0.31601912
v -0.30077019 -0.47399345 0.20781808
v -0.30343172 -0.60390347 0.24076082
v -0.27018845 -0.57710385 0.27995768
v -0.22558764 -0.55299705 0.30635509
v -0.24616556 -0.68142623 0.28674626
v 0.25793654 0.26979727 -0.08240477
v 0.28058004 0.31471819 -0.02150242
v 0.24773288 0.33055395 -0.13816130
v 0.29434413 0.37521303 0.02212684
v 0.27667016 0.41537720 -0.13250913
v 0.24848887 0.22384042 -0.12443051
v 0.27437070 0.25448567 -0.16824719
v 0.33627221 0.28960049 -0.22992447
v 0.45563737 0.42169133 -0.27624384
v 0.42028081 0.36012620 -0.28314960
v 0.30769163 0.42294827 0.04380434
v 0.38309324 0.50423163 0.00870633
v 0.36289769 0.51913029 -0.09547177
v 0.36044705 0.49750453 -0.16846308
v 0.43300599 0.55376393 -0.13976951
v -0.36116996 0.16358134 -0.56786942
v -0.29854262 0.17821479 -0.57763708
v -0.36818641 0.19570732 -0.59927070
v -0.24240710 0.19993709 -0.59879595
v -0.32915574 0.22114101 -0.64201397
v -0.40302956 0.14403230 -0.55790275
v -0.41089407 0.15121768 -0.58978319
v -0.43663591 0.14652884 -0.64444625
v -0.40916216 0.15393750 -0.77194029
v -0.44078586 0.14513788 -0.73094565
v -0.20650609 0.21661562 -0.62317908
v -0.19558088 0.21573384 -0.70772535
v -0.26207721 0.22490926 -0.72233248
v -0.31396374 0.21978575 -0.72540921
v -0.27026677 0.20607297 -0.78055733
v -0.33055705 0.10176111 -0.50262070
v -0.26838127 0.08717162 -0.51444018
v -0.32949746 0.11452618 -0.54391116
v -0.21144970 0.07336891 -0.54036635
v -0.29063100 0.09974893 -0.58976895
v -0.37207246 0.10438015 -0.48468164
v -0.38081360 0.09725282 -0.51519388
v -0.41624430 0.07498705 -0.55895883
v -0.40374863 0.01124871 -0.66346765
v -0.43014207 0.03697773 -0.62619376
v -0.17633012 0.06142372 -0.56655103
v -0.17462413 0.01759083 -0.63151366
v -0.23594876 0.04044769 -0.65239853
v -0.28654149 0.05314720 -0.65504837
v -0.25837448 -0.00186000 -0.69137484
v -0.38822103 0.12944366 -0.51603341
v -0.39878240 0.15524690 -0.56713969
v -0.42891943 0.14898732 -0.50611871
v -0.42486808 0.18200164 -0.61073452
v -0.47721726 0.17362177 -0.53194642
v -0.37431002 0.10186017 -0.48784667
v -0.41127506 0.09860972 -0.48210564
v -0.46871653 0.07162020 -0.45785561
v -0.59453368 0.06777775 -0.46968406
v -0.55394620 0.05456900 -0.44775015
v -0.45612824 0.19812737 -0.63867456
v -0.54107851 0.18607354 -0.64427769
v -0.55578041 0.18022922 -0.58319801
v -0.55689615 0.16424440 -0.54170072
v -0.60942662 0.15249427 -0.57685602
v -0.19270083 0.02327172 -0.16943114
v -0.21850771 0.08145592 -0.17596625
v -0.16266829 0.04461833 -0.19260290
v -0.22996996 0.14446820 -0.18940324
v -0.14602341 0.10224922 -0.21121860
v -0.18643489 -0.02167876 -0.16012393
v -0.15360294 -0.00980899 -0.16454637
v -0.08348673 -0.01201318 -0.16522238
v 0.00875723 0.08365813 -0.16129650
v -0.00841845 0.03121932 -0.15789321
v -0.23047705 0.18658514 -0.19737442
v -0.17137136 0.23843093 -0.18698777
v -0.12025756 0.19789387 -0.21318671
v -0.08246945 0.15593897 -0.22366755
v -0.06120335 0.22106817 -0.20747963
v -0.18740325 0.28051278 -0.33929715
v -0.22216071 0.31812114 -0.37816602
v -0.19029185 0.31215069 -0.31457096
v -0.25651830 0.36477849 -0.40532991
v -0.22643492 0.35991222 -0.31317294
v -0.16493143 0.24458286 -0.32009974
v -0.18489946 0.25647935 -0.29386204
v -0.21273312 0.25349441 -0.23597474
v -0.29253381 0.30972090 -0.16976769
v -0.25840154 0.27506915 -0.17355631
v -0.28129894 0.39731622 -0.41539356
v -0.33777055 0.42962116 -0.36652312
v -0.30425677 0.41625893 -0.30933827
v -0.28131858 0.39124247 -0.27482274
v -0.34158787 0.41846097 -0.27102208
v -0.05967654 0.54225057 -0.38592061
v -0.01613252 0.56767058 -0.39028186
v -0.07749727 0.57762963 -0.40012449
v 0.01802507 0.59751219 -0.40455493
v -0.05805695 0.62153208 -0.42057160
v -0.09270518 0.51985729 -0.39441019
v -0.10383427 0.53735906 -0.41919631
v -0.12591262 0.55242974 -0.46008891
v -0.12732318 0.61087722 -0.52768862
v -0.14130779 0.58444917 -0.50816488
v 0.03833053 0.62687975 -0.42400664
v 0.03229900 0.66067338 -0.48074716
v -0.01984466 0.66632432 -0.47704560
v -0.06074942 0.65618700 -0.47777891
v -0.03756334 0.67308629 -0.52181745
v 0.45636857 0.45055771 -0.24135749
v 0.49038410 0.49199462 -0.17647558
v 0.45997021 0.51344562 -0.28937054
v 0.52751637 0.54374456 -0.12904733
v 0.50488275 0.59052724 -0.27842972
v 0.43797618 0.41195872 -0.29673299
v 0.46396148 0.44359016 -0.34245700
v 0.50979900 0.47959590 -0.41726264
v 0.62955666 0.59014225 -0.47273141
v 0.58325076 0.53726298 -0.47779381
v 0.56441176 0.59231579 -0.10817560
v 0.64268935 0.67552334 -0.15671702
v 0.61134523 0.68305415 -0.25397760
v 0.59047532 0.66447091 -0.32784918
v 0.67668831 0.70881367 -0.31675175
v -0.01404190 -0.02152979 0.07624446
v -0.07295935 -0.02668090 0.09760493
v -0.00425339 -0.00709699 0.10605374
v -0.12491249 -0.02154717 0.12774083
v -0.02478299 -0.02023737 0.15690330
v 0.01557384 -0.02355932 0.05044276
v 0.03141524 -0.02920291 0.07773024
v 0.08112853 -0.05264093 0.11543491
v 0.10426491 -0.12170142 0.22183651
v 0.11949566 -0.09435298 0.18164614
v -0.15211701 -0.02433014 0.16561443
v -0.12616238 -0.08701648 0.24230023
v -0.05442571 -0.08269745 0.23729557
v -0.01149169 -0.07261409 0.22304706
v -0.02804649 -0.13956891 0.27165091
v 0.11678389 -0.48327661 0.39779675
v 0.12682435 -0.58046025 0.42220390
v 0.15528700 -0.45572776 0.41799825
v 0.15184028 -0.66731441 0.44365206
v 0.20453358 -0.50958180 0.44344980
v 0.10265058 -0.42722285 0.37660193
v 0.14285550 -0.41181043 0.38006794
v 0.21045028 -0.38104409 0.36227006
v 0.34956443 -0.42602518 0.38010168
v 0.30702814 -0.38157555 0.35971257
v 0.17799391 -0.72540116 0.45283231
v 0.27258027 -0.74910259 0.45090732
v 0.28967568 -0.62717307 0.45604128
v 0.29129192 -0.54040724 0.44950622
v 0.34965697 -0.62468761 0.44896150
v 0.27229208 -0.16183625 -0.07701906
v 0.35048962 -0.17002814 -0.06024646
v 0.28776434 -0.09838024 -0.09966914
v 0.43085244 -0.16058104 -0.05751101
v 0.35705101 -0.05190068 -0.12222029
v 0.21695781 -0.16733791 -0.08104875
v 0.22198823 -0.12699091 -0.11588673
v 0.20513186 -0.06314456 -0.19267902
v 0.31035173 -0.01578254 -0.32173747
v 0.24750125 -0.02603243 -0.29054156
v 0.48474857 -0.14518435 -0.06366166
v 0.54491937 -0.07957179 -0.13846377
v 0.48052967 -0.01601382 -0.17686310
v 0.41657054 0.00608942 -0.20882505
v 0.49555269 -0.00708166 -0.25817937
v 0.15196256 -0.10335748 0.28516293
v 0.12929234 -0.15962999 0.34971139
v 0.17923772 -0.05625063 0.30606467
v 0.12236249 -0.20761150 0.41516766
v 0.20151636 -0.06972486 0.36931169
v 0.16327466 -0.08467855 0.24093828
v 0.20291197 -0.06599829 0.25455046
v 0.28540367 -0.04412021 0.25371057
v 0.40996891 -0.05634210 0.34305081
v 0.38452327 -0.03200930 0.28907496
v 0.12837860 -0.24465489 0.45864841
v 0.21891952 -0.27339745 0.50323570
v 0.25825632 -0.16000032 0.46560588
v 0.28239843 -0.09304324 0.42472100
v 0.32816151 -0.17858943 0.48327076
v -0.26993415 0.02574196 -0.23311546
v -0.33321953 0.06682813 -0.27684149
v -0.27510166 0.07021458 -0.20362008
v -0.39885470 0.11835214 -0.30397668
v -0.33241883 0.12941837 -0.19507632
v -0.23097274 -0.01917339 -0.21275999
v -0.24267028 -0.00218461 -0.17595953
v -0.23111172 0.01491673 -0.09068657
v -0.34663820 0.07656760 0.01658865
v -0.28465974 0.03966457 0.00039991
v -0.44476098 0.15508550 -0.31150377
v -0.51328701 0.19329360 -0.23622857
v -0.45058191 0.18780361 -0.17127840
v -0.39765602 0.17325997 -0.12852082
v -0.48650384 0.19807133 -0.10394290
v 0.04855710 -0.40257591 0.35825759
v -0.01870517 -0.45721856 0.38792676
v 0.05918469 -0.37039310 0.39181882
v -0.08256389 -0.49770513 0.41672942
v 0.03397008 -0.40549797 0.44456464
v 0.09188765 -0.38411734 0.33182219
v 0.11731005 -0.38535398 0.35971394
v 0.18715045 -0.39924154 0.39629409
v 0.23092425 -0.50417119 0.49887803
v 0.24573903 -0.44827765 0.46080688
v -0.11748106 -0.52926266 0.44353938
v -0.06767513 -0.62625349 0.50462472
v 0.01008964 -0.54334521 0.51468968
v 0.06418715 -0.48696336 0.50683469
v 0.05760556 -0.61541134 0.53926253
v -0.11468865 0.26449502 0.15628429
v -0.18018453 0.27273059 0.20121841
v -0.07910911 0.30574906 0.18904296
v -0.22062117 0.28039640 0.26498017
v -0.08710046 0.32699290 0.25761569
v -0.07009791 0.24331822 0.13409257
v -0.03811820 0.25085008 0.17018461
v 0.03625841 0.24879605 0.20750426
v 0.10469671 0.23851505 0.34662253
v 0.10773544 0.24509326 0.28564745
v -0.23445490 0.28775129 0.32506019
v -0.17605352 0.26167822 0.42581275
v -0.09302013 0.29167438 0.39217544
v -0.04167140 0.29620522 0.36082634
v -0.04005361 0.23650214 0.45213300
v -0.04369862 -0.06057725 -0.02326528
v -0.09972460 -0.01083717 -0.08121952
v -0.05104345 -0.01524972 0.00185458
v -0.16756970 0.04373257 -0.11271010
v -0.10149324 0.05928193 0.00005825
v -0.00058528 -0.10789208 -0.00263434
v -0.01753739 -0.09692452 0.03113314
v -0.03189817 -0.10990109 0.10811292
v -0.12616839 -0.04075275 0.20708969
v -0.08027628 -0.09852515 0.19208059
v -0.22443300 0.08145341 -0.11564559
v -0.29490849 0.13717261 -0.05425901
v -0.22523487 0.13797468 0.01260741
v -0.16840853 0.11202689 0.06720040
v -0.26751336 0.12334988 0.09503032
v -0.06476910 0.17269279 -0.05558232
v -0.03782143 0.23119223 -0.10465822
v -0.08163551 0.21199732 -0.03951038
v -0.02635594 0.29658765 -0.14976397
v -0.09965923 0.28323793 -0.06613842
v -0.06971689 0.12630135 -0.02652892
v -0.09548068 0.15095134 -0.00908464
v -0.15298565 0.17857872 0.03114430
v -0.26438916 0.27587873 -0.00373198
v -0.23507582 0.22808874 0.03016085
v -0.04239164 0.34289092 -0.18560722
v -0.13707757 0.36150405 -0.21162018
v -0.16184980 0.34514588 -0.14403048
v -0.17269871 0.33361584 -0.08934607
v -0.21876355 0.34970027 -0.15220262
v 0.10963913 -0.27586618 0.12526280
v 0.11436242 -0.31978965 0.18165986
v 0.14879669 -0.24009316 0.13602601
v 0.13475485 -0.35450295 0.23490550
v 0.19583265 -0.25265318 0.17917639
v 0.09645730 -0.25841483 0.08668163
v 0.13902473 -0.24832889 0.08837500
v 0.21164706 -0.24050161 0.06563635
v 0.35525155 -0.25673714 0.10155859
v 0.31301278 -0.24120018 0.06705168
v 0.15864062 -0.38054121 0.26688242
v 0.25598827 -0.40093389 0.27865601
v 0.27860904 -0.31807095 0.23749131
v 0.28403822 -0.27063131 0.20026909
v 0.34119749 -0.33281860 0.23407017
v 0.21207821 0.08511610 -0.09257213
v 0.26225930 0.13785914 -0.10650612
v 0.18455124 0.13143486 -0.09613670
v 0.29851779 0.20285343 -0.12587722
v 0.18736519 0.21180287 -0.12093360
v 0.18699013 0.04252972 -0.08359876
v 0.15887409 0.07121293 -0.09746899
v 0.09374524 0.10191477 -0.12280086
v 0.03978670 0.20886464 -0.22375412
v 0.03396635 0.16486309 -0.17942183
v 0.31297547 0.25638542 -0.15460281
v 0.27841508 0.31210127 -0.23261754
v 0.20533563 0.30377734 -0.21060441
v 0.14833504 0.27879453 -0.19394667
v 0.15986653 0.31282434 -0.27067107
v -0.17356005 -0.37290889 0.36132592
v -0.24314240 -0.37302619 0.37686589
v -0.15701489 -0.32495958 0.39015377
v -0.30171776 -0.36564061 0.40134090
v -0.19650060 -0.30635512 0.42818004
v -0.11864515 -0.38524899 0.36494738
v -0.10383779 -0.38478059 0.39775154
v -0.06934772 -0.40890926 0.44951162
v -0.07547729 -0.45282674 0.53859866
v -0.04949848 -0.44210052 0.51222658
v -0.33897555 -0.35589212 0.42991132
v -0.33687046 -0.38617834 0.49675947
v -0.26049811 -0.34633794 0.50093704
v -0.19496435 -0.33273962 0.49879205
v -0.22992395 -0.39593974 0.54730356
v 0.40184557 0.00870818 -0.06644952
v 0.46241117 0.00491594 -0.03275203
v 0.40471184 0.06399277 -0.06637814
v 0.52207351 0.02093686 -0.00358658
v 0.45636898 0.10900502 -0.05757874
v 0.36042520 0.00074273 -0.08666548
v 0.36110631 0.04748133 -0.10501675
v 0.34985223 0.12243482 -0.15762381
v 0.44186810 0.24242441 -0.22123553
v 0.39018151 0.20610616 -0.21685784
v 0.56226939 0.04129383 0.01110360
v 0.61296570 0.12207891 -0.03199595
v 0.55406344 0.16869271 -0.06479225
v 0.50472236 0.19528985 -0.09202091
v 0.57627004 0.23546915 -0.11101853
v 0.13697912 -0.19576323 0.40961063
v 0.09809759 -0.27756667 0.44454494
v 0.16173193 -0.19967923 0.44362560
v 0.07265706 -0.36269557 0.48332146
v 0.16734783 -0.28106642 0.49105173
v 0.15744205 -0.15023187 0.37636590
v 0.19045521 -0.16648948 0.39703888
v 0.26302403 -0.19166559 0.41222975
v 0.34782946 -0.34075850 0.48349249
v 0.33992386 -0.26565591 0.45206589
v 0.06518202 -0.43416020 0.50558442
v 0.12945174 -0.54249519 0.52834809
v 0.18567027 -0.45636824 0.53329164
v 0.22093134 -0.38781077 0.52521968
v 0.23843285 -0.51719838 0.53749764
v -0.03068756 0.38148287 -0.10311614
v 0.01394550 0.43309984 -0.16648695
v -0.06842465 0.43517542 -0.10730767
v 0.03194387 0.48277152 -0.23627868
v -0.08013467 0.50264430 -0.17212510
v -0.06666035 0.33072209 -0.06831130
v -0.10657575 0.36107439 -0.07487249
v -0.18486711 0.38210705 -0.08883329
v -0.28153995 0.45505938 -0.20561822
v -0.26898879 0.41715720 -0.14867009
v 0.02893250 0.52524477 -0.29379997
v -0.05075563 0.56557882 -0.36676711
v -0.11388069 0.55401194 -0.30237100
v -0.15164053 0.52496326 -0.25416687
v -0.17754970 0.54403239 -0.33998767
v -0.05145428 -0.16663541 -0.04480261
v -0.10824150 -0.12844875 -0.09673031
v -0.07394665 -0.13438198 -0.01814897
v -0.17924248 -0.09596246 -0.12385237
v -0.13766776 -0.07337780 -0.01829835
v -0.00422653 -0.19702785 -0.02746359
v -0.03101961 -0.20359977 0.00281720
v -0.05332748 -0.23394668 0.06799944
v -0.17356542 -0.21040113 0.15368141
v -0.11156742 -0.23944545 0.13970926
v -0.23944721 -0.07911398 -0.12635204
v -0.32648763 -0.06834058 -0.07104555
v -0.27602130 -0.06266215 -0.00599830
v -0.22696730 -0.07753059 0.04446809
v -0.31978059 -0.10374570 0.05953253
v 0.02162622 -0.24280868 0.10667683
v -0.05617687 -0.23789096 0.10776998
v 0.01871633 -0.23524094 0.14394279
v -0.13111603 -0.20868863 0.11054848
v -0.03411641 -0.24700229 0.18563870
v 0.07179358 -0.25534838 0.09250470
v 0.07308254 -0.27625078 0.12666592
v 0.10214987 -0.33159772 0.18060830
v 0.05742334 -0.44631568 0.27803683
v 0.10151699 -0.41104430 0.25052017
v -0.18404886 -0.19987862 0.13687553
v -0.20972092 -0.27533647 0.21949440
v -0.12499263 -0.28687251 0.24596232
v -0.06171188 -0.31738952 0.25118095
v -0.11685815 -0.37305444 0.29096809
v 0.19621737 0.41094089 0.24030256
v 0.16727352 0.49149510 0.19531012
v 0.18593170 0.41980851 0.28486225
v 0.13202268 0.56932133 0.16720065
v 0.14335094 0.48012564 0.29720730
v 0.21379167 0.34403634 0.25474000
v 0.18775690 0.33484593 0.28870973
v 0.14256747 0.28496405 0.35588062
v 0.02329824 0.30501467 0.43654513
v 0.06717651 0.26130775 0.42691880
v 0.10385463 0.61653769 0.15848111
v 0.02412079 0.62997103 0.21817330
v 0.04696964 0.55818290 0.30024439
v 0.06573011 0.49067393 0.34444940
v -0.00933581 0.53106666 0.33953014
v 0.23720771 0.33480400 0.33206776
v 0.21237664 0.30036718 0.40773058
v 0.26038429 0.38486612 0.34384772
v 0.20178410 0.27664599 0.48391488
v 0.27832496 0.38970265 0.41086200
v 0.24805012 0.34053293 0.28312153
v 0.28335875 0.36218739 0.29332092
v 0.35926625 0.38533923 0.28911349
v 0.47071576 0.39852408 0.38607562
v 0.44948119 0.40615642 0.32680291
v 0.20542954 0.25696367 0.53708208
v 0.28673890 0.24676210 0.59252232
v 0.32566145 0.33687729 0.52835625
v 0.34890264 0.38509122 0.47328734
v 0.38811421 0.32589525 0.55251014
v 0.21503258 -0.00191551 0.41509467
v 0.18155429 -0.09633455 0.45673925
v 0.22450937 0.00671491 0.45691255
v 0.15770644 -0.19007635 0.50439030
v 0.22438474 -0.06917372 0.51962936
v 0.23938839 0.04868019 0.37807682
v 0.26692161 0.04699767 0.40788162
v 0.33542526 0.04992932 0.43920687
v 0.41409212 -0.06263614 0.55300456
v 0.40740585 0.00899923 0.50515598
v 0.14902285 -0.26367855 0.53522372
v 0.20969103 -0.34901819 0.58564717
v 0.24867578 -0.23927888 0.59198594
v 0.27705598 -0.15606374 0.58213216
v 0.30418092 -0.28434157 0.61729568
v 0.21519327 0.06287676 0.35347575
v 0.23564795 0.01176804 0.42054152
v 0.22273393 0.12684140 0.36370510
v 0.26263604 -0.02042970 0.48379838
v 0.25722232 0.14547631 0.41371518
v 0.20654750 0.08212444 0.30917224
v 0.23223794 0.12988919 0.30628309
v 0.28078747 0.20340806 0.27021885
v 0.38973218 0.30759260 0.29266596
v 0.35221323 0.28938371 0.25531495
v 0.28675184 -0.03478605 0.52479076
v 0.36479628 0.03501058 0.54039472
v 0.34635615 0.14358860 0.48378417
v 0.33262962 0.20543975 0.43322167
v 0.40396234 0.19739538 0.47465193
v 0.21921535 -0.15349269 -0.12069346
v 0.27768651 -0.07944673 -0.15204324
v 0.17269699 -0.09658819 -0.13537177
v 0.31449416 -0.00571735 -0.20025913
v 0.16562141 -0.00465977 -0.18975082
v 0.18429536 -0.20167714 -0.08777206
v 0.14409029 -0.18305445 -0.11697464
v 0.06788852 -0.17697951 -0.15988015
v -0.00882505 -0.10153717 -0.30057058
v -0.00379991 -0.14746150 -0.24276760
v 0.32491377 0.04148717 -0.25644094
v 0.27109626 0.06664332 -0.36100760
v 0.17982966 0.05533844 -0.32767203
v 0.11243662 0.02569195 -0.29595721
v 0.12232319 0.03544222 -0.39389256
v 0.22630486 -0.20964202 -0.05757183
v 0.27839500 -0.22554561 -0.01257103
v 0.26333836 -0.17228127 -0.07605143
v 0.33869192 -0.22924107 0.02217635
v 0.33077380 -0.15518953 -0.06409196
v 0.18369293 -0.20667961 -0.09020587
v 0.21706210 -0.19054613 -0.11710659
v 0.26134887 -0.17697066 -0.17268988
v 0.40436900 -0.15051761 -0.21796006
v 0.34473005 -0.16259967 -0.22261736
v 0.38333410 -0.22535589 0.04006545
v 0.46953979 -0.20470700 0.00626229
v 0.44349828 -0.15977050 -0.05058570
v 0.41587701 -0.13445556 -0.09242006
v 0.49391469 -0.15386741 -0.08557811
v -0.06127764 0.29070002 -0.08143361
v -0.02029661 0.33230871 -0.16412321
v -0.09069119 0.35487920 -0.08924633
v -0.01523005 0.36884743 -0.24968612
v -0.11917688 0.40720925 -0.16687474
v -0.08263750 0.25000212 -0.02510741
v -0.12004752 0.29439381 -0.02116196
v -0.20239942 0.33865571 -0.01109397
v -0.33756083 0.39394948 -0.12692642
v -0.30739275 0.38144475 -0.05726914
v -0.03123668 0.39887330 -0.31623381
v -0.14364012 0.41174704 -0.37079617
v -0.18608828 0.43277046 -0.29354036
v -0.20914070 0.43049511 -0.23192103
v -0.25762856 0.44014710 -0.31415972
v -0.00029848 -0.82587671 -0.19338499
v -0.01492731 -0.77764344 -0.18628003
v 0.04647106 -0.79130280 -0.15465525
v 0.05864850 -0.84226185 -0.15765719
v 0.08942205 -0.89000833 -0.16677360
v 0.01547428 -0.87122643 -0.20908698
v -0.02064997 -0.25060928 0.09288409
v -0.01694930 -0.25112665 0.08915559
v 0.03756776 -0.33549660 -0.07741565
v 0.04328795 -0.31253004 -0.09033020
v -0.01623578 -0.24474095 0.08045990
v 0.00167703 -0.35604763 -0.06493704
v -0.01441100 -0.24451005 0.07882980
v -0.03533165 -0.34339660 -0.07385350
v -0.01272116 -0.24528426 0.08040468
v -0.05124056 -0.31623530 -0.09167016
v -0.00672594 -0.24531913 0.08709371
v -0.03868279 -0.28395897 -0.11192492
v -0.00541814 -0.24718891 0.09402306
v -0.00792163 -0.27212068 -0.11900857
v -0.01177298 -0.24955332 0.09642496
v 0.03037483 -0.27769595 -0.11271875
v -0.01322408 -0.25355279 0.09612851
v 0.04304294 -0.30418208 -0.09680994
v -0.11316578 -0.34562945 0.26621622
v -0.10240184 -0.34437394 0.27030152
v -0.09990859 -0.35458604 0.27015132
v -0.09941151 -0.36301464 0.26823619
v -0.10368453 -0.36644462 0.26872063
v -0.11292743 -0.37383020 0.26875284
v -0.11952045 -0.36533010 0.26696783
v -0.12390278 -0.34984124 0.26474547
v -0.11321723 -0.34559751 0.26630431
v -0.14532661 -0.39140201 0.39141887
v -0.14117980 -0.38272804 0.39072913
v -0.12538621 -0.38118690 0.38595802
v -0.12122897 -0.38585153 0.38763988
v -0.11728742 -0.39123219 0.39001146
v -0.11359831 -0.40495640 0.39653930
v -0.12261147 -0.41730791 0.40407062
v -0.14076594 -0.41575888 0.40596172
v -0.14708230 -0.40239614 0.39851722
v -0.14668623 -0.39408576 0.39562333
v -0.07482011 -0.32963616 0.47809485
v -0.07566065 -0.31958145 0.47844523
v -0.07946443 -0.32156754 0.48809916
v -0.07980889 -0.31898049 0.48850843
v -0.08745061 -0.32175115 0.48483089
v -0.08464051 -0.32313800 0.48574972
v -0.08495142 -0.32481679 0.47753352
v -0.07944360 -0.32937178 0.47364306
v -0.07360919 -0.33032069 0.47488764
v -0.07862449 -0.32699716 0.47390884
v 0.19425192 -0.19125134 -0.08576082
v 0.20390175 -0.20289573 -0.08375365
v 0.02188554 -0.38000447 -0.09991956
v 0.03031003 -0.38071057 -0.11649369
v 0.20062388 -0.20412311 -0.07765172
v 0.00251203 -0.36429119 -0.08340223
v 0.19500326 -0.20204096 -0.07519197
v -0.02012187 -0.33414268 -0.09324995
v 0.18897198 -0.19735286 -0.07596304
v -0.02523657 -0.31635290 -0.12545235
v 0.18981904 -0.19431981 -0.07741261
v -0.01099675 -0.32462293 -0.14733228
v 0.18862012 -0.18861118 -0.07869975
v 0.00552109 -0.33822936 -0.15661953
v 0.19008222 -0.18795213 -0.08104049
v 0.02395332 -0.36154038 -0.15221119
v 0.19681723 -0.19346094 -0.08470407
v 0.03372087 -0.38072470 -0.13845789
v 0.29473400 -0.02090295 -0.07423423
v 0.30207893 -0.02689298 -0.07938098
v 0.28657785 -0.01410630 -0.09069018
v 0.28664979 -0.01579526 -0.08285125
v 0.28755730 -0.02114248 -0.08824274
v 0.29109609 -0.02654210 -0.09656077
v 0.29480717 -0.03117445 -0.09277807
v 0.29886556 -0.03058723 -0.08001421
v 0.29770118 -0.02587047 -0.07420003
v 0.29890054 -0.02569479 -0.07761732
v 0.44498673 0.06812975 -0.07693895
v 0.43846372 0.07781070 -0.07761441
v 0.43957907 0.07845899 -0.07631066
v 0.43922666 0.07739707 -0.07895131
v 0.43850210 0.07371227 -0.08964118
v 0.44208914 0.07010007 -0.09498809
v 0.44077513 0.07148430 -0.09210678
v 0.44800603 0.06831989 -0.07941422
v 0.44760808 0.07086559 -0.07688463
v 0.47807088 0.18866730 -0.06988551
v 0.47890732 0.18775833 -0.07248414
v 0.45029229 0.07475765 -0.08441022
v 0.45009917 0.07459459 -0.07820275
v 0.47857809 0.18825710 -0.07206100
v 0.47494113 0.19217290 -0.07382793
v 0.46673611 0.19084853 -0.07497966
v 0.47566378 0.19078797 -0.06724463
v 0.47483692 0.18922225 -0.08628216
v 0.47198534 0.18810174 -0.08536550
v 0.47328231 0.18696707 -0.08608554
v 0.47929305 0.18707091 -0.08215874
v 0.48084289 0.18752411 -0.07785878
v -0.06452376 0.22380966 0.06532440
v -0.06169218 0.21920234 0.06913081
v -0.03671764 0.09171492 -0.00018891
v -0.04064378 0.10052788 -0.00131850
v -0.06066817 0.21671551 0.06018382
v -0.02966269 0.09005175 -0.00392255
v -0.05487987 0.21832664 0.05274326
v -0.02860793 0.09399635 -0.00155940
v -0.05219023 0.21488364 0.05876272
v -0.03131645 0.09916837 0.00340972
v -0.04776130 0.21782130 0.06401308
v -0.02760149 0.10514856 0.00767426
v -0.04856647 0.22280982 0.06591789
v -0.02845076 0.10786311 0.00995916
v -0.04900943 0.22541517 0.06974815
v -0.03638521 0.10445046 0.00757041
v -0.04379949 0.22485194 0.07477042
v -0.03868206 0.09616342 0.01126241
v -0.07691550 0.28942436 0.15239763
v -0.08104174 0.29235256 0.15027197
v -0.08418842 0.29007852 0.15180251
v -0.08237374 0.28617164 0.14672612
v -0.08058771 0.28579748 0.14420255
v -0.08039993 0.28195173 0.15028840
v -0.07998858 0.28517133 0.15232088
v -0.07637768 0.28901526 0.15247837
v -0.07367901 0.29449445 0.14879099
v -0.12962200 0.40833536 0.13170964
v -0.12717666 0.40782976 0.13173848
v -0.06885549 0.30346161 0.15102161
v -0.07830650 0.29586065 0.15290399
v -0.12754594 0.40715632 0.13224605
v -0.11997263 0.41204950 0.12947085
v -0.11242658 0.41752821 0.13528234
v -0.11189166 0.41620848 0.14297605
v -0.11640289 0.41547495 0.15234181
v -0.12519269 0.41182041 0.15380681
v -0.13400951 0.40933698 0.14905535
v -0.13479294 0.40829071 0.14098381
v -0.07826342 -0.33905831 0.47737497
v -0.08310433 -0.33228570 0.47980535
v -0.08597792 -0.32452583 0.47734055
v -0.08248041 -0.33360648 0.47487023
v -0.08165070 -0.31689319 0.48661295
v -0.08648925 -0.32243153 0.48002785
v -0.08024290 -0.33918086 0.47933292
v -0.07792277 -0.34247741 0.48418283
v 0.46401021 0.18002583 -0.07005683
v 0.47164425 0.17521705 -0.07263096
v 0.47049645 0.17934078 -0.07885440
v 0.46351543 0.18217459 -0.07471286
v 0.47573131 0.17524579 -0.07380427
v 0.47138962 0.18372270 -0.08175623
v 0.48231828 0.17696774 -0.07522905
v 0.46610150 0.19031356 -0.07592414
v -0.12856519 0.42038000 0.14053978
v -0.12628287 0.41631150 0.15097490
v -0.12170090 0.41923034 0.14458071
v -0.11894355 0.41943604 0.14151628
v -0.11995603 0.42182150 0.13878979
v -0.12513439 0.41936505 0.13442989
v -0.12667407 0.41250241 0.13108294
v -0.12855034 0.41891339 0.13393563
v -0.12780640 0.11848319 -0.24422953
v -0.12650615 0.11824297 -0.24089521
v -0.16887946 -0.03992512 -0.20176740
v -0.17143086 -0.03921132 -0.20261882
v -0.12370500 0.11501130 -0.24613905
v -0.15930936 -0.03986504 -0.19757506
v -0.12457511 0.11508022 -0.24885117
v -0.15527153 -0.03580593 -0.18980336
v -0.12215520 0.12015379 -0.24128315
v -0.16025949 -0.02742111 -0.17970160
v -0.12484174 0.12353024 -0.23727687
v -0.17072640 -0.02330379 -0.17850949
v -0.12745306 0.12115029 -0.24325112
v -0.17738873 -0.02697343 -0.18741104
v -0.12833285 0.11923130 -0.24510571
v -0.17776899 -0.03394768 -0.19740702
v -0.12793618 0.11991176 -0.24177252
v -0.17937215 -0.03536687 -0.19905703
v -0.13555549 0.17043912 -0.26896998
v -0.13322505 0.17011681 -0.26746452
v -0.13396950 0.16657403 -0.27168882
v -0.12872636 0.16712722 -0.27162948
v -0.12351859 0.17256935 -0.26682284
v -0.12504487 0.17443450 -0.26631129
v -0.12982005 0.17504396 -0.26576078
v -0.13362479 0.17131364 -0.26962057
v -0.13538338 0.17052139 -0.26785690
v -0.15101513 0.22283508 -0.30415162
v -0.15175688 0.22314115 -0.30169666
v -0.15023087 0.22104785 -0.30467528
v -0.14274751 0.22054653 -0.30778590
v -0.13409603 0.22612102 -0.30220735
v -0.13322836 0.23038274 -0.29717299
v -0.14050752 0.23217651 -0.29368725
v -0.14941660 0.23098965 -0.29269668
v -0.14501557 0.23196158 -0.29229623
v -0.16028424 0.27906245 -0.33081463
v -0.16077730 0.28102395 -0.32528186
v -0.15786001 0.27952221 -0.32652283
v -0.14806293 0.27437103 -0.33205327
v -0.13798869 0.27658451 -0.32480609
v -0.13625301 0.27968782 -0.32102561
v -0.14122242 0.28300914 -0.31670523
v -0.14980324 0.28542411 -0.31394336
v -0.14664879 0.28506148 -0.31496117
v -0.12816912 0.35153916 -0.35171184
v -0.12781346 0.35265511 -0.34473276
v -0.12450468 0.35272786 -0.33783361
v -0.11917567 0.34813643 -0.34493330
v -0.12610587 0.35011342 -0.34791803
v -0.12741089 0.35068777 -0.34720668
v -0.12247402 0.35087585 -0.34129542
v -0.12167732 0.35181683 -0.34025255
v -0.12262160 0.35215595 -0.34380761
v -0.12117732 0.35113716 -0.34490049
v -0.09550887 0.42126316 -0.36649597
v -0.09294669 0.42086232 -0.36522332
v -0.09071276 0.42059860 -0.36336327
v -0.08967695 0.42200011 -0.35883796
v -0.09175584 0.42379102 -0.35458589
v -0.09794344 0.42555487 -0.35419121
v -0.10063002 0.42548153 -0.35659096
v -0.10531475 0.42503178 -0.36284453
v -0.10074368 0.42282957 -0.36597604
v -0.09861035 0.42185009 -0.36737350
v -0.08527892 0.56208730 -0.43214262
v -0.08299401 0.56126457 -0.43366039
v -0.09355677 0.42089048 -0.36580622
v -0.09559738 0.42131779 -0.36659759
v -0.07504992 0.56074846 -0.43266046
v -0.07107396 0.56127089 -0.43215963
v -0.06974007 0.56961006 -0.41459513
v -0.07074471 0.56781340 -0.41444156
v -0.06985933 0.56711167 -0.41543183
v -0.08963609 0.56859368 -0.41797274
v -0.08660508 0.56897354 -0.41320637
v -0.07560873 0.56807417 -0.41130605
v -0.10511846 0.42535865 -0.36181358
v -0.08728902 0.56919819 -0.41269556
v -0.09271678 0.56745684 -0.42476889
v -0.08730909 0.56275892 -0.43140775
v 0.05179751 -0.24755415 0.18426931
v 0.04427727 -0.25487736 0.18363389
v 0.08864485 -0.21478635 0.06184654
v 0.09860388 -0.21985082 0.06405262
v 0.08179474 -0.25622419 0.18503599
v 0.07897747 -0.25269452 0.18615767
v 0.10727737 -0.23605549 0.07825313
v 0.10353435 -0.24347208 0.07728812
v 0.08014636 -0.26031446 0.19184147
v 0.10663594 -0.23656262 0.08102654
v 0.07017194 -0.27536070 0.19864333
v 0.09257548 -0.23992239 0.08010700
v 0.05970271 -0.27914417 0.19941701
v 0.07797253 -0.23208922 0.06953275
v 0.05535001 -0.27627587 0.19833180
v 0.07808413 -0.22606523 0.06447268
v 0.04743330 -0.25767389 0.18778767
v 0.08447170 -0.22201715 0.06221528
v 0.05309229 -0.24703500 0.18280721
v 0.08580501 -0.21959890 0.06154014
v 0.06180232 -0.37572116 0.31774664
v 0.06377521 -0.38240632 0.31716731
v 0.08628209 -0.35325623 0.30159396
v 0.07939901 -0.35348800 0.30301961
v 0.08374314 -0.35552388 0.30242261
v 0.09777192 -0.36393347 0.30501550
v 0.09670933 -0.38208649 0.31611717
v 0.08315004 -0.39013934 0.32218271
v 0.08912988 -0.38848835 0.32199022
v 0.06052691 -0.36548316 0.31569549
v 0.06070868 -0.36963534 0.31558108
v 0.09862235 -0.44782966 0.42321756
v 0.10287949 -0.44937527 0.42383090
v 0.06422920 -0.38199031 0.31922528
v 0.06233285 -0.37567365 0.31978506
v 0.08437973 -0.42366397 0.40949064
v 0.08456381 -0.42325035 0.40776035
v 0.08733060 -0.42051026 0.40395904
v 0.10843103 -0.41421944 0.39566189
v 0.11500841 -0.41697341 0.39648521
v 0.12558736 -0.43595964 0.40936106
v 0.12486129 -0.43836087 0.41530561
v 0.08272287 -0.41778368 0.40826893
v 0.08155098 -0.41986269 0.40654486
v 0.15296967 0.12777469 0.25028276
v 0.16056947 0.12488165 0.24508686
v 0.12047776 0.11153428 0.11173309
v 0.11821845 0.11863197 0.10795285
v 0.17534737 0.11884385 0.24103750
v 0.12447573 0.10618436 0.11858439
v 0.18120062 0.10813412 0.24586613
v 0.12116800 0.10594121 0.12411743
v 0.17446393 0.09466574 0.25929260
v 0.10735726 0.10748887 0.13129507
v 0.16538283 0.09307081 0.26584840
v 0.09424114 0.11703362 0.12919034
v 0.15838884 0.10175738 0.26660436
v 0.09184334 0.11931826 0.12668197
v 0.14879990 0.12117946 0.25667274
v 0.09772576 0.12208830 0.11774720
v 0.15212648 0.12692118 0.24925138
v 0.10134694 0.12373373 0.11250052
v 0.21262427 0.06652179 0.37927419
v 0.21871728 0.06874496 0.36811775
v 0.22387658 0.06960130 0.36341366
v 0.23099096 0.06005371 0.36240482
v 0.24182585 0.04990834 0.36660838
v 0.23947206 0.04543489 0.37636334
v 0.23177527 0.04289564 0.38542610
v 0.22334555 0.05174735 0.38772440
v 0.21516402 0.05672747 0.38552433
v 0.25849506 0.06736797 0.44571722
v 0.24778773 0.08122599 0.43156275
v 0.24868357 0.08250991 0.42284638
v 0.25883466 0.07702461 0.41224375
v 0.27805924 0.06508097 0.41383258
v 0.28187454 0.06275567 0.42094466
v 0.28171319 0.06466240 0.42387530
v 0.28227878 0.06857389 0.42580914
v 0.24473144 0.08246100 0.43822512
v 0.24672695 0.07702279 0.43968090
v 0.27945191 0.11379230 0.48138937
v 0.27862525 0.11240476 0.47840655
v 0.26388550 0.06594107 0.44577664
v 0.26014179 0.06811512 0.44645041
v 0.29485083 0.09536409 0.49966908
v 0.28663218 0.10273722 0.49584961
v 0.28103963 0.11200085 0.48191783
v 0.29013386 0.11397371 0.46331355
v 0.30950791 0.10383531 0.45682809
v 0.32198539 0.08424225 0.48364657
v 0.32116348 0.10165736 0.46299338
v 0.30317864 0.09271449 0.49996120
v 0.30557597 0.09233409 0.49882120
v -0.13088615 0.35253674 -0.01177878
v -0.12893525 0.35245222 0.00450969
v -0.05697957 0.23581688 -0.03728449
v -0.05442960 0.23948714 -0.03977324
v -0.13610561 0.34735286 0.01786389
v -0.05419103 0.23843461 -0.03415075
v -0.14861076 0.33881626 0.02622234
v -0.05315842 0.24236870 -0.02847437
v -0.16945033 0.32847801 0.01952044
v -0.05381794 0.24554488 -0.02459688
v -0.17562783 0.32742169 -0.00598790
v -0.05344286 0.24734515 -0.02173340
v -0.16564788 0.33190900 -0.01899040
v -0.05582484 0.24429822 -0.02153799
v -0.14902066 0.34403452 -0.02737638
v -0.06072991 0.23579930 -0.02726481
v -0.13604511 0.35123608 -0.01870231
v -0.06320480 0.23007368 -0.02751382
v -0.13936740 0.38673353 -0.01749158
v -0.13592714 0.38558406 -0.00825686
v -0.13714525 0.38546202 0.01025937
v -0.15107794 0.38266474 0.02464912
v -0.17180061 0.37655604 0.02707437
v -0.18859145 0.37142572 0.01028845
v -0.18576065 0.37240002 -0.01854593
v -0.16800074 0.37599555 -0.02744408
v -0.16075613 0.37721527 -0.02758638
v -0.17166924 0.41597179 -0.02745423
v -0.14966065 0.42946723 -0.01892863
v -0.14823014 0.42784345 0.00387000
v -0.14699900 0.42483351 0.00833735
v -0.16500048 0.41464880 0.02931188
v -0.19576287 0.40482563 0.00674381
v -0.19222561 0.40614009 -0.00368152
v -0.18833767 0.41112924 -0.02157743
v -0.17042911 0.41979897 -0.02757985
v -0.19286059 0.45775363 -0.01820439
v -0.18886249 0.45937952 -0.01580714
v -0.17485982 0.46718282 -0.00104958
v -0.17355442 0.46129480 0.02335150
v -0.18076222 0.45026600 0.03777014
v -0.19353405 0.43795776 0.04100364
v -0.21656704 0.42694566 0.00712263
v -0.21419401 0.42764121 0.01648543
v -0.20867768 0.42987946 0.02626737
v -0.21623889 0.42837662 0.00217836
v -0.21562795 0.43217751 -0.00219980
v -0.24355082 0.46254468 0.00632009
v -0.24380003 0.46524251 0.00568121
v -0.19152299 0.46139038 -0.01526243
v -0.19385904 0.46056208 -0.01688321
v -0.22819087 0.48288116 -0.00261250
v -0.22598428 0.48486140 -0.00180215
v -0.21343254 0.48528659 0.04614812
v -0.20684309 0.48934120 0.03490042
v -0.20421501 0.48989218 0.03235695
v -0.20849785 0.48327529 0.04554351
v -0.24622498 0.45733750 0.02036237
v -0.24097875 0.45455921 0.03569227
v -0.23153926 0.46212327 0.04957528
v -0.24030019 0.47339985 0.00069076
v -0.23536605 0.47658390 -0.00053714
v 0.30631953 0.18190660 -0.11193299
v 0.30297729 0.18890980 -0.11080462
v 0.20887825 0.12152418 -0.07917990
v 0.20735875 0.12209849 -0.08411187
v 0.29793823 0.19821261 -0.11085889
v 0.21137089 0.12471972 -0.07523428
v 0.28758302 0.20829256 -0.11990122
v 0.21009147 0.12967154 -0.07688350
v 0.28062275 0.20295721 -0.13523574
v 0.20814385 0.13301523 -0.07971102
v 0.28381911 0.18724045 -0.14237377
v 0.20840758 0.13277632 -0.07936477
v 0.29186833 0.17707092 -0.13727558
v 0.20774968 0.13305905 -0.07847045
v 0.30137816 0.17065990 -0.12744948
v 0.20583680 0.13192680 -0.08032999
v 0.30591208 0.17529087 -0.11624964
v 0.20391765 0.13408592 -0.07984507
v 0.44226193 0.26049346 -0.21478362
v 0.44067538 0.25712827 -0.21531592
v 0.44315490 0.26467663 -0.20494378
v 0.42938039 0.28596625 -0.19823219
v 0.41672546 0.29363048 -0.20218927
v 0.39656079 0.29488721 -0.22243133
v 0.39633596 0.27553374 -0.24301949
v 0.41268033 0.25556248 -0.24717954
v 0.42575300 0.24924839 -0.24060844
v 0.43650335 0.30807537 -0.27054051
v 0.46083993 0.30463541 -0.26250091
v 0.46742052 0.31550872 -0.24024934
v 0.46309632 0.32238939 -0.22887556
v 0.43692550 0.33683807 -0.22160676
v 0.41847369 0.33581048 -0.23646793
v 0.41244698 0.32589564 -0.25933713
v 0.43499196 0.31064463 -0.27262500
v 0.44427210 0.30785358 -0.27048618
v 0.45976064 0.35628748 -0.29489100
v 0.46491802 0.35575175 -0.29234242
v 0.47924680 0.36704287 -0.26470551
v 0.47851491 0.36310717 -0.26970464
v 0.48012114 0.36961162 -0.25545040
v 0.46005639 0.38198271 -0.24311279
v 0.43825907 0.38671252 -0.24648550
v 0.42405298 0.37731674 -0.27494004
v 0.43002462 0.36959416 -0.28566864
v 0.43031603 0.36907837 -0.28731391
v 0.45472968 0.44912824 -0.32172889
v 0.45629328 0.45004493 -0.32476699
v 0.46455598 0.35637489 -0.29289657
v 0.46070433 0.35695180 -0.29490891
v 0.50100625 0.45190677 -0.29719892
v 0.50168550 0.44039008 -0.31161100
v 0.49322820 0.43767264 -0.32692048
v 0.50126463 0.45713970 -0.28959143
v 0.49345350 0.46195045 -0.28462628
v 0.47801203 0.46690959 -0.28373596
v 0.45417169 0.46215233 -0.30813751
v 0.45381680 0.46141687 -0.30728963
v 0.45729974 0.46316013 -0.29563192
v 0.45407638 0.46104094 -0.30043533
v 0.25183877 0.39970636 -0.24798393
v 0.24270999 0.42020139 -0.22339857
v 0.28236639 0.32378867 -0.14847086
v 0.28908837 0.32433340 -0.15498140
v 0.22207619 0.41885024 -0.21428022
v 0.23924790 0.30495077 -0.14238431
v 0.25432241 0.31771857 -0.13775223
v 0.19701208 0.41062012 -0.20983985
v 0.23236394 0.28452829 -0.16145283
v 0.18519959 0.39188728 -0.22374927
v 0.24793380 0.27335876 -0.18598945
v 0.18455054 0.37939864 -0.23660429
v 0.27066430 0.27839875 -0.19595554
v 0.20187844 0.36865604 -0.25700775
v 0.29065338 0.29175127 -0.19533382
v 0.23645376 0.37734544 -0.26593289
v 0.30101568 0.31588262 -0.17615624
v 0.25014076 0.39530456 -0.25356609
v 0.29140154 0.32345468 -0.15879141
v 0.22318558 0.48033917 -0.31894988
v 0.22261003 0.47512466 -0.32083449
v 0.22686598 0.48776650 -0.31150061
v 0.20911935 0.50028557 -0.28975177
v 0.18785673 0.49235523 -0.28220066
v 0.17488027 0.47761369 -0.28584021
v 0.17161380 0.46000671 -0.29878166
v 0.19049972 0.44812340 -0.32306394
v 0.20685901 0.45455021 -0.32825580
v 0.17880215 0.48862842 -0.35922685
v 0.17820850 0.48809132 -0.35889196
v 0.18556097 0.50665355 -0.35845381
v 0.17715988 0.52698570 -0.33749214
v 0.16045801 0.52246910 -0.31964311
v 0.14584748 0.49913967 -0.31597877
v 0.14640322 0.48777762 -0.32210869
v 0.14735617 0.48425785 -0.32324910
v 0.15088750 0.47651282 -0.33253121
v 0.11784972 0.49332058 -0.37423700
v 0.11901365 0.49391130 -0.37660798
v 0.17732610 0.49185091 -0.36091265
v 0.17593603 0.48907301 -0.36119962
v 0.13589865 0.51250684 -0.39236963
v 0.13730721 0.51571894 -0.39197323
v 0.13105017 0.54221892 -0.37287465
v 0.13589284 0.53909111 -0.37543026
v 0.13955985 0.53271306 -0.38198066
v 0.10843947 0.51892054 -0.35084704
v 0.11446913 0.53053093 -0.34999228
v 0.11168929 0.52784657 -0.34667230
v 0.10633642 0.50251526 -0.35508752
v 0.11132745 0.49518833 -0.36630741
v -0.35231981 0.11649416 -0.41444865
v -0.35137951 0.11450477 -0.41527790
v -0.24600421 0.08809543 -0.30348894
v -0.24106017 0.09012024 -0.30647478
v -0.34257302 0.10572308 -0.42072213
v -0.23985460 0.09647200 -0.30730733
v -0.32802871 0.10604490 -0.43039921
v -0.23868772 0.11197527 -0.30869520
v -0.32035613 0.11593083 -0.43637484
v -0.24313909 0.11798928 -0.30616105
v -0.32227045 0.13038337 -0.43639264
v -0.25280070 0.11870037 -0.29942942
v -0.33949813 0.14114910 -0.42468753
v -0.26180246 0.10899692 -0.29306513
v -0.35113454 0.13439430 -0.41628215
v -0.26305583 0.10106537 -0.29223263
v -0.35096902 0.13559760 -0.41662589
v -0.26546204 0.10443679 -0.29045725
v -0.38785136 0.12531906 -0.48666775
v -0.38744447 0.12171517 -0.48568717
v -0.38540983 0.11337879 -0.48666197
v -0.36875954 0.10905045 -0.49544269
v -0.36402220 0.11184137 -0.49850976
v -0.36443102 0.11286777 -0.49887583
v -0.36648205 0.12638606 -0.49539480
v -0.37492222 0.13271986 -0.48969412
v -0.37386861 0.13288559 -0.49017486
v -0.41483957 0.16837330 -0.59326947
v -0.41468033 0.16739945 -0.59276330
v -0.38187817 0.12911735 -0.48315555
v -0.38494858 0.12516654 -0.48212513
v -0.41950721 0.17309108 -0.58798337
v -0.41907412 0.17244750 -0.58943087
v -0.41996810 0.17087965 -0.58985609
v -0.41849777 0.16785043 -0.59110129
v -0.41759694 0.16945980 -0.59245944
v -0.41596246 0.17110689 -0.59245986
v -0.41524374 0.17315304 -0.59026015
v -0.41474974 0.17141564 -0.59173661
v 0.13495353 -0.08179407 0.18384872
v 0.12745559 -0.08258612 0.18997706
v 0.10211951 -0.21127345 0.18024312
v 0.11042312 -0.21603857 0.18105224
v 0.12881474 -0.08467883 0.19334632
v 0.09265847 -0.20481466 0.17868936
v 0.15930086 -0.10352790 0.19370444
v 0.15690506 -0.09453639 0.19068801
v 0.11522724 -0.20304310 0.20583960
v 0.11214602 -0.20743741 0.21436343
v 0.16056988 -0.09304076 0.19669098
v 0.10775591 -0.19289917 0.21273628
v 0.16041873 -0.09043111 0.21809001
v 0.09422550 -0.18682753 0.21482433
v 0.14895821 -0.08518718 0.23088616
v 0.08796260 -0.18921170 0.20724809
v 0.13899606 -0.08019646 0.23153529
v 0.08600362 -0.19797453 0.19393919
v 0.13887785 -0.08283238 0.23190495
v 0.08427300 -0.20323871 0.19190738
v 0.13248131 -0.03417142 0.23473257
v 0.13297728 -0.03880234 0.23946728
v 0.13423428 -0.03997210 0.23410192
v 0.15838380 -0.04455346 0.21453504
v 0.17440771 -0.04632236 0.21789995
v 0.17634599 -0.04768555 0.22528780
v 0.17553496 -0.05246919 0.24743211
v 0.16531731 -0.05017589 0.25698304
v 0.16052027 -0.04887201 0.25919232
v 0.16451813 -0.01476595 0.29558474
v 0.16716446 -0.01567262 0.29533970
v 0.13245913 -0.04113667 0.23808372
v 0.13212708 -0.03682028 0.23515670
v 0.15513362 -0.01106301 0.29224348
v 0.14723445 -0.00403419 0.27512863
v 0.15654671 0.00006002 0.25266451
v 0.18537043 -0.00479171 0.24955469
v 0.17204429 -0.00074562 0.24597278
v 0.17272192 0.00032565 0.24777186
v 0.18925150 -0.00612119 0.25594789
v 0.19255359 -0.01432818 0.27853295
v 0.18521830 -0.01657912 0.28908020
v -0.07594419 0.57522416 -0.42421266
v -0.07810781 0.57591689 -0.42395309
v -0.07903378 0.57336974 -0.42784092
v -0.07989329 0.57330364 -0.42785203
v -0.08607642 0.57309002 -0.41744417
v -0.07721706 0.57474434 -0.41879636
v -0.08310615 0.57106936 -0.41222039
v -0.08590683 0.56628042 -0.41137439
v -0.07975465 0.57713634 -0.42385736
v -0.07991050 0.57519329 -0.42631719
v 0.10330818 -0.43595898 0.38509148
v 0.10408817 -0.41294318 0.39752558
v 0.11529818 -0.44661245 0.39134812
v 0.10700184 -0.43572536 0.38580418
v 0.09981941 -0.43330246 0.38750774
v 0.09997875 -0.43389803 0.38657746
v 0.09627929 -0.42984998 0.43209371
v 0.08715724 -0.44224596 0.40610239
v 0.29196972 0.08474880 0.46563387
v 0.32624304 0.10581443 0.48035607
v 0.32660103 0.10053694 0.47870055
v 0.28784913 0.08694977 0.46679056
v 0.30160913 0.07537469 0.46811086
v 0.27849591 0.10327393 0.47277668
v 0.29866531 0.07954636 0.46602446
v 0.30746585 0.07940471 0.46740955
v 0.27653193 0.10360330 0.47456366
v 0.27948734 0.11431482 0.47353435
v 0.27787018 0.08961374 0.48067585
v 0.28558004 0.08022249 0.48135000
v -0.24072205 0.47841132 0.05049153
v -0.21656936 0.49825770 0.03247968
v -0.24599046 0.49049702 0.03375177
v -0.24821740 0.48854214 0.02411821
v -0.20012778 0.46963853 0.01705236
v -0.23327124 0.49561068 0.04135101
v -0.24271765 0.49480265 0.02501653
v -0.21964134 0.44852674 0.03564330
v 0.46222812 0.47154343 -0.30955216
v 0.49782419 0.43929917 -0.29500160
v 0.47769150 0.45970207 -0.33097467
v 0.47354752 0.46899885 -0.32551992
v 0.47554380 0.47090200 -0.32515457
v 0.46448761 0.47235444 -0.31397915
v 0.48851112 0.42649192 -0.30591282
v 0.49491757 0.44368625 -0.33059695
v 0.10813312 0.52903777 -0.38323581
v 0.10610785 0.52658689 -0.38307658
v 0.11660292 0.52807689 -0.38926381
v 0.11265454 0.53038502 -0.38521078
v 0.10904220 0.53497368 -0.37684894
v 0.11181010 0.53215498 -0.38286123
v 0.12161441 0.53057778 -0.34738714
v 0.12476456 0.52616501 -0.34511194
v 0.10376877 0.52913749 -0.36966872
v 0.10588996 0.53160268 -0.37597448
v -0.41958183 0.17233077 -0.58538651
v -0.41907066 0.17180783 -0.58510268
v -0.41549876 0.16703859 -0.58928728
v -0.41377214 0.16842058 -0.58829981
v -0.41760591 0.17133659 -0.58495724
v -0.41349503 0.16865946 -0.58785790
v -0.41878396 0.17280854 -0.58735979
v -0.41743514 0.16978481 -0.58619618
v -0.07870586 -0.31384331 -0.15878789
v -0.06345442 -0.30453971 -0.16647755
v 0.00335852 -0.41371351 -0.16365153
v -0.01772716 -0.42573532 -0.16282454
v -0.04827641 -0.29656723 -0.16410927
v 0.02953622 -0.39700228 -0.15724283
v -0.03474847 -0.29078791 -0.15557320
v 0.03986405 -0.38682383 -0.13175093
v -0.03055763 -0.28778142 -0.13479763
v 0.02765611 -0.38642493 -0.09721544
v -0.04973724 -0.29589659 -0.11500158
v -0.00889261 -0.40505072 -0.08481863
v -0.07562428 -0.31048977 -0.12019253
v -0.04174352 -0.42736614 -0.09915495
v -0.08454778 -0.31667864 -0.13993545
v -0.04294235 -0.43488079 -0.13186625
v -0.07934058 -0.31381008 -0.15745413
v -0.02917646 -0.42905009 -0.15099353
v -0.13756639 -0.17051551 -0.15783861
v -0.13181308 -0.16778591 -0.17001998
v -0.11927254 -0.16184966 -0.17419977
v -0.10359555 -0.15472195 -0.17238137
v -0.09833449 -0.15220192 -0.15760642
v -0.10718544 -0.15653804 -0.14406070
v -0.12212338 -0.16351427 -0.13909397
v -0.13617028 -0.17000210 -0.14479792
v -0.13749684 -0.17064376 -0.15827027
v -0.17215775 -0.03029706 -0.17988165
v -0.16862331 -0.02885296 -0.18586801
v -0.17442513 -0.02688920 -0.18099537
v -0.17813309 -0.02837488 -0.18053517
v -0.17450257 -0.03367341 -0.18734382
v -0.17471413 -0.03957475 -0.19132121
v -0.17425337 -0.04120114 -0.19208175
v -0.17377608 -0.04178921 -0.19429660
v -0.17862178 -0.04610490 -0.20142293
v -0.19788839 0.04190893 -0.23804227
v -0.20040852 0.04221651 -0.23827726
v -0.20741841 0.04823986 -0.23036881
v -0.21791302 0.04418858 -0.22713172
v -0.22409752 0.03699853 -0.22836584
v -0.22281449 0.03114426 -0.23342702
v -0.21520974 0.02463508 -0.24144201
v -0.20521137 0.02684572 -0.24469855
v -0.20288327 0.02704796 -0.24707054
v -0.26516730 0.15820925 -0.35608160
v -0.26645851 0.15585062 -0.35895693
v -0.26987252 0.16128360 -0.35427737
v -0.27934921 0.16419746 -0.34782434
v -0.28675279 0.16199142 -0.34644696
v -0.29099557 0.15149745 -0.35175931
v -0.29086667 0.14147481 -0.35868633
v -0.28359428 0.14146361 -0.36127573
v -0.27822548 0.14049119 -0.36443299
v -0.31609741 0.23647559 -0.46024048
v -0.30804488 0.24249692 -0.45150527
v -0.30526462 0.25059912 -0.44395527
v -0.30915520 0.25259352 -0.44079757
v -0.31812590 0.25198117 -0.43761766
v -0.32653144 0.24808867 -0.43937355
v -0.32926404 0.24284746 -0.44587499
v -0.31806454 0.23561543 -0.45607057
v -0.31301388 0.23549905 -0.45856786
v -0.31514338 0.26834640 -0.47177312
v -0.31156552 0.26944163 -0.46867457
v -0.30756891 0.27255863 -0.45541683
v -0.31360367 0.27527413 -0.44564903
v -0.32024965 0.27639270 -0.44408318
v -0.32486269 0.27657831 -0.44646001
v -0.32905528 0.27232254 -0.45834538
v -0.32333094 0.26810250 -0.47114462
v -0.32606018 0.26969248 -0.47140181
v -0.29598713 0.35899663 -0.47689068
v -0.28552529 0.35637879 -0.46169290
v -0.28321120 0.35672903 -0.46452022
v -0.28621799 0.35840100 -0.46476561
v -0.29966709 0.36211672 -0.45676523
v -0.30928642 0.36417952 -0.45910817
v -0.30960247 0.36462092 -0.46003667
v -0.30953690 0.36399612 -0.46804124
v -0.30965817 0.36330330 -0.47209340
v -0.27688879 0.45543054 -0.47788522
v -0.28120455 0.45851651 -0.47497922
v -0.30395734 0.36127400 -0.47752467
v -0.29611927 0.35911992 -0.47690737
v -0.25674996 0.45119888 -0.47086486
v -0.25737393 0.45108727 -0.47012717
v -0.25851387 0.45149612 -0.45916066
v -0.26428318 0.45219481 -0.45202053
v -0.26945990 0.45643142 -0.45436388
v -0.27817065 0.45932567 -0.46296111
v -0.27823690 0.45508397 -0.47624120
v -0.27791110 0.45489576 -0.47727561
v 0.14663158 0.00421413 -0.02641222
v 0.14279294 0.00940396 -0.03382050
v 0.04545096 -0.11312693 -0.01091430
v 0.03511331 -0.10469864 -0.00728232
v 0.13843150 0.01228106 -0.03285800
v 0.04560018 -0.11880138 -0.01563277
v 0.13812698 0.00867844 -0.03529668
v 0.04470690 -0.13039023 -0.02202821
v 0.13739336 0.00195700 -0.03871175
v 0.04303043 -0.13483229 -0.02368451
v 0.14101769 -0.00942120 -0.04085365
v 0.04456835 -0.13742641 -0.02016583
v 0.14474289 -0.01234527 -0.04263893
v 0.04699354 -0.13364819 -0.01622410
v 0.14531612 -0.00668688 -0.03860047
v 0.04683445 -0.12431404 -0.01337027
v 0.14732057 -0.00334483 -0.03994127
v 0.05170868 -0.12335767 -0.02104838
v 0.20951124 0.11330033 -0.06537981
v 0.20046183 0.11938100 -0.07249507
v 0.20272902 0.11950983 -0.07315899
v 0.20686203 0.11689277 -0.07386865
v 0.20628907 0.11595854 -0.07097287
v 0.20337206 0.11332581 -0.07032748
v 0.20374045 0.10739097 -0.07103159
v 0.20850489 0.10613199 -0.06877480
v 0.20594290 0.11035924 -0.07158305
v 0.23508286 0.21967089 -0.10601766
v 0.22393705 0.21900921 -0.11741538
v 0.22276554 0.20798862 -0.13758826
v 0.24303058 0.19661391 -0.14305905
v 0.26531303 0.19374202 -0.13434744
v 0.26867479 0.20195109 -0.11724698
v 0.26340076 0.20882112 -0.10636420
v 0.25145128 0.21523532 -0.10168283
v 0.23813647 0.22011700 -0.10371917
v 0.24750638 0.32594195 -0.14830090
v 0.23770347 0.32311904 -0.15688637
v 0.22754528 0.30748361 -0.18585880
v 0.24999696 0.29214433 -0.20181733
v 0.27419651 0.28576779 -0.20460047
v 0.29569516 0.28950390 -0.19138412
v 0.30900091 0.30184525 -0.16783667
v 0.29273126 0.31958902 -0.14512333
v 0.27588731 0.32545942 -0.13969317
v 0.27760053 0.43371996 -0.19870172
v 0.26299670 0.43317860 -0.20303163
v 0.24424946 0.42698506 -0.22107847
v 0.24775659 0.41152313 -0.25114810
v 0.27538389 0.40071481 -0.26393104
v 0.29605642 0.39988676 -0.25702074
v 0.31378320 0.40465921 -0.24210852
v 0.31403932 0.41890392 -0.21444996
v 0.30317867 0.42593586 -0.20261191
v 0.31479722 0.55098897 -0.25473985
v 0.31181711 0.55095774 -0.25373310
v 0.27102813 0.43286318 -0.19922240
v 0.27826470 0.43220666 -0.19752693
v 0.30098611 0.55268812 -0.25379106
v 0.28623748 0.55399162 -0.25978118
v 0.27468416 0.54474652 -0.27986214
v 0.27817553 0.53711271 -0.29807308
v 0.30314335 0.52804154 -0.31001547
v 0.32193545 0.52691466 -0.30009550
v 0.33451146 0.53285915 -0.28470075
v 0.33184817 0.54120415 -0.26708609
v 0.06712179 -0.02067721 0.05234815
v 0.07291459 -0.01597382 0.04725350
v 0.05409284 -0.06153986 0.01943156
v 0.04096867 -0.06058139 0.02196056
v 0.07015221 -0.01708633 0.04488747
v 0.05382256 -0.06445863 0.01270157
v 0.07047772 -0.02381065 0.03929627
v 0.05211974 -0.07236873 0.00683753
v 0.07033267 -0.03290022 0.03462590
v 0.05110149 -0.07807921 0.00520384
v 0.07165282 -0.03852381 0.03346195
v 0.05479411 -0.08400993 0.00657142
v 0.07428476 -0.03616304 0.03581623
v 0.05729637 -0.07594409 0.00722099
v 0.07652383 -0.02953449 0.04110231
v 0.05354991 -0.06898460 0.01342136
v 0.08179014 -0.01962297 0.03640931
v 0.06200013 -0.06297902 0.01002531
v 0.10288075 0.08689517 0.11166243
v 0.10396649 0.09610999 0.10719718
v 0.09660455 0.10177097 0.10894404
v 0.08862821 0.09906453 0.10695550
v 0.08967715 0.09235989 0.10233130
v 0.09441397 0.08403905 0.09203102
v 0.10021660 0.08305147 0.08891928
v 0.10289954 0.08500138 0.09285781
v 0.10342179 0.09361035 0.09022814
v 0.13415158 0.15765989 0.15696441
v 0.13518670 0.16792662 0.15268752
v 0.12887421 0.17603384 0.15937500
v 0.11997668 0.17895018 0.16371599
v 0.11701168 0.18120284 0.15913674
v 0.11403716 0.17957427 0.14828613
v 0.12070384 0.16762067 0.13800587
v 0.12899017 0.16378088 0.13819866
v 0.12710041 0.17115608 0.13688517
v 0.14728545 0.16539469 0.15890963
v 0.14540297 0.17454877 0.16058457
v 0.14222147 0.18112721 0.16933975
v 0.13886748 0.18994622 0.17192641
v 0.13359883 0.19512355 0.16797085
v 0.13188851 0.19343154 0.15711240
v 0.13411921 0.18601142 0.14813749
v 0.14051372 0.17560910 0.14778575
v 0.14127253 0.17835599 0.14734447
v 0.20777334 0.19095279 0.17294483
v 0.20714855 0.19569623 0.17519781
v 0.20373574 0.19871297 0.19155434
v 0.19511901 0.20829415 0.20200026
v 0.19006166 0.21593690 0.19990228
v 0.18807727 0.21828997 0.19392852
v 0.19065875 0.21303755 0.18001518
v 0.19896269 0.20140880 0.16895336
v 0.20150097 0.20019431 0.16852465
v 0.25427935 0.23507021 0.19634990
v 0.25696868 0.22878969 0.20381907
v 0.26348794 0.23022185 0.21477064
v 0.25252312 0.23993540 0.22738770
v 0.24301581 0.24392302 0.23166001
v 0.23594803 0.24794114 0.22173101
v 0.23315419 0.24748777 0.21076161
v 0.24099334 0.24019678 0.20086002
v 0.24845587 0.23667139 0.19535489
v 0.26934534 0.24553943 0.21032017
v 0.26632303 0.24949291 0.20776750
v 0.26688549 0.25666085 0.21453278
v 0.25890866 0.25660822 0.23587814
v 0.24733169 0.25718772 0.23986393
v 0.24080388 0.25727415 0.23578694
v 0.23679493 0.25520831 0.22514173
v 0.24274758 0.25057459 0.21046314
v 0.24753001 0.25092685 0.20516725
v 0.26675951 0.31582949 0.23846719
v 0.26444471 0.31957924 0.23687506
v 0.26663923 0.32228261 0.24107227
v 0.26668018 0.32329747 0.25590253
v 0.25786638 0.32299662 0.26781318
v 0.23580150 0.32107747 0.26656348
v 0.22468708 0.31784579 0.25773257
v 0.22708026 0.31459409 0.25068906
v 0.22893468 0.31182849 0.23984899
v 0.22724877 0.38375112 0.25818133
v 0.22140534 0.38151315 0.26050031
v 0.26028016 0.32019526 0.23300131
v 0.26655936 0.31686181 0.23849750
v 0.24492453 0.38535649 0.26170978
v 0.25082996 0.38728386 0.26908463
v 0.25652486 0.38537350 0.28528184
v 0.25130296 0.38900965 0.29266754
v 0.24833600 0.39080912 0.29702571
v 0.21073158 0.38609359 0.28600675
v 0.21139087 0.38112170 0.28463560
v 0.21004543 0.37792248 0.27495021
v 0.20941426 0.37637341 0.28409269
v 0.08942571 -0.23134066 0.08881789
v 0.09059328 -0.22217941 0.08878808
v 0.04286055 -0.20326416 -0.07718100
v 0.02422244 -0.20151062 -0.07173271
v 0.08565805 -0.22201683 0.08976271
v 0.05784265 -0.21954128 -0.07796004
v 0.08589572 -0.21928561 0.08312219
v 0.06157443 -0.24851704 -0.06950820
v 0.08587330 -0.21907878 0.07584602
v 0.03574038 -0.26209623 -0.05719522
v 0.09007345 -0.22576335 0.07213971
v 0.01107778 -0.25085327 -0.05460414
v 0.09425594 -0.22492516 0.07024380
v 0.00199620 -0.22645804 -0.06068100
v 0.09464525 -0.22367594 0.07407603
v 0.01351588 -0.20818678 -0.06869975
v 0.09965895 -0.21614733 0.07581772
v 0.03150491 -0.20166992 -0.07430010
v 0.11992987 -0.20984580 0.16868784
v 0.11320529 -0.20540237 0.17611499
v 0.10464952 -0.21002407 0.18390287
v 0.10109638 -0.20684829 0.18235889
v 0.09449845 -0.20529833 0.17381568
v 0.09750692 -0.20521554 0.16200006
v 0.10753177 -0.20560703 0.15489376
v 0.11558323 -0.20610572 0.15714388
v 0.11477871 -0.19928239 0.15843272
v 0.13062878 -0.19655861 0.24395925
v 0.12843309 -0.18963356 0.24816129
v 0.12199081 -0.18928483 0.26362854
v 0.11422304 -0.19040048 0.26812398
v 0.11032397 -0.18745665 0.26389906
v 0.10536907 -0.18695569 0.24900901
v 0.11236681 -0.18932354 0.23696408
v 0.11890211 -0.18961692 0.23396993
v 0.11383604 -0.18660952 0.23421001
v 0.13952366 -0.15009561 0.27215055
v 0.14037596 -0.14804210 0.27647489
v 0.14017361 -0.14689723 0.29608721
v 0.12848768 -0.14550278 0.30679813
v 0.12126543 -0.14460076 0.30545178
v 0.11628953 -0.14458284 0.29902437
v 0.11816967 -0.14653414 0.27912685
v 0.12848899 -0.14791194 0.26904181
v 0.12667762 -0.14726421 0.26903874
v 0.14397480 -0.10499167 0.30205059
v 0.15236807 -0.11650489 0.30983448
v 0.15740114 -0.11220457 0.32094115
v 0.14464425 -0.11210966 0.33391649
v 0.13634291 -0.11232159 0.33855426
v 0.12855151 -0.10478020 0.33096281
v 0.12316461 -0.10164219 0.31104529
v 0.12621036 -0.10137372 0.30883104
v 0.13116241 -0.10167554 0.30478692
v 0.15682124 -0.10665849 0.31466955
v 0.15690136 -0.10333905 0.31739920
v 0.15666200 -0.11349910 0.32825890
v 0.15129711 -0.12051597 0.33654788
v 0.14392313 -0.11401066 0.34089920
v 0.12616128 -0.10458133 0.33260804
v 0.12501453 -0.10050237 0.32775751
v 0.13230433 -0.09814210 0.32164234
v 0.14117160 -0.09704581 0.31521863
v 0.16234723 -0.11967221 0.34859723
v 0.16493356 -0.12792030 0.35040498
v 0.16339907 -0.13821048 0.35631129
v 0.16230676 -0.13970590 0.35997146
v 0.14664672 -0.13683656 0.36421937
v 0.13288045 -0.13039237 0.36316323
v 0.13334560 -0.12351441 0.35961360
v 0.13681807 -0.11396304 0.35395825
v 0.13215651 -0.12079346 0.35597104
v 0.16115801 -0.13742793 0.37971517
v 0.15448290 -0.13931689 0.38242272
v 0.15403558 -0.11554185 0.34769145
v 0.16104408 -0.12013406 0.34596199
v 0.17688181 -0.16827679 0.38260236
v 0.17735663 -0.16146904 0.38303077
v 0.17272250 -0.16690698 0.38744724
v 0.15197375 -0.17039505 0.39160115
v 0.14740002 -0.16693956 0.39413992
v 0.14103423 -0.15692863 0.39265990
v 0.14331891 -0.14375752 0.38658589
v 0.14744896 -0.14032915 0.38270220
v -0.27104709 0.43687660 -0.47197679
v -0.28160861 0.43966219 -0.46215445
v -0.27924234 0.43920553 -0.45670408
v -0.27814940 0.45407557 -0.47719604
v -0.26510713 0.44055748 -0.47836608
v -0.28067163 0.44068772 -0.47143006
v -0.26235300 0.43701553 -0.46379602
v -0.26557875 0.43701753 -0.47192445
v -0.27206102 0.44243112 -0.45526600
v -0.27518055 0.44768944 -0.45183417
v 0.31367013 0.56137818 -0.29458186
v 0.31901592 0.52079982 -0.29743502
v 0.30958375 0.55821925 -0.30224839
v 0.29872864 0.56416130 -0.29193279
v 0.29850590 0.56277275 -0.28986707
v 0.30814493 0.55269808 -0.29961047
v 0.30492291 0.56085670 -0.29266033
v 0.30779859 0.56434804 -0.28762257
v 0.23823357 0.35613754 0.27042228
v 0.22665793 0.35339698 0.29019320
v 0.23152247 0.35063264 0.28882301
v 0.24431878 0.35471758 0.29229373
v 0.23936272 0.36473030 0.25995374
v 0.23829708 0.36820191 0.25847858
v 0.23321404 0.36362457 0.26122791
v 0.23190886 0.35417840 0.27933645
v 0.14995176 -0.16974992 0.36710244
v 0.15856090 -0.16692019 0.36480674
v 0.14786945 -0.15795508 0.36769938
v 0.14365837 -0.16041845 0.37119839
v 0.17780618 -0.16026697 0.38365886
v 0.14681956 -0.17088109 0.36775750
v 0.15809898 -0.16031989 0.36440027
v 0.16292359 -0.15607563 0.36377484
v 0.00688973 -0.88705766 -0.05940784
v 0.01523770 -0.82764775 -0.05303809
v -0.05104770 -0.83167136 -0.04933162
v -0.06425747 -0.89087403 -0.06268557
v -0.09743286 -0.81887132 -0.08607762
v -0.10413530 -0.87714553 -0.10304866
v -0.10713360 -0.79892445 -0.12088829
v -0.10700321 -0.85291791 -0.13643539
v -0.08573932 -0.78162992 -0.16284098
v -0.07822351 -0.82980913 -0.17897937
v 0.06970944 -0.80919844 -0.10247372
v 0.07054789 -0.86635292 -0.10162888
v 0.02937875 -0.82802528 -0.06249987
v 0.02165674 -0.88763666 -0.06701189
v 0.02554110 -0.65489876 -0.05612699
v -0.01910453 -0.65251422 -0.03996225
v -0.03053187 -0.71715569 -0.03600790
v 0.01954450 -0.71261686 -0.05041263
v -0.07611708 -0.65390188 -0.05632523
v -0.07925169 -0.71430701 -0.06029607
v -0.09538495 -0.65625668 -0.09416734
v -0.09446311 -0.70588261 -0.09332599
v -0.08151547 -0.65993363 -0.12924638
v -0.08666100 -0.69441980 -0.13102978
v -0.04395729 -0.66984141 -0.15752935
v -0.03740848 -0.69256681 -0.15972938
v 0.01802718 -0.67208719 -0.14770068
v 0.02382077 -0.69765890 -0.14395034
v 0.04763788 -0.66616225 -0.10674611
v 0.04906084 -0.70473987 -0.09899040
v 0.03874550 -0.66421551 -0.07292099
v 0.03171631 -0.71536177 -0.06390549
v 0.04434422 -0.52447826 -0.08863126
v 0.00816199 -0.51929975 -0.06251113
v -0.04866899 -0.51512784 -0.07025239
v -0.08135489 -0.51814759 -0.10163265
v -0.08130655 -0.52330786 -0.14003107
v -0.04845036 -0.53029197 -0.16943249
v 0.00424238 -0.53550690 -0.17063016
v 0.04268808 -0.53577864 -0.14346749
v 0.05201675 -0.53495908 -0.11051509
v 0.05369117 -0.39519936 -0.11971614
v 0.03982157 -0.39919192 -0.07790500
v -0.01872542 -0.39175057 -0.06916021
v -0.06090631 -0.38418961 -0.09612244
v -0.06540900 -0.37494418 -0.13831522
v -0.03749087 -0.37084344 -0.16444209
v -0.00227998 -0.37416387 -0.16800566
v 0.03132624 -0.38400444 -0.15863849
v 0.05392887 -0.39607376 -0.13486172
v 0.06375092 -0.35564891 -0.10932723
v 0.04263326 -0.36814922 -0.07776798
v -0.00410613 -0.37059426 -0.06275764
v -0.05458977 -0.35330421 -0.07981844
v -0.06097498 -0.32697913 -0.12430646
v -0.03231998 -0.31602973 -0.15140156
v 0.00397086 -0.31636882 -0.15954371
v 0.04132380 -0.33066493 -0.15237108
v 0.06542751 -0.35343286 -0.12983738
v 0.06013505 -0.20316961 -0.06285451
v 0.06617401 -0.22512744 -0.04200480
v 0.04345233 -0.23365535 -0.03019017
v 0.01993782 -0.22577885 -0.03540969
v 0.00619247 -0.20952623 -0.04817444
v 0.01341792 -0.19326928 -0.06029047
v 0.02679036 -0.18585983 -0.06743914
v 0.04298007 -0.19175735 -0.06624626
v 0.06255051 -0.20521626 -0.05752388
v 0.04527564 -0.06684364 0.00646236
v 0.05312184 -0.07820558 0.00823029
v 0.04994567 -0.08570673 0.00395820
v 0.04752255 -0.09085015 0.00659220
v 0.04930179 -0.08206714 0.00410045
v 0.04455903 -0.07468221 0.00710062
v 0.04600531 -0.06478840 0.01297349
v 0.04608977 -0.06262192 0.01411332
v 0.05748362 -0.06845757 0.02086233
v 0.03948531 -0.03397559 0.01209893
v 0.04769995 -0.04350333 0.01531035
v 0.04249723 -0.05271406 0.01340465
v 0.04076692 -0.05912261 0.01516000
v 0.04083069 -0.05454679 0.01557947
v 0.04874663 -0.04418455 0.01690162
v 0.04301847 -0.03107388 0.01341634
v 0.04143694 -0.02982312 0.01890414
v 0.05280029 -0.02942226 0.02609350
v 0.02359140 0.00410588 0.00537275
v 0.02450619 -0.00008522 0.01970283
v 0.02905360 -0.00737925 0.02024999
v 0.02852308 -0.01185392 0.01197605
v 0.02262702 -0.01047505 0.01531175
v 0.02926586 0.00431064 0.01812772
v 0.02972424 0.01219226 0.01918286
v 0.02853944 0.01750540 0.02019187
v 0.03896588 0.02074767 0.02600300
v -0.03929501 0.10982489 0.00802880
v -0.03160064 0.10866143 0.01040096
v -0.02975067 0.09561184 0.00314551
v -0.03193716 0.09013009 0.00246204
v -0.03467116 0.09049256 0.00852771
v -0.03483355 0.09803986 0.00592489
v -0.03344870 0.10571236 0.00100571
v -0.03237860 0.11299620 0.00435983
v -0.03137980 0.11312639 0.01292657
v -0.05838853 0.21805799 -0.01535566
v -0.05477715 0.21528956 -0.01281077
v -0.05488119 0.20458162 -0.01927985
v -0.05724739 0.20295766 -0.01974619
v -0.05714068 0.20386028 -0.00900930
v -0.05579076 0.20925900 -0.01357464
v -0.05953755 0.21243159 -0.02109213
v -0.05709628 0.21738511 -0.02213127
v -0.05171713 0.22003871 -0.01264793
v -0.06654334 0.26397401 -0.03473283
v -0.06288296 0.26116461 -0.02848268
v -0.06631226 0.25516674 -0.02949734
v -0.06167062 0.25166035 -0.02779733
v -0.06386442 0.25555056 -0.02707074
v -0.07594050 0.26088551 -0.02630646
v -0.07758773 0.26255667 -0.03537371
v -0.06835140 0.26373249 -0.03806562
v -0.05847319 0.26552376 -0.03222956
v -0.03836659 0.37805665 -0.10135323
v -0.03356360 0.37933761 -0.09037639
v -0.03215434 0.38104796 -0.07972376
v -0.03808573 0.38153619 -0.07062645
v -0.04525509 0.38221106 -0.07008394
v -0.05448102 0.38535452 -0.07415305
v -0.05957493 0.38554347 -0.08462647
v -0.05822990 0.38199377 -0.10035983
v -0.04362167 0.37817013 -0.10351159
v -0.02039451 0.49283636 -0.14277874
v -0.01304811 0.49173549 -0.14095883
v -0.03378273 0.37943107 -0.09078994
v -0.03820862 0.37860435 -0.10149208
v -0.00009370 0.49272221 -0.13205719
v 0.00698911 0.50144386 -0.11690389
v -0.00221101 0.50509167 -0.10003091
v -0.01650476 0.50628644 -0.08958101
v -0.03909699 0.51024526 -0.09422734
v -0.05243460 0.51253223 -0.11549453
v -0.04575038 0.50421584 -0.13407004
v -0.03387871 0.49655852 -0.14207582
v -0.00909055 0.51973808 -0.12726988
v -0.01197237 0.50857705 -0.14007424
v -0.02137018 0.51184368 -0.14110473
v -0.02860769 0.52018225 -0.13184708
v -0.03214850 0.52416080 -0.12037107
v -0.02939221 0.51832128 -0.10330189
v -0.01909504 0.51547271 -0.10115971
v -0.01311609 0.51892358 -0.11156568
v 0.09186188 -0.92707956 -0.10093419
v 0.02607144 -0.95663881 -0.06364475
v -0.08139549 -0.96228141 -0.07006951
v 0.00981337 -0.95624965 -0.05646491
v -0.12307622 -0.94574833 -0.11618316
v -0.12152089 -0.90992004 -0.15127648
v -0.08076446 -0.87294281 -0.20065372
v 0.00694221 -0.90240282 -0.19176704
v 0.06645060 -0.93102127 -0.15675360
v 0.06815418 -0.96779144 -0.11131915
v 0.00720613 -0.99766058 -0.08331716
v -0.07638478 -0.98273104 -0.08222334
v -0.13584198 -0.92344832 -0.11113334
v -0.13464597 -0.88806963 -0.15611565
v -0.07767025 -0.88635516 -0.19339034
v -0.20012039 -0.89012694 -0.11700824
v -0.20259070 -0.87894547 -0.11657465
v -0.09498988 -0.83631051 -0.13871706
v -0.09312667 -0.85209072 -0.15267484
v -0.20263696 -0.88485527 -0.12008522
v -0.09481769 -0.84176266 -0.11922754
v -0.20263883 -0.89391375 -0.12916911
v -0.09251993 -0.86738575 -0.10572504
v -0.20265809 -0.90081358 -0.13967904
v -0.08928971 -0.89918959 -0.10569026
v -0.20277339 -0.90037245 -0.14507367
v -0.08702102 -0.91858947 -0.12025476
v -0.20284542 -0.89299691 -0.14117695
v -0.08721708 -0.91303635 -0.14110711
v -0.20275977 -0.88400328 -0.13061684
v -0.08973041 -0.88602877 -0.15502594
v -0.20532399 -0.86947787 -0.12870005
v -0.09243616 -0.85720980 -0.15363057
v -0.29774532 -0.90773094 -0.11535509
v -0.30143765 -0.90101099 -0.11426842
v -0.30105385 -0.90470523 -0.11194385
v -0.30119738 -0.91242558 -0.11666773
v -0.30188689 -0.92058402 -0.12700699
v -0.30228478 -0.92200118 -0.13848898
v -0.30094594 -0.91526812 -0.14116004
v -0.30257049 -0.90810496 -0.13347152
v -0.30770594 -0.90075588 -0.13376153
v -0.30213374 -0.91059446 -0.11670299
v -0.30740526 -0.90582335 -0.11516012
v -0.30685067 -0.90949577 -0.11265372
v -0.30744508 -0.91639370 -0.11606099
v -0.30904225 -0.92350692 -0.12419493
v -0.31105101 -0.92624801 -0.13343135
v -0.31260386 -0.92110658 -0.13788117
v -0.31173167 -0.91191554 -0.13234422
v -0.31779581 -0.90644503 -0.13101284
v -0.30870146 -0.91544914 -0.11527121
v -0.31449169 -0.91282260 -0.11386207
v -0.31349629 -0.91690189 -0.11178854
v -0.31420952 -0.92347169 -0.11412212
v -0.31662133 -0.92975491 -0.12014899
v -0.32032621 -0.93142730 -0.12713413
v -0.32283753 -0.92594039 -0.13032013
v -0.32129729 -0.91748500 -0.12667558
v -0.32745311 -0.91412407 -0.12565108
v -0.31623080 -0.92459214 -0.10998763
v -0.32165244 -0.92409772 -0.10929304
v -0.31969243 -0.92894101 -0.10809182
v -0.32039133 -0.93569684 -0.10974159
v -0.32356402 -0.94145668 -0.11369669
v -0.32846940 -0.94258124 -0.11805242
v -0.33219600 -0.93706965 -0.11981837
v -0.33106941 -0.92849195 -0.11741847
v -0.33637512 -0.92671454 -0.11698520
v -0.33081582 -0.95561719 -0.09070762
v -0.33471528 -0.95532227 -0.09016727
v -0.32906216 -0.96011078 -0.08787853
v -0.32830739 -0.96940643 -0.08981135
v -0.33270091 -0.97727549 -0.09452005
v -0.33921438 -0.97950429 -0.09929004
v -0.34442213 -0.97498512 -0.10159718
v -0.34539640 -0.96603900 -0.09995474
v -0.34863693 -0.96345776 -0.09943323
v -0.35502222 -0.98852313 -0.07880345
v -0.35785961 -0.98564905 -0.07738650
v -0.35166377 -0.98696357 -0.06820011
v -0.34783620 -0.99804294 -0.06751134
v -0.35062921 -1.00923252 -0.07630849
v -0.35604322 -1.01395011 -0.08679315
v -0.36100143 -1.01179194 -0.09418768
v -0.36357474 -1.00310469 -0.09479575
v -0.36565661 -0.99841177 -0.09369379
v -0.42215130 -1.01930809 -0.08005163
v -0.41930699 -1.01625502 -0.07264519
v -0.41543943 -1.01552153 -0.06111802
v -0.41123751 -1.02440405 -0.05344640
v -0.40969837 -1.03733206 -0.05823378
v -0.41176674 -1.04625165 -0.07236244
v -0.41600966 -1.04631186 -0.08721372
v -0.41994742 -1.03778243 -0.09441178
v -0.42109486 -1.03395402 -0.09533116
v -0.49122128 -1.04611337 -0.08780172
v -0.49106786 -1.04867983 -0.09047472
v -0.41989988 -1.01842713 -0.08635741
v -0.41843852 -1.01887989 -0.08223051
v -0.48924351 -1.03923345 -0.07253614
v -0.48805425 -1.03781521 -0.06574211
v -0.48349437 -1.04443860 -0.05212978
v -0.47981015 -1.05828667 -0.04986760
v -0.47915277 -1.07125545 -0.06023815
v -0.48190162 -1.07580829 -0.07720119
v -0.48645750 -1.06925058 -0.09086134
v -0.48811269 -1.06503177 -0.09443077
v -0.11916094 -0.91587180 -0.09645991
v -0.12083174 -0.90088212 -0.09024273
v -0.09558716 -0.85999495 -0.10806457
v -0.10023679 -0.87901217 -0.11853930
v -0.11622208 -0.89638031 -0.08571619
v -0.07795167 -0.85533392 -0.09048141
v -0.10267248 -0.90111613 -0.07763828
v -0.05338446 -0.87734509 -0.07421149
v -0.08690315 -0.92208451 -0.07273823
v -0.04099710 -0.91716385 -0.07483892
v -0.08510931 -0.94625837 -0.08119531
v -0.05189287 -0.94503057 -0.09417616
v -0.09962181 -0.94920778 -0.09599270
v -0.07633132 -0.93918008 -0.11616026
v -0.11446387 -0.93025613 -0.10069530
v -0.09460820 -0.90946603 -0.12388871
v -0.12295254 -0.90665025 -0.09587273
v -0.09990464 -0.88173556 -0.11923771
v -0.13713783 -0.94422126 -0.07799102
v -0.14187084 -0.93332529 -0.07311265
v -0.14189598 -0.93593264 -0.07410888
v -0.13926163 -0.93875897 -0.07626510
v -0.13065477 -0.94464326 -0.07558583
v -0.12396934 -0.95618331 -0.07764792
v -0.12900807 -0.95985854 -0.08408971
v -0.13819949 -0.94843137 -0.08463281
v -0.14851934 -0.93024004 -0.08027441
v -0.15147614 -0.96494323 -0.06756760
v -0.15806364 -0.95843840 -0.06333618
v -0.15834346 -0.96401507 -0.06433825
v -0.15927021 -0.96934885 -0.06863543
v -0.15720959 -0.97076428 -0.07185584
v -0.15124851 -0.97169363 -0.07405685
v -0.14573136 -0.97183132 -0.08142665
v -0.15571256 -0.96524626 -0.07526109
v -0.16883819 -0.95390844 -0.07008663
v -0.15264586 -0.96823001 -0.06840055
v -0.15924875 -0.96588707 -0.06473175
v -0.15967691 -0.97285831 -0.06696749
v -0.16140817 -0.97798920 -0.07023309
v -0.16025315 -0.97723079 -0.07110333
v -0.15410848 -0.97583413 -0.07162076
v -0.15450445 -0.97622585 -0.07461719
v -0.15930951 -0.96798456 -0.07308283
v -0.17162983 -0.96061754 -0.06658034
v -0.15378532 -0.97321516 -0.06659737
v -0.16027519 -0.97425997 -0.06452452
v -0.16030712 -0.98289245 -0.06915008
v -0.16229276 -0.98896742 -0.07254152
v -0.16240630 -0.98741716 -0.07126924
v -0.15718748 -0.98242611 -0.06879185
v -0.15625495 -0.97931826 -0.06953426
v -0.16182105 -0.97352839 -0.06719619
v -0.17355165 -0.96945930 -0.06165940
v -0.15336008 -0.98679948 -0.06391910
v -0.15941292 -0.98994207 -0.06340055
v -0.15860730 -0.99917054 -0.06998450
v -0.16060163 -1.00613666 -0.07355431
v -0.16204783 -1.00473821 -0.07060067
v -0.15823114 -0.99753773 -0.06552000
v -0.15631814 -0.99265492 -0.06390400
v -0.16075221 -0.98855227 -0.06156644
v -0.17252608 -0.98787504 -0.05745757
v -0.14786541 -1.01160133 -0.06147006
v -0.15348053 -1.01473033 -0.06112789
v -0.15131637 -1.02263319 -0.06790434
v -0.15288538 -1.03022647 -0.07140861
v -0.15592876 -1.02973533 -0.06776518
v -0.15355280 -1.02144635 -0.06125525
v -0.14951761 -1.01604640 -0.05920613
v -0.15237643 -1.01464963 -0.05858114
v -0.16367826 -1.01709342 -0.05571884
v -0.14445895 -1.02414846 -0.06233607
v -0.15038693 -1.02659345 -0.06211378
v -0.14774533 -1.03217745 -0.06737880
v -0.14827992 -1.03867030 -0.06911896
v -0.15160504 -1.03816605 -0.06486210
v -0.15056758 -1.02955556 -0.05865048
v -0.14544755 -1.02448440 -0.05701438
v -0.14649542 -1.02581954 -0.05814587
v -0.15699638 -1.03095973 -0.05654104
v -0.13991895 -1.03605187 -0.06224295
v -0.14659247 -1.03856361 -0.06275360
v -0.14440027 -1.04124582 -0.06661339
v -0.14351922 -1.04528821 -0.06593356
v -0.14558466 -1.04436803 -0.06010246
v -0.14601044 -1.03628182 -0.05407767
v -0.14131853 -1.03055990 -0.05363841
v -0.13992630 -1.03421044 -0.05658725
v -0.14869364 -1.04293263 -0.05625308
v -0.13194981 -1.04568481 -0.05875503
v -0.13964841 -1.04980671 -0.05997339
v -0.13943461 -1.05029488 -0.06380039
v -0.13801499 -1.05178714 -0.06223425
v -0.13899675 -1.04951477 -0.05491722
v -0.13941258 -1.04108489 -0.04842366
v -0.13490358 -1.03488505 -0.04884999
v -0.13118370 -1.03969228 -0.05299085
v -0.13684437 -1.05123925 -0.05364834
v -0.08602148 -1.06775212 -0.03933355
v -0.09440172 -1.07796490 -0.03791425
v -0.10546345 -1.07812095 -0.03564760
v -0.11025251 -1.07162535 -0.03486159
v -0.11073279 -1.06296277 -0.03226098
v -0.10792921 -1.05133522 -0.02993786
v -0.09877852 -1.04279256 -0.03296086
v -0.08728940 -1.04823160 -0.03902784
v -0.08489609 -1.06244469 -0.04173896
v -0.04812528 -1.08387256 -0.02555442
v -0.05424487 -1.09637654 -0.02659664
v -0.07193341 -1.10551286 -0.02124232
v -0.08454021 -1.09807944 -0.01270926
v -0.09149513 -1.08498216 -0.01230261
v -0.08738539 -1.06923461 -0.01166111
v -0.07384779 -1.05729508 -0.01433378
v -0.05625033 -1.05886495 -0.02080077
v -0.04879893 -1.06980598 -0.02602163
v -0.04528016 -1.08979559 -0.02092347
v -0.05220461 -1.09998500 -0.02461195
v -0.07098294 -1.10663807 -0.02414548
v -0.08569859 -1.10097694 -0.01858264
v -0.09223695 -1.08788860 -0.01472649
v -0.08740897 -1.07451379 -0.01056519
v -0.07248145 -1.06503141 -0.00879008
v -0.05344522 -1.06728411 -0.01215613
v -0.04556408 -1.07629454 -0.01743072
v -0.04546170 -1.09667706 -0.01748675
v -0.05174798 -1.10441518 -0.02296987
v -0.07061368 -1.10850668 -0.02617860
v -0.08669606 -1.10142100 -0.02257860
v -0.09233946 -1.09009647 -0.01672292
v -0.08778337 -1.07953119 -0.01051015
v -0.07332624 -1.07299960 -0.00591654
v -0.05443142 -1.07642198 -0.00688201
v -0.04609716 -1.08422256 -0.01174778
v -0.04869775 -1.10642815 -0.01408046
v -0.05295537 -1.11074936 -0.02082658
v -0.06949958 -1.11110497 -0.02782610
v -0.08549933 -1.10275614 -0.02624816
v -0.09207905 -1.09275651 -0.01939818
v -0.08874988 -1.08590150 -0.01130870
v -0.07634098 -1.08377087 -0.00423545
v -0.05904045 -1.08919764 -0.00260964
v -0.05030522 -1.09578609 -0.00653130
v -0.06643485 -1.12995291 -0.01356569
v -0.06761283 -1.13369048 -0.02031216
v -0.07710095 -1.13194561 -0.02634540
v -0.08899486 -1.12476158 -0.02665165
v -0.09538479 -1.11793685 -0.02187485
v -0.09543188 -1.11465478 -0.01603988
v -0.08934631 -1.11467123 -0.01017711
v -0.07784783 -1.11891365 -0.00668010
v -0.06982526 -1.12352967 -0.00787497
v -0.08675424 -1.15399730 -0.01654378
v -0.08521501 -1.15476656 -0.01803350
v -0.06667589 -1.13068807 -0.01485750
v -0.06696761 -1.13039052 -0.01265681
v -0.08588601 -1.15728736 -0.02166951
v -0.08991156 -1.15564299 -0.02423915
v -0.09708484 -1.15109777 -0.02460220
v -0.10128212 -1.14709020 -0.02192527
v -0.10206787 -1.14597631 -0.01946944
v -0.10013089 -1.14652145 -0.01726222
v -0.09457201 -1.14843106 -0.01493660
v -0.08881813 -1.15106523 -0.01467827
v -0.00944492 -0.97391713 -0.07384555
v -0.01376589 -0.95625508 -0.06186226
v -0.01864690 -0.88553947 -0.05892521
v -0.03597898 -0.91328037 -0.06669021
v 0.00738809 -0.92298198 -0.05182590
v 0.01925393 -0.86103499 -0.06739113
v 0.04295108 -0.90142071 -0.06049699
v 0.05223067 -0.86291277 -0.09042919
v 0.07251508 -0.90384209 -0.08289957
v 0.06088778 -0.89049298 -0.11456530
v 0.07906133 -0.92925036 -0.10621259
v 0.04004792 -0.92738229 -0.12533054
v 0.05837053 -0.96296495 -0.11660051
v 0.00200757 -0.95174122 -0.11656925
v 0.02239776 -0.98490196 -0.10783668
v -0.03090438 -0.94932246 -0.09363059
v -0.00144751 -0.98534548 -0.09666538
v -0.04009424 -0.93333304 -0.08058237
v 0.02311605 -1.01005912 -0.08039440
v 0.00981424 -1.00355315 -0.06758994
v 0.01442022 -0.97607505 -0.04838042
v 0.04025062 -0.94656736 -0.04540433
v 0.07229033 -0.93205887 -0.06046389
v 0.09201453 -0.94133949 -0.08501805
v 0.08755035 -0.96931732 -0.10448888
v 0.06146608 -0.99906051 -0.10719658
v 0.03779083 -1.01053369 -0.10210764
v 0.05695084 -1.03038919 -0.08808957
v 0.04301372 -1.03603971 -0.07459508
v 0.03837311 -1.02233148 -0.05003752
v 0.05242417 -0.99456000 -0.03776392
v 0.07698746 -0.96836090 -0.04463544
v 0.09818957 -0.95859230 -0.06699309
v 0.10387832 -0.97176814 -0.09272572
v 0.08967486 -1.00100112 -0.10593630
v 0.07219918 -1.01992631 -0.10512604
v 0.10426816 -1.04181397 -0.10088566
v 0.09230816 -1.05604482 -0.09218919
v 0.08330010 -1.06316376 -0.07099037
v 0.08644760 -1.05167449 -0.04776411
v 0.10187341 -1.02723575 -0.03879362
v 0.12058751 -1.00388825 -0.04899988
v 0.13188589 -0.99504983 -0.07267435
v 0.12915583 -1.00614822 -0.09637704
v 0.11935665 -1.02086318 -0.10490751
v 0.15471283 -1.05356443 -0.10496619
v 0.15278974 -1.05443442 -0.10604779
v 0.10250241 -1.04796064 -0.10273358
v 0.10778891 -1.04020751 -0.10235953
v 0.13905658 -1.07364631 -0.10114880
v 0.13152985 -1.08238649 -0.09500167
v 0.12427944 -1.08772206 -0.07238117
v 0.12925404 -1.07654452 -0.05183269
v 0.14351432 -1.05542731 -0.04540531
v 0.15869799 -1.03673220 -0.05683635
v 0.16592006 -1.03140187 -0.07941845
v 0.16390885 -1.03549480 -0.09205464
v 0.09828071 -0.89100480 -0.15537962
v 0.10836163 -0.86265367 -0.15179349
v 0.06482764 -0.83856070 -0.12325627
v 0.07102012 -0.87518936 -0.11899377
v 0.09804091 -0.82229298 -0.16282932
v 0.03405747 -0.81002635 -0.14189865
v 0.06783877 -0.80531949 -0.18204898
v -0.00371537 -0.81690198 -0.16188295
v 0.03747366 -0.81973809 -0.19705597
v -0.02621884 -0.85504293 -0.17108241
v 0.02262044 -0.85441792 -0.20113941
v -0.02037692 -0.90181327 -0.16434073
v 0.02984870 -0.89286238 -0.19265814
v 0.01034615 -0.93002570 -0.14590308
v 0.05813223 -0.91373521 -0.17405471
v 0.04802286 -0.92343223 -0.12642175
v 0.08215874 -0.90771729 -0.16030701
v 0.06463385 -0.89816916 -0.11687274
v 0.10907086 -0.88902241 -0.20482183
v 0.12636843 -0.87928718 -0.19672480
v 0.13304158 -0.85161567 -0.19782460
v 0.12048367 -0.83088815 -0.20768596
v 0.10164162 -0.82920229 -0.21655048
v 0.08860455 -0.84055603 -0.22057742
v 0.08307361 -0.85834205 -0.22163609
v 0.08730061 -0.87942898 -0.21759877
v 0.10075717 -0.89111698 -0.20895687
v 0.11199581 -0.88163495 -0.22081995
v 0.12801045 -0.87857735 -0.21339212
v 0.13717897 -0.85941416 -0.21349262
v 0.13047476 -0.84269279 -0.22023301
v 0.11745905 -0.83945584 -0.22506382
v 0.10835289 -0.84489447 -0.22638214
v 0.10321153 -0.85445875 -0.22782785
v 0.10208023 -0.86898643 -0.22770590
v 0.11017861 -0.88172549 -0.22190624
v 0.12662779 -0.87354499 -0.24622428
v 0.13576381 -0.87819403 -0.23880076
v 0.14243224 -0.87146604 -0.23628375
v 0.14134787 -0.86228490 -0.23852615
v 0.13586836 -0.85998213 -0.23879701
v 0.13357292 -0.86073315 -0.23604153
v 0.13335037 -0.86108208 -0.23638895
v 0.13145413 -0.86474681 -0.24092999
v 0.13291790 -0.87499595 -0.23977177
v 0.13797383 -0.87255812 -0.25340039
v 0.14298008 -0.87861991 -0.24596941
v 0.14709148 -0.87485915 -0.24248308
v 0.14687151 -0.86758792 -0.24362749
v 0.14351268 -0.86630219 -0.24352023
v 0.14275941 -0.86662048 -0.23898897
v 0.14404966 -0.86471820 -0.23756190
v 0.14353560 -0.86533004 -0.24277455
v 0.14376661 -0.87430716 -0.24312803
v 0.14502713 -0.87250179 -0.25579590
v 0.14762257 -0.87894571 -0.24853101
v 0.15006806 -0.87614393 -0.24470159
v 0.15006444 -0.86948526 -0.24573156
v 0.14783657 -0.86884212 -0.24569690
v 0.14746115 -0.86911964 -0.24031913
v 0.14882134 -0.86623812 -0.23771326
v 0.14900586 -0.86560023 -0.24279174
v 0.14900786 -0.87399256 -0.24364090
v 0.15433030 -0.87264895 -0.25742090
v 0.15461347 -0.87936240 -0.25056237
v 0.15493578 -0.87785751 -0.24675985
v 0.15460886 -0.87182033 -0.24703260
v 0.15456361 -0.87147713 -0.24725872
v 0.15449335 -0.87168288 -0.24160364
v 0.15531322 -0.86815232 -0.23812070
v 0.15589973 -0.86645627 -0.24269205
v 0.15570596 -0.87405282 -0.24396966
v 0.16449343 -0.87352300 -0.25723702
v 0.16178106 -0.87968802 -0.25056195
v 0.16037713 -0.87837207 -0.24740104
v 0.16073123 -0.87330198 -0.24793303
v 0.16201749 -0.87321717 -0.24734624
v 0.16161071 -0.87323666 -0.24228150
v 0.16117319 -0.86988628 -0.23914558
v 0.16193612 -0.86800897 -0.24314362
v 0.16145815 -0.87494105 -0.24414477
v 0.20301184 -0.87859654 -0.24038298
v 0.19927935 -0.88657504 -0.23579629
v 0.19518146 -0.88549709 -0.23042774
v 0.19426924 -0.87629044 -0.22911313
v 0.19772352 -0.87039661 -0.23284198
v 0.20047431 -0.87156129 -0.23424599
v 0.20048322 -0.87325585 -0.23261352
v 0.20056202 -0.87431729 -0.23368508
v 0.19998159 -0.88187444 -0.23417419
v 0.23603790 -0.88503575 -0.22745420
v 0.23350863 -0.89420199 -0.22282103
v 0.22937359 -0.89451653 -0.21271408
v 0.22745530 -0.88256812 -0.20654768
v 0.22994439 -0.86904126 -0.21108550
v 0.23410051 -0.86542910 -0.22034007
v 0.23631987 -0.87032223 -0.22546235
v 0.23653141 -0.87690151 -0.22677785
v 0.23594193 -0.88531888 -0.22717100
v 0.24155635 -0.88521051 -0.22709560
v 0.24072850 -0.89455009 -0.22324631
v 0.24152923 -0.89660376 -0.21311101
v 0.24418618 -0.88628066 -0.20576555
v 0.24645625 -0.87254685 -0.20939237
v 0.24632919 -0.86741978 -0.21904436
v 0.24450845 -0.87123609 -0.22496158
v 0.24278207 -0.87744796 -0.22643170
v 0.24153782 -0.88534170 -0.22698198
v 0.26552334 -0.88584679 -0.22874443
v 0.26480410 -0.89349651 -0.22748283
v 0.26618442 -0.89795399 -0.22185643
v 0.26973677 -0.89342028 -0.21542703
v 0.27224469 -0.88323116 -0.21588215
v 0.27134520 -0.87725282 -0.22205493
v 0.26865369 -0.87842298 -0.22644673
v 0.26668993 -0.88207185 -0.22729558
v 0.26531813 -0.88754439 -0.22781834
v 0.29168552 -0.88809907 -0.23047277
v 0.29082495 -0.89402175 -0.22997910
v 0.26479408 -0.89346021 -0.22755212
v 0.26558822 -0.88592833 -0.22867566
v 0.29051888 -0.89240938 -0.23264870
v 0.29083049 -0.89708835 -0.23032582
v 0.29255337 -0.89713329 -0.22686967
v 0.29436103 -0.89220190 -0.22574785
v 0.29412183 -0.88809997 -0.22823508
v 0.29256156 -0.88809699 -0.22991282
v 0.29166746 -0.88928485 -0.22917913
v 0.29084235 -0.89216113 -0.22923586
v -0.12655482 -0.86744505 -0.24350634
v -0.11958531 -0.85027361 -0.24980095
v -0.03052852 -0.80711031 -0.17761467
v -0.01065801 -0.83317810 -0.18688068
v -0.12263615 -0.82863313 -0.25014028
v -0.06495223 -0.80611748 -0.15701310
v -0.13587965 -0.81539935 -0.24166769
v -0.08592825 -0.83590490 -0.14221342
v -0.15093854 -0.82224125 -0.22927245
v -0.08803461 -0.87312031 -0.13902496
v -0.15638262 -0.84235483 -0.22384340
v -0.07247253 -0.90511495 -0.14526932
v -0.15256190 -0.86084104 -0.22533904
v -0.04009283 -0.91485816 -0.16223224
v -0.14153156 -0.87227994 -0.23164180
v -0.01100211 -0.88855982 -0.18106511
v -0.12837522 -0.86904299 -0.24043879
v -0.00606104 -0.85435820 -0.18478577
v -0.13724497 -0.87126637 -0.24870488
v -0.13250402 -0.85552716 -0.25976053
v -0.13638467 -0.83052444 -0.26277632
v -0.14767054 -0.81389904 -0.25126088
v -0.15788093 -0.81930536 -0.23362041
v -0.15984450 -0.83965886 -0.22491691
v -0.15583181 -0.85897315 -0.22550331
v -0.14794958 -0.87239373 -0.23204590
v -0.13887244 -0.87305570 -0.24275923
v -0.15072708 -0.87768835 -0.25108871
v -0.14901364 -0.86566168 -0.26611152
v -0.15568592 -0.83878982 -0.27378851
v -0.16674218 -0.81726587 -0.26170003
v -0.17335428 -0.81853932 -0.23962241
v -0.17158780 -0.83801973 -0.22685333
v -0.16572066 -0.85833681 -0.22594635
v -0.15832253 -0.87377155 -0.23166117
v -0.15163146 -0.87868297 -0.24214736
v -0.17962913 -0.89026368 -0.24934274
v -0.17650284 -0.88464510 -0.26542634
v -0.18173093 -0.85893756 -0.27994755
v -0.19280536 -0.83154494 -0.27252558
v -0.20075792 -0.82449102 -0.24933353
v -0.20035379 -0.83998150 -0.23134127
v -0.19491947 -0.86135828 -0.22693294
v -0.18789767 -0.87934041 -0.23042622
v -0.18123958 -0.88888192 -0.23836499
v -0.21488842 -0.89908028 -0.25079751
v -0.20729963 -0.89708811 -0.26489869
v -0.20291126 -0.87430125 -0.28224069
v -0.20861934 -0.84359068 -0.28079236
v -0.22033322 -0.82878441 -0.26041764
v -0.22854398 -0.83940929 -0.23938635
v -0.22953779 -0.86197388 -0.23081115
v -0.22543699 -0.88346481 -0.23268294
v -0.21915708 -0.89535320 -0.23912057
v -0.26052833 -0.89728367 -0.25967595
v -0.24966528 -0.89920133 -0.27232343
v -0.23483326 -0.88175166 -0.29090464
v -0.23114580 -0.85062724 -0.29469904
v -0.24147226 -0.82655811 -0.28037977
v -0.25828913 -0.82530195 -0.25845626
v -0.27069449 -0.84479773 -0.24336375
v -0.27326238 -0.87171906 -0.24129438
v -0.26848236 -0.88742542 -0.24671505
v -0.28806442 -0.89037168 -0.26811928
v -0.27526048 -0.89541495 -0.27845305
v -0.25457194 -0.88351965 -0.29627335
v -0.24545911 -0.85441089 -0.30322903
v -0.25375837 -0.82656533 -0.29455596
v -0.27384639 -0.81707358 -0.27636030
v -0.29328442 -0.83041054 -0.25997651
v -0.30143958 -0.85763216 -0.25412413
v -0.29768661 -0.87568343 -0.25720555
v -0.29552773 -0.88784319 -0.27247724
v -0.28074017 -0.89407581 -0.28019845
v -0.25667208 -0.88438457 -0.29480737
v -0.24553224 -0.85655957 -0.30223116
v -0.25438580 -0.82787275 -0.29750684
v -0.27741888 -0.81580383 -0.28411594
v -0.30059421 -0.82665539 -0.27030683
v -0.31087601 -0.85329032 -0.26368883
v -0.30684221 -0.87187272 -0.26477620
v -0.30188972 -0.88533127 -0.27859268
v -0.28615862 -0.89252883 -0.28283584
v -0.25914726 -0.88503218 -0.29319987
v -0.24576437 -0.85842097 -0.30067736
v -0.25447884 -0.82931697 -0.29999071
v -0.27935776 -0.81542850 -0.29229963
v -0.30540141 -0.82404792 -0.28247553
v -0.31795093 -0.84955990 -0.27585793
v -0.31437987 -0.86830366 -0.27480826
v -0.30539751 -0.88364881 -0.28619725
v -0.28944904 -0.89143097 -0.28655607
v -0.26073486 -0.88540161 -0.29071918
v -0.24507868 -0.86004621 -0.29639500
v -0.25270674 -0.83082664 -0.29933751
v -0.27831796 -0.81589282 -0.29831070
v -0.30623460 -0.82318294 -0.29433000
v -0.32076547 -0.84776956 -0.28945038
v -0.31819755 -0.86625910 -0.28679872
v -0.30582476 -0.88227552 -0.29720005
v -0.29154050 -0.89032829 -0.29314986
v -0.26322925 -0.88564909 -0.28867486
v -0.24558111 -0.86127955 -0.28989670
v -0.25093201 -0.83192319 -0.29613087
v -0.27509025 -0.81664103 -0.30336377
v -0.30263087 -0.82311279 -0.30743438
v -0.31841627 -0.84669197 -0.30621305
v -0.31752625 -0.86479819 -0.30262366
v -0.29765359 -0.87797266 -0.31905115
v -0.28317297 -0.88880467 -0.31163353
v -0.26096636 -0.88732779 -0.30289352
v -0.24187173 -0.86740446 -0.29887408
v -0.24041782 -0.83979934 -0.30436397
v -0.25743255 -0.82107955 -0.31605843
v -0.28259599 -0.82216609 -0.32694489
v -0.30118197 -0.84202385 -0.33073914
v -0.30409926 -0.85866356 -0.32839477
v -0.28566116 -0.87326622 -0.34185013
v -0.28406301 -0.87700558 -0.34071669
v -0.29351649 -0.88232875 -0.32039276
v -0.29696643 -0.87782949 -0.32203719
v -0.26857996 -0.88823342 -0.32969865
v -0.25550985 -0.88921458 -0.32327920
v -0.23483612 -0.87474716 -0.31634921
v -0.22803283 -0.84934360 -0.31899217
v -0.23910207 -0.82796526 -0.32965669
v -0.26150846 -0.82316178 -0.34205633
v -0.28208700 -0.83765888 -0.34892452
v -0.28801808 -0.85244346 -0.34842974
v -0.46166980 -1.05063725 -0.07984209
v -0.46003187 -1.05573344 -0.07911462
v -0.45904076 -1.05799139 -0.07709557
v -0.45927873 -1.05608165 -0.07494470
v -0.46060401 -1.05111217 -0.07390352
v -0.46224242 -1.04598689 -0.07460693
v -0.46323404 -1.04372633 -0.07665619
v -0.46299565 -1.04566491 -0.07883090
v -0.09256727 -1.15742004 -0.01767388
v -0.09342751 -1.15625548 -0.01612687
v -0.10187624 -1.14647400 -0.01915655
v -0.10102148 -1.14766812 -0.02071553
v -0.09651617 -1.15258610 -0.01589993
v -0.10001241 -1.14852524 -0.01715377
v -0.09795447 -1.15138364 -0.02090806
v -0.09445275 -1.15541494 -0.01964220
v 0.16536905 -1.07823563 -0.07370776
v 0.16823575 -1.07355177 -0.07399027
v 0.17050467 -1.07324505 -0.06853966
v 0.16763908 -1.07795310 -0.06829078
v 0.17092711 -1.07013798 -0.07258815
v 0.17186891 -1.06999981 -0.07032090
v 0.16494843 -1.08134937 -0.06970052
v 0.16400558 -1.08146310 -0.07193422
v 0.28582284 -0.89505661 -0.23192473
v 0.28479227 -0.88969457 -0.23306495
v 0.29364640 -0.88709247 -0.22756438
v 0.29469764 -0.89248240 -0.22645369
v 0.29284757 -0.89704132 -0.22727072
v 0.28916633 -0.89809585 -0.22952956
v 0.28664824 -0.88513052 -0.23226333
v 0.29030877 -0.88404822 -0.22997488
v -0.24682310 -0.85562098 -0.35660633
v -0.24244900 -0.85696328 -0.35485443
v -0.24029259 -0.86145806 -0.35354462
v -0.24160762 -0.86646390 -0.35344201
v -0.25084993 -0.85820580 -0.35776699
v -0.24563271 -0.86904466 -0.35460231
v -0.25000724 -0.86769998 -0.35634321
v -0.25216556 -0.86320943 -0.35765347
v 0.15564613 -0.02696574 0.25820136
v 0.15791158 -0.03083152 0.25951269
v 0.15175964 -0.02799246 0.26237050
v 0.16833526 -0.02910176 0.25147057
v 0.18663467 -0.02869546 0.25985980
v 0.18130267 -0.03213215 0.26207316
v 0.16302921 -0.02857512 0.25627729
v 0.15581588 -0.02626917 0.25860012
f 1 2 3
f 2 4 5
f 3 6 1
f 3 7 6
f 3 8 7
f 5 9 10
f 11 12 13
f 5 14 9
f 3 5 8
f 5 4 11
f 5 3 2
f 5 10 8
f 14 5 13
f 11 13 5
f 13 15 14
f 14 15 9
f 16 17 18
f 17 19 20
f 18 21 16
f 18 22 21
f 18 23 22
f 20 24 25
f 26 27 28
f 20 29 24
f 18 20 23
f 20 19 26
f 20 18 17
f 20 25 23
f 29 20 28
f 26 28 20
f 28 30 29
f 29 30 24
f 31 32 33
f 32 34 35
f 33 36 31
f 33 37 36
f 33 38 37
f 35 39 40
f 41 42 43
f 35 44 39
f 33 35 38
f 35 34 41
f 35 33 32
f 35 40 38
f 44 35 43
f 41 43 35
f 43 45 44
f 44 45 39
f 46 47 48
f 47 49 50
f 48 51 46
f 48 52 51
f 48 53 52
f 50 54 55
f 56 57 58
f 50 59 54
f 48 50 53
f 50 49 56
f 50 48 47
f 50 55 53
f 59 50 58
f 56 58 50
f 58 60 59
f 59 60 54
f 61 62 63
f 62 64 65
f 63 66 61
f 63 67 66
f 63 68 67
f 65 69 70
f 71 72 73
f 65 74 69
f 63 65 68
f 65 64 71
f 65 63 62
f 65 70 68
f 74 65 73
f 71 73 65
f 73 75 74
f 74 75 69
f 76 77 78
f 77 79 80
f 78 81 76
f 78 82 81
f 78 83 82
f 80 84 85
f 86 87 88
f 80 89 84
f 78 80 83
f 80 79 86
f 80 78 77
f 80 85 83
f 89 80 88
f 86 88 80
f 88 90 89
f 89 90 84
f 91 92 93
f 92 94 95
f 93 96 91
f 93 97 96
f 93 98 97
f 95 99 100
f 101 102 103
f 95 104 99
f 93 95 98
f 95 94 101
f 95 93 92
f 95 100 98
f 104 95 103
f 101 103 95
f 103 105 104
f 104 105 99
f 106 107 108
f 107 109 110
f 108 111 106
f 108 112 111
f 108 113 112
f 110 114 115
f 116 117 118
f 110 119 114
f 108 110 113
f 110 109 116
f 110 108 107
f 110 115 113
f 119 110 118
f 116 118 110
f 118 120 119
f 119 120 114
f 121 122 123
f 122 124 125
f 123 126 121
f 123 127 126
f 123 128 127
f 125 129 130
f 131 132 133
f 125 134 129
f 123 125 128
f 125 124 131
f 125 123 122
f 125 130 128
f 134 125 133
f 131 133 125
f 133 135 134
f 134 135 129
f 136 137 138
f 137 139 140
f 138 141 136
f 138 142 141
f 138 143 142
f 140 144 145
f 146 147 148
f 140 149 144
f 138 140 143
f 140 139 146
f 140 138 137
f 140 145 143
f 149 140 148
f 146 148 140
f 148 150 149
f 149 150 144
f 151 152 153
f 152 154 155
f 153 156 151
f 153 157 156
f 153 158 157
f 155 159 160
f 161 162 163
f 155 164 159
f 153 155 158
f 155 154 161
f 155 153 152
f 155 160 158
f 164 155 163
f 161 163 155
f 163 165 164
f 164 165 159
f 166 167 168
f 167 169 170
f 168 171 166
f 168 172 171
f 168 173 172
f 170 174 175
f 176 177 178
f 170 179 174
f 168 170 173
f 170 169 176
f 170 168 167
f 170 175 173
f 179 170 178
f 176 178 170
f 178 180 179
f 179 180 174
f 181 182 183
f 182 184 185
f 183 186 181
f 183 187 186
f 183 188 187
f 185 189 190
f 191 192 193
f 185 194 189
f 183 185 188
f 185 184 191
f 185 183 182
f 185 190 188
f 194 185 193
f 191 193 185
f 193 195 194
f 194 195 189
f 196 197 198
f 197 199 200
f 198 201 196
f 198 202 201
f 198 203 202
f 200 204 205
f 206 207 208
f 200 209 204
f 198 200 203
f 200 199 206
f 200 198 197
f 200 205 203
f 209 200 208
f 206 208 200
f 208 210 209
f 209 210 204
f 211 212 213
f 212 214 215
f 213 216 211
f 213 217 216
f 213 218 217
f 215 219 220
f 221 222 223
f 215 224 219
f 213 215 218
f 215 214 221
f 215 213 212
f 215 220 218
f 224 215 223
f 221 223 215
f 223 225 224
f 224 225 219
f 226 227 228
f 227 229 230
f 228 231 226
f 228 232 231
f 228 233 232
f 230 234 235
f 236 237 238
f 230 239 234
f 228 230 233
f 230 229 236
f 230 228 227
f 230 235 233
f 239 230 238
f 236 238 230
f 238 240 239
f 239 240 234
f 241 242 243
f 242 244 245
f 243 246 241
f 243 247 246
f 243 248 247
f 245 249 250
f 251 252 253
f 245 254 249
f 243 245 248
f 245 244 251
f 245 243 242
f 245 250 248
f 254 245 253
f 251 253 245
f 253 255 254
f 254 255 249
f 256 257 258
f 257 259 260
f 258 261 256
f 258 262 261
f 258 263 262
f 260 264 265
f 266 267 268
f 260 269 264
f 258 260 263
f 260 259 266
f 260 258 257
f 260 265 263
f 269 260 268
f 266 268 260
f 268 270 269
f 269 270 264
f 271 272 273
f 272 274 275
f 273 276 271
f 273 277 276
f 273 278 277
f 275 279 280
f 281 282 283
f 275 284 279
f 273 275 278
f 275 274 281
f 275 273 272
f 275 280 278
f 284 275 283
f 281 283 275
f 283 285 284
f 284 285 279
f 286 287 288
f 287 289 290
f 288 291 286
f 288 292 291
f 288 293 292
f 290 294 295
f 296 297 298
f 290 299 294
f 288 290 293
f 290 289 296
f 290 288 287
f 290 295 293
f 299 290 298
f 296 298 290
f 298 300 299
f 299 300 294
f 301 302 303
f 302 304 305
f 303 306 301
f 303 307 306
f 303 308 307
f 305 309 310
f 311 312 313
f 305 314 309
f 303 305 308
f 305 304 311
f 305 303 302
f 305 310 308
f 314 305 313
f 311 313 305
f 313 315 314
f 314 315 309
f 316 317 318
f 317 319 320
f 318 321 316
f 318 322 321
f 318 323 322
f 320 324 325
f 326 327 328
f 320 329 324
f 318 320 323
f 320 319 326
f 320 318 317
f 320 325 323
f 329 320 328
f 326 328 320
f 328 330 329
f 329 330 324
f 331 332 333
f 332 334 335
f 333 336 331
f 333 337 336
f 333 338 337
f 335 339 340
f 341 342 343
f 335 344 339
f 333 335 338
f 335 334 341
f 335 333 332
f 335 340 338
f 344 335 343
f 341 343 335
f 343 345 344
f 344 345 339
f 346 347 348
f 347 349 350
f 348 351 346
f 348 352 351
f 348 353 352
f 350 354 355
f 356 357 358
f 350 359 354
f 348 350 353
f 350 349 356
f 350 348 347
f 350 355 353
f 359 350 358
f 356 358 350
f 358 360 359
f 359 360 354
f 361 362 363
f 362 364 365
f 363 366 361
f 363 367 366
f 363 368 367
f 365 369 370
f 371 372 373
f 365 374 369
f 363 365 368
f 365 364 371
f 365 363 362
f 365 370 368
f 374 365 373
f 371 373 365
f 373 375 374
f 374 375 369
f 376 377 378
f 377 379 380
f 378 381 376
f 378 382 381
f 378 383 382
f 380 384 385
f 386 387 388
f 380 389 384
f 378 380 383
f 380 379 386
f 380 378 377
f 380 385 383
f 389 380 388
f 386 388 380
f 388 390 389
f 389 390 384
f 391 392 393
f 392 394 395
f 393 396 391
f 393 397 396
f 393 398 397
f 395 399 400
f 401 402 403
f 395 404 399
f 393 395 398
f 395 394 401
f 395 393 392
f 395 400 398
f 404 395 403
f 401 403 395
f 403 405 404
f 404 405 399
f 406 407 408
f 407 409 410
f 408 411 406
f 408 412 411
f 408 413 412
f 410 414 415
f 416 417 418
f 410 419 414
f 408 410 413
f 410 409 416
f 410 408 407
f 410 415 413
f 419 410 418
f 416 418 410
f 418 420 419
f 419 420 414
f 421 422 423
f 422 424 425
f 423 426 421
f 423 427 426
f 423 428 427
f 425 429 430
f 431 432 433
f 425 434 429
f 423 425 428
f 425 424 431
f 425 423 422
f 425 430 428
f 434 425 433
f 431 433 425
f 433 435 434
f 434 435 429
f 436 437 438
f 437 439 440
f 438 441 436
f 438 442 441
f 438 443 442
f 440 444 445
f 446 447 448
f 440 449 444
f 438 440 443
f 440 439 446
f 440 438 437
f 440 445 443
f 449 440 448
f 446 448 440
f 448 450 449
f 449 450 444
f 451 452 453
f 452 454 455
f 453 456 451
f 453 457 456
f 453 458 457
f 455 459 460
f 461 462 463
f 455 464 459
f 453 455 458
f 455 454 461
f 455 453 452
f 455 460 458
f 464 455 463
f 461 463 455
f 463 465 464
f 464 465 459
f 466 467 468
f 467 469 470
f 468 471 466
f 468 472 471
f 468 473 472
f 470 474 475
f 476 477 478
f 470 479 474
f 468 470 473
f 470 469 476
f 470 468 467
f 470 475 473
f 479 470 478
f 476 478 470
f 478 480 479
f 479 480 474
f 481 482 483
f 482 484 485
f 483 486 481
f 483 487 486
f 483 488 487
f 485 489 490
f 491 492 493
f 485 494 489
f 483 485 488
f 485 484 491
f 485 483 482
f 485 490 488
f 494 485 493
f 491 493 485
f 493 495 494
f 494 495 489
f 496 497 498
f 497 499 500
f 498 501 496
f 498 502 501
f 498 503 502
f 500 504 505
f 506 507 508
f 500 509 504
f 498 500 503
f 500 499 506
f 500 498 497
f 500 505 503
f 509 500 508
f 506 508 500
f 508 510 509
f 509 510 504
f 511 512 513
f 512 514 515
f 513 516 511
f 513 517 516
f 513 518 517
f 515 519 520
f 521 522 523
f 515 524 519
f 513 515 518
f 515 514 521
f 515 513 512
f 515 520 518
f 524 515 523
f 521 523 515
f 523 525 524
f 524 525 519
f 526 527 528
f 527 529 530
f 528 531 526
f 528 532 531
f 528 533 532
f 530 534 535
f 536 537 538
f 530 539 534
f 528 530 533
f 530 529 536
f 530 528 527
f 530 535 533
f 539 530 538
f 536 538 530
f 538 540 539
f 539 540 534
f 541 542 543
f 542 544 545
f 543 546 541
f 543 547 546
f 543 548 547
f 545 549 550
f 551 552 553
f 545 554 549
f 543 545 548
f 545 544 551
f 545 543 542
f 545 550 548
f 554 545 553
f 551 553 545
f 553 555 554
f 554 555 549
f 556 557 558
f 557 559 560
f 558 561 556
f 558 562 561
f 558 563 562
f 560 564 565
f 566 567 568
f 560 569 564
f 558 560 563
f 560 559 566
f 560 558 557
f 560 565 563
f 569 560 568
f 566 568 560
f 568 570 569
f 569 570 564
f 571 572 573
f 572 574 575
f 573 576 571
f 573 577 576
f 573 578 577
f 575 579 580
f 581 582 583
f 575 584 579
f 573 575 578
f 575 574 581
f 575 573 572
f 575 580 578
f 584 575 583
f 581 583 575
f 583 585 584
f 584 585 579
f 586 587 588
f 587 589 590
f 588 591 586
f 588 592 591
f 588 593 592
f 590 594 595
f 596 597 598
f 590 599 594
f 588 590 593
f 590 589 596
f 590 588 587
f 590 595 593
f 599 590 598
f 596 598 590
f 598 600 599
f 599 600 594
f 601 602 603
f 602 604 605
f 603 606 601
f 603 607 606
f 603 608 607
f 605 609 610
f 611 612 613
f 605 614 609
f 603 605 608
f 605 604 611
f 605 603 602
f 605 610 608
f 614 605 613
f 611 613 605
f 613 615 614
f 614 615 609
f 616 617 618
f 617 619 620
f 618 621 616
f 618 622 621
f 618 623 622
f 620 624 625
f 626 627 628
f 620 629 624
f 618 620 623
f 620 619 626
f 620 618 617
f 620 625 623
f 629 620 628
f 626 628 620
f 628 630 629
f 629 630 624
f 631 632 633
f 632 634 635
f 633 636 631
f 633 637 636
f 633 638 637
f 635 639 640
f 641 642 643
f 635 644 639
f 633 635 638
f 635 634 641
f 635 633 632
f 635 640 638
f 644 635 643
f 641 643 635
f 643 645 644
f 644 645 639
f 646 647 648
f 647 649 650
f 648 651 646
f 648 652 651
f 648 653 652
f 650 654 655
f 656 657 658
f 650 659 654
f 648 650 653
f 650 649 656
f 650 648 647
f 650 655 653
f 659 650 658
f 656 658 650
f 658 660 659
f 659 660 654
f 661 662 663
f 662 664 665
f 663 666 661
f 663 667 666
f 663 668 667
f 665 669 670
f 671 672 673
f 665 674 669
f 663 665 668
f 665 664 671
f 665 663 662
f 665 670 668
f 674 665 673
f 671 673 665
f 673 675 674
f 674 675 669
f 676 677 678
f 677 679 680
f 678 681 676
f 678 682 681
f 678 683 682
f 680 684 685
f 686 687 688
f 680 689 684
f 678 680 683
f 680 679 686
f 680 678 677
f 680 685 683
f 689 680 688
f 686 688 680
f 688 690 689
f 689 690 684
f 691 692 693
f 692 694 695
f 693 696 691
f 693 697 696
f 693 698 697
f 695 699 700
f 701 702 703
f 695 704 699
f 693 695 698
f 695 694 701
f 695 693 692
f 695 700 698
f 704 695 703
f 701 703 695
f 703 705 704
f 704 705 699
f 706 707 708
f 707 709 710
f 708 711 706
f 708 712 711
f 708 713 712
f 710 714 715
f 716 717 718
f 710 719 714
f 708 710 713
f 710 709 716
f 710 708 707
f 710 715 713
f 719 710 718
f 716 718 710
f 718 720 719
f 719 720 714
f 721 722 723
f 722 724 725
f 723 726 721
f 723 727 726
f 723 728 727
f 725 729 730
f 731 732 733
f 725 734 729
f 723 725 728
f 725 724 731
f 725 723 722
f 725 730 728
f 734 725 733
f 731 733 725
f 733 735 734
f 734 735 729
f 736 737 738
f 736 738 739
f 739 740 741
f 739 741 736
f 742 743 744
f 742 744 745
f 743 746 747
f 743 747 744
f 746 748 749
f 746 749 747
f 748 750 751
f 748 751 749
f 750 752 753
f 750 753 751
f 752 754 755
f 752 755 753
f 754 756 757
f 754 757 755
f 756 758 759
f 756 759 757
f 760 761 743
f 760 743 742
f 761 762 746
f 761 746 743
f 762 763 748
f 762 748 746
f 763 764 750
f 763 750 748
f 764 765 752
f 764 752 750
f 765 766 754
f 765 754 752
f 766 767 756
f 766 756 754
f 767 768 758
f 767 758 756
f 769 770 761
f 769 761 760
f 771 772 762
f 771 762 761
f 772 773 763
f 772 763 762
f 773 774 764
f 773 764 763
f 774 775 765
f 774 765 764
f 775 776 766
f 775 766 765
f 776 777 767
f 776 767 766
f 777 778 768
f 777 768 767
f 779 780 770
f 779 770 769
f 781 782 772
f 781 772 771
f 782 783 773
f 782 773 772
f 783 784 774
f 783 774 773
f 784 785 775
f 784 775 774
f 785 786 776
f 785 776 775
f 786 787 777
f 786 777 776
f 787 788 778
f 787 778 777
f 789 790 791
f 789 791 792
f 790 793 794
f 790 794 791
f 793 795 796
f 793 796 794
f 795 797 798
f 795 798 796
f 797 799 800
f 797 800 798
f 799 801 802
f 799 802 800
f 801 803 804
f 801 804 802
f 803 805 806
f 803 806 804
f 807 808 790
f 807 790 789
f 809 810 793
f 809 793 790
f 810 811 795
f 810 795 793
f 811 812 797
f 811 797 795
f 812 813 799
f 812 799 797
f 813 814 801
f 813 801 799
f 814 815 803
f 814 803 801
f 815 816 805
f 815 805 803
f 817 818 808
f 817 808 807
f 818 819 810
f 818 810 809
f 819 820 811
f 819 811 810
f 820 821 812
f 820 812 811
f 821 822 813
f 821 813 812
f 822 823 814
f 822 814 813
f 823 824 815
f 823 815 814
f 824 825 816
f 824 816 815
f 826 827 828
f 826 828 829
f 830 831 819
f 830 819 818
f 831 832 820
f 831 820 819
f 832 833 821
f 832 821 820
f 834 835 822
f 834 822 821
f 835 836 823
f 835 823 822
f 836 837 824
f 836 824 823
f 837 838 825
f 837 825 824
f 839 840 841
f 839 841 842
f 840 843 844
f 840 844 841
f 843 845 846
f 843 846 844
f 845 847 848
f 845 848 846
f 847 849 850
f 847 850 848
f 849 851 852
f 849 852 850
f 851 853 854
f 851 854 852
f 853 855 856
f 853 856 854
f 857 858 840
f 857 840 839
f 858 859 843
f 858 843 840
f 859 860 845
f 859 845 843
f 860 861 847
f 860 847 845
f 861 862 849
f 861 849 847
f 862 863 851
f 862 851 849
f 863 864 853
f 863 853 851
f 864 865 855
f 864 855 853
f 866 867 868
f 866 868 869
f 870 871 859
f 870 859 858
f 871 872 860
f 871 860 859
f 872 873 861
f 872 861 860
f 873 874 862
f 873 862 861
f 874 875 863
f 874 863 862
f 875 876 864
f 875 864 863
f 876 877 865
f 876 865 864
f 878 879 880
f 878 880 881
f 879 882 883
f 879 883 880
f 884 885 878
f 884 878 881
f 886 887 888
f 886 888 889
f 887 890 891
f 887 891 888
f 890 892 893
f 890 893 891
f 894 895 896
f 894 896 897
f 898 899 900
f 898 900 901
f 901 894 897
f 901 897 898
f 902 903 904
f 902 904 905
f 903 906 907
f 903 907 904
f 906 908 909
f 906 909 907
f 908 910 911
f 908 911 909
f 910 912 913
f 910 913 911
f 912 914 915
f 912 915 913
f 914 916 917
f 914 917 915
f 916 918 919
f 916 919 917
f 920 921 903
f 920 903 902
f 921 922 906
f 921 906 903
f 922 923 908
f 922 908 906
f 923 924 910
f 923 910 908
f 924 925 912
f 924 912 910
f 925 926 914
f 925 914 912
f 926 927 916
f 926 916 914
f 927 928 918
f 927 918 916
f 929 930 921
f 929 921 920
f 930 931 922
f 930 922 921
f 931 932 923
f 931 923 922
f 932 933 924
f 932 924 923
f 933 934 925
f 933 925 924
f 934 935 926
f 934 926 925
f 935 936 927
f 935 927 926
f 936 937 928
f 936 928 927
f 938 939 930
f 938 930 929
f 939 940 931
f 939 931 930
f 940 941 932
f 940 932 931
f 941 942 933
f 941 933 932
f 942 943 934
f 942 934 933
f 943 944 935
f 943 935 934
f 944 945 936
f 944 936 935
f 945 946 937
f 945 937 936
f 947 948 939
f 947 939 938
f 948 949 940
f 948 940 939
f 950 951 941
f 950 941 940
f 951 952 942
f 951 942 941
f 952 953 943
f 952 943 942
f 953 954 944
f 953 944 943
f 954 955 945
f 954 945 944
f 955 956 946
f 955 946 945
f 957 958 948
f 957 948 947
f 958 959 949
f 958 949 948
f 960 961 951
f 960 951 950
f 961 962 952
f 961 952 951
f 962 963 953
f 962 953 952
f 963 964 954
f 963 954 953
f 964 965 955
f 964 955 954
f 965 966 956
f 965 956 955
f 967 968 969
f 967 969 970
f 971 972 959
f 971 959 958
f 973 974 961
f 973 961 960
f 974 975 962
f 974 962 961
f 976 977 963
f 976 963 962
f 977 978 979
f 977 979 963
f 980 981 965
f 980 965 964
f 981 982 966
f 981 966 965
f 983 984 985
f 983 985 986
f 987 988 989
f 987 989 990
f 988 991 992
f 988 992 989
f 991 993 994
f 991 994 992
f 993 995 996
f 993 996 994
f 995 997 998
f 995 998 996
f 997 999 1000
f 997 1000 998
f 999 1001 1002
f 999 1002 1000
f 1003 1004 984
f 1003 984 983
f 1005 1006 988
f 1005 988 987
f 1006 1007 991
f 1006 991 988
f 1007 1008 993
f 1007 993 991
f 1008 1009 995
f 1008 995 993
f 1009 1010 997
f 1009 997 995
f 1010 1011 999
f 1010 999 997
f 1012 1013 1001
f 1012 1001 999
f 1014 1015 1016
f 1014 1016 1017
f 1018 1019 1006
f 1018 1006 1005
f 1019 1020 1007
f 1019 1007 1006
f 1020 1021 1008
f 1020 1008 1007
f 1021 1022 1009
f 1021 1009 1008
f 1022 1023 1010
f 1022 1010 1009
f 1023 1024 1011
f 1023 1011 1010
f 1025 1026 1013
f 1025 1013 1012
f 1027 1028 1029
f 1027 1029 1030
f 1028 1031 1032
f 1028 1032 1029
f 1031 1033 1034
f 1031 1034 1032
f 1033 1035 1036
f 1033 1036 1034
f 1035 1037 1038
f 1035 1038 1036
f 1037 1039 1040
f 1037 1040 1038
f 1039 1041 1042
f 1039 1042 1040
f 1041 1043 1044
f 1041 1044 1042
f 1045 1046 1028
f 1045 1028 1027
f 1046 1047 1031
f 1046 1031 1028
f 1047 1048 1033
f 1047 1033 1031
f 1048 1049 1035
f 1048 1035 1033
f 1049 1050 1037
f 1049 1037 1035
f 1050 1051 1039
f 1050 1039 1037
f 1051 1052 1041
f 1051 1041 1039
f 1052 1053 1043
f 1052 1043 1041
f 1054 1055 1046
f 1054 1046 1045
f 1055 1056 1047
f 1055 1047 1046
f 1056 1057 1048
f 1056 1048 1047
f 1057 1058 1049
f 1057 1049 1048
f 1058 1059 1050
f 1058 1050 1049
f 1059 1060 1051
f 1059 1051 1050
f 1060 1061 1052
f 1060 1052 1051
f 1062 1063 1053
f 1062 1053 1052
f 1064 1065 1066
f 1064 1066 1067
f 1068 1069 1056
f 1068 1056 1055
f 1069 1070 1057
f 1069 1057 1056
f 1070 1071 1058
f 1070 1058 1057
f 1071 1072 1059
f 1071 1059 1058
f 1072 1073 1060
f 1072 1060 1059
f 1073 1074 1061
f 1073 1061 1060
f 1075 1076 1063
f 1075 1063 1062
f 1077 1078 1079
f 1077 1079 1080
f 1078 1081 1082
f 1078 1082 1079
f 1081 1083 1084
f 1081 1084 1082
f 1083 1085 1086
f 1083 1086 1084
f 1085 1087 1088
f 1085 1088 1086
f 1087 1089 1090
f 1087 1090 1088
f 1089 1091 1092
f 1089 1092 1090
f 1091 1093 1094
f 1091 1094 1092
f 1095 1096 1078
f 1095 1078 1077
f 1096 1097 1081
f 1096 1081 1078
f 1097 1098 1083
f 1097 1083 1081
f 1098 1099 1085
f 1098 1085 1083
f 1099 1100 1087
f 1099 1087 1085
f 1100 1101 1089
f 1100 1089 1087
f 1101 1102 1091
f 1101 1091 1089
f 1102 1103 1093
f 1102 1093 1091
f 1104 1105 1096
f 1104 1096 1095
f 1105 1106 1097
f 1105 1097 1096
f 1106 1107 1098
f 1106 1098 1097
f 1107 1108 1099
f 1107 1099 1098
f 1108 1109 1100
f 1108 1100 1099
f 1109 1110 1101
f 1109 1101 1100
f 1110 1111 1102
f 1110 1102 1101
f 1111 1112 1103
f 1111 1103 1102
f 1113 1114 1105
f 1113 1105 1104
f 1114 1115 1106
f 1114 1106 1105
f 1115 1116 1107
f 1115 1107 1106
f 1116 1117 1108
f 1116 1108 1107
f 1117 1118 1109
f 1117 1109 1108
f 1119 1120 1110
f 1119 1110 1109
f 1120 1121 1111
f 1120 1111 1110
f 1122 1123 1112
f 1122 1112 1111
f 1124 1125 1126
f 1124 1126 1127
f 1128 1129 1115
f 1128 1115 1114
f 1130 1131 1116
f 1130 1116 1115
f 1131 1132 1117
f 1131 1117 1116
f 1132 1133 1118
f 1132 1118 1117
f 1134 1135 1120
f 1134 1120 1119
f 1135 1136 1121
f 1135 1121 1120
f 1137 1138 1123
f 1137 1123 1122
f 1139 1140 1141
f 1139 1141 1142
f 1140 1143 1144
f 1140 1144 1141
f 1143 1145 1146
f 1143 1146 1144
f 1145 1147 1148
f 1145 1148 1146
f 1147 1149 1150
f 1147 1150 1148
f 1149 1151 1152
f 1149 1152 1150
f 1151 1153 1154
f 1151 1154 1152
f 1153 1155 1156
f 1153 1156 1154
f 1157 1158 1140
f 1157 1140 1139
f 1158 1159 1143
f 1158 1143 1140
f 1159 1160 1145
f 1159 1145 1143
f 1160 1161 1147
f 1160 1147 1145
f 1161 1162 1149
f 1161 1149 1147
f 1162 1163 1151
f 1162 1151 1149
f 1163 1164 1153
f 1163 1153 1151
f 1164 1165 1155
f 1164 1155 1153
f 1166 1167 1158
f 1166 1158 1157
f 1167 1168 1159
f 1167 1159 1158
f 1168 1169 1160
f 1168 1160 1159
f 1169 1170 1161
f 1169 1161 1160
f 1170 1171 1162
f 1170 1162 1161
f 1171 1172 1163
f 1171 1163 1162
f 1172 1173 1164
f 1172 1164 1163
f 1173 1174 1165
f 1173 1165 1164
f 1175 1176 1167
f 1175 1167 1166
f 1177 1178 1168
f 1177 1168 1167
f 1178 1179 1169
f 1178 1169 1168
f 1179 1180 1170
f 1179 1170 1169
f 1180 1181 1171
f 1180 1171 1170
f 1181 1182 1172
f 1181 1172 1171
f 1182 1183 1173
f 1182 1173 1172
f 1183 1184 1174
f 1183 1174 1173
f 1185 1186 1187
f 1185 1187 1188
f 1189 1190 1178
f 1189 1178 1177
f 1190 1191 1179
f 1190 1179 1178
f 1192 1193 1180
f 1192 1180 1179
f 1193 1194 1181
f 1193 1181 1180
f 1195 1196 1182
f 1195 1182 1181
f 1196 1197 1183
f 1196 1183 1182
f 1197 1198 1184
f 1197 1184 1183
f 1199 1200 1201
f 1199 1201 1202
f 1200 1203 1204
f 1200 1204 1205
f 1203 1206 1207
f 1203 1207 1204
f 1206 1208 1209
f 1206 1209 1207
f 1208 1210 1211
f 1208 1211 1209
f 1210 1212 1213
f 1210 1213 1211
f 1212 1214 1215
f 1212 1215 1213
f 1214 1216 1217
f 1214 1217 1215
f 1218 1219 1200
f 1218 1200 1199
f 1219 1220 1203
f 1219 1203 1200
f 1220 1221 1206
f 1220 1206 1203
f 1221 1222 1208
f 1221 1208 1206
f 1222 1223 1210
f 1222 1210 1208
f 1223 1224 1212
f 1223 1212 1210
f 1224 1225 1214
f 1224 1214 1212
f 1225 1226 1216
f 1225 1216 1214
f 1227 1228 1219
f 1227 1219 1218
f 1228 1229 1220
f 1228 1220 1219
f 1229 1230 1221
f 1229 1221 1220
f 1230 1231 1222
f 1230 1222 1221
f 1231 1232 1223
f 1231 1223 1222
f 1232 1233 1224
f 1232 1224 1223
f 1233 1234 1225
f 1233 1225 1224
f 1234 1235 1226
f 1234 1226 1225
f 1236 1237 1238
f 1236 1238 1239
f 1240 1241 1229
f 1240 1229 1228
f 1242 1243 1230
f 1242 1230 1229
f 1243 1244 1231
f 1243 1231 1230
f 1245 1246 1232
f 1245 1232 1231
f 1246 1247 1233
f 1246 1233 1232
f 1247 1248 1234
f 1247 1234 1233
f 1248 1249 1235
f 1248 1235 1234
f 1250 1251 1252
f 1250 1252 1253
f 1251 1254 1255
f 1251 1255 1252
f 1254 1256 1257
f 1254 1257 1255
f 1256 1258 1259
f 1256 1259 1257
f 1258 1260 1261
f 1258 1261 1259
f 1260 1262 1263
f 1260 1263 1261
f 1262 1264 1265
f 1262 1265 1263
f 1264 1266 1267
f 1264 1267 1265
f 1268 1269 1251
f 1268 1251 1250
f 1269 1270 1254
f 1269 1254 1251
f 1270 1271 1256
f 1270 1256 1254
f 1271 1272 1258
f 1271 1258 1256
f 1272 1273 1260
f 1272 1260 1258
f 1273 1274 1262
f 1273 1262 1260
f 1274 1275 1264
f 1274 1264 1262
f 1275 1276 1266
f 1275 1266 1264
f 1277 1278 1279
f 1277 1279 1280
f 1281 1282 1270
f 1281 1270 1269
f 1282 1283 1271
f 1282 1271 1270
f 1283 1284 1272
f 1283 1272 1271
f 1284 1285 1273
f 1284 1273 1272
f 1285 1286 1274
f 1285 1274 1273
f 1286 1287 1275
f 1286 1275 1274
f 1287 1288 1276
f 1287 1276 1275
f 1289 1290 1291
f 1289 1291 1292
f 1290 1293 1294
f 1290 1294 1291
f 1295 1296 1297
f 1295 1297 1298
f 1296 1299 1300
f 1296 1300 1297
f 1299 1301 1302
f 1299 1302 1300
f 1301 1303 1304
f 1301 1304 1302
f 1303 1305 1306
f 1303 1306 1304
f 1305 1307 1308
f 1305 1308 1306
f 1309 1310 1290
f 1309 1290 1289
f 1310 1311 1293
f 1310 1293 1290
f 1311 1312 1296
f 1311 1296 1293
f 1312 1313 1299
f 1312 1299 1296
f 1313 1314 1301
f 1313 1301 1299
f 1314 1315 1303
f 1314 1303 1301
f 1315 1316 1305
f 1315 1305 1303
f 1316 1317 1307
f 1316 1307 1305
f 1318 1319 1320
f 1318 1320 1321
f 1322 1323 1311
f 1322 1311 1310
f 1323 1324 1312
f 1323 1312 1311
f 1325 1326 1313
f 1325 1313 1312
f 1326 1327 1314
f 1326 1314 1313
f 1327 1328 1315
f 1327 1315 1314
f 1328 1329 1316
f 1328 1316 1315
f 1329 1330 1317
f 1329 1317 1316
f 1331 1332 1333
f 1331 1333 1334
f 1335 1336 1337
f 1335 1337 1338
f 1332 1339 1340
f 1332 1340 1333
f 1341 1342 1343
f 1341 1343 1344
f 1344 1345 1346
f 1344 1346 1341
f 1345 1347 1348
f 1345 1348 1346
f 1349 1350 1351
f 1349 1351 1352
f 1353 1354 1355
f 1353 1355 1356
f 1357 1358 1359
f 1357 1359 1360
f 1361 1362 1363
f 1361 1363 1364
f 1362 1365 1366
f 1362 1366 1363
f 1367 1368 1361
f 1367 1361 1364
f 1369 1370 1371
f 1369 1371 1372
f 1372 1373 1374
f 1372 1374 1369
f 1373 1375 1376
f 1373 1376 1374
f 1377 1378 1379
f 1377 1379 1380
f 1381 1382 1383
f 1381 1383 1384
f 1380 1385 1386
f 1380 1386 1377
f 1387 1388 1389
f 1387 1389 1390
f 1391 1387 1390
f 1391 1390 1392
f 1392 1393 1394
f 1392 1394 1391
f 1395 1396 1397
f 1395 1397 1398
f 1396 1399 1400
f 1396 1400 1397
f 1399 1401 1402
f 1399 1402 1400
f 1401 1403 1404
f 1401 1404 1402
f 1403 1405 1406
f 1403 1406 1404
f 1405 1407 1408
f 1405 1408 1406
f 1407 1409 1410
f 1407 1410 1408
f 1409 1411 1412
f 1409 1412 1410
f 1413 1414 1396
f 1413 1396 1395
f 1414 1415 1399
f 1414 1399 1396
f 1415 1416 1401
f 1415 1401 1399
f 1416 1417 1403
f 1416 1403 1401
f 1417 1418 1405
f 1417 1405 1403
f 1418 1419 1407
f 1418 1407 1405
f 1419 1420 1409
f 1419 1409 1407
f 1420 1421 1411
f 1420 1411 1409
f 1422 1423 1414
f 1422 1414 1413
f 1423 1424 1415
f 1423 1415 1414
f 1424 1425 1416
f 1424 1416 1415
f 1425 1426 1417
f 1425 1417 1416
f 1426 1427 1418
f 1426 1418 1417
f 1427 1428 1419
f 1427 1419 1418
f 1428 1429 1420
f 1428 1420 1419
f 1429 1430 1421
f 1429 1421 1420
f 1431 1432 1423
f 1431 1423 1422
f 1432 1433 1424
f 1432 1424 1423
f 1433 1434 1425
f 1433 1425 1424
f 1434 1435 1426
f 1434 1426 1425
f 1435 1436 1427
f 1435 1427 1426
f 1436 1437 1428
f 1436 1428 1427
f 1437 1438 1429
f 1437 1429 1428
f 1438 1439 1430
f 1438 1430 1429
f 1440 1441 1432
f 1440 1432 1431
f 1441 1442 1433
f 1441 1433 1432
f 1442 1443 1434
f 1442 1434 1433
f 1443 1444 1435
f 1443 1435 1434
f 1444 1445 1436
f 1444 1436 1435
f 1445 1446 1437
f 1445 1437 1436
f 1446 1447 1438
f 1446 1438 1437
f 1447 1448 1439
f 1447 1439 1438
f 1449 1450 1441
f 1449 1441 1440
f 1450 1451 1442
f 1450 1442 1441
f 1451 1452 1443
f 1451 1443 1442
f 1452 1453 1444
f 1452 1444 1443
f 1453 1454 1445
f 1453 1445 1444
f 1454 1455 1446
f 1454 1446 1445
f 1455 1456 1447
f 1455 1447 1446
f 1456 1457 1448
f 1456 1448 1447
f 1458 1459 1450
f 1458 1450 1449
f 1459 1460 1451
f 1459 1451 1450
f 1460 1461 1452
f 1460 1452 1451
f 1461 1462 1453
f 1461 1453 1452
f 1462 1463 1454
f 1462 1454 1453
f 1463 1464 1455
f 1463 1455 1454
f 1464 1465 1456
f 1464 1456 1455
f 1465 1466 1457
f 1465 1457 1456
f 1467 1468 1459
f 1467 1459 1458
f 1468 1469 1460
f 1468 1460 1459
f 1469 1470 1461
f 1469 1461 1460
f 1470 1471 1462
f 1470 1462 1461
f 1471 1472 1463
f 1471 1463 1462
f 1472 1473 1464
f 1472 1464 1463
f 1473 1474 1465
f 1473 1465 1464
f 1474 1475 1466
f 1474 1466 1465
f 1476 1477 1478
f 1476 1478 1479
f 1480 1481 1469
f 1480 1469 1468
f 1481 1482 1470
f 1481 1470 1469
f 1482 1483 1471
f 1482 1471 1470
f 1483 1484 1472
f 1483 1472 1471
f 1484 1485 1473
f 1484 1473 1472
f 1485 1486 1474
f 1485 1474 1473
f 1486 1487 1475
f 1486 1475 1474
f 1488 1489 1490
f 1488 1490 1491
f 1489 1492 1493
f 1489 1493 1490
f 1492 1494 1495
f 1492 1495 1493
f 1494 1496 1497
f 1494 1497 1495
f 1496 1498 1499
f 1496 1499 1497
f 1498 1500 1501
f 1498 1501 1499
f 1500 1502 1503
f 1500 1503 1501
f 1502 1504 1505
f 1502 1505 1503
f 1506 1507 1489
f 1506 1489 1488
f 1507 1508 1492
f 1507 1492 1489
f 1508 1509 1494
f 1508 1494 1492
f 1509 1510 1496
f 1509 1496 1494
f 1510 1511 1498
f 1510 1498 1496
f 1511 1512 1500
f 1511 1500 1498
f 1512 1513 1502
f 1512 1502 1500
f 1513 1514 1504
f 1513 1504 1502
f 1515 1516 1507
f 1515 1507 1506
f 1516 1517 1508
f 1516 1508 1507
f 1517 1518 1509
f 1517 1509 1508
f 1518 1519 1510
f 1518 1510 1509
f 1519 1520 1511
f 1519 1511 1510
f 1520 1521 1512
f 1520 1512 1511
f 1521 1522 1513
f 1521 1513 1512
f 1522 1523 1514
f 1522 1514 1513
f 1524 1525 1516
f 1524 1516 1515
f 1525 1526 1517
f 1525 1517 1516
f 1526 1527 1518
f 1526 1518 1517
f 1527 1528 1519
f 1527 1519 1518
f 1528 1529 1520
f 1528 1520 1519
f 1529 1530 1521
f 1529 1521 1520
f 1530 1531 1522
f 1530 1522 1521
f 1531 1532 1523
f 1531 1523 1522
f 1533 1534 1525
f 1533 1525 1524
f 1534 1535 1526
f 1534 1526 1525
f 1535 1536 1527
f 1535 1527 1526
f 1536 1537 1528
f 1536 1528 1527
f 1537 1538 1529
f 1537 1529 1528
f 1538 1539 1530
f 1538 1530 1529
f 1539 1540 1531
f 1539 1531 1530
f 1540 1541 1532
f 1540 1532 1531
f 1542 1543 1544
f 1542 1544 1545
f 1546 1547 1535
f 1546 1535 1534
f 1547 1548 1536
f 1547 1536 1535
f 1548 1549 1537
f 1548 1537 1536
f 1549 1550 1538
f 1549 1538 1537
f 1550 1551 1539
f 1550 1539 1538
f 1551 1552 1540
f 1551 1540 1539
f 1552 1553 1541
f 1552 1541 1540
f 1554 1555 1556
f 1554 1556 1557
f 1555 1558 1559
f 1555 1559 1556
f 1558 1560 1561
f 1558 1561 1559
f 1560 1562 1563
f 1560 1563 1561
f 1562 1564 1565
f 1562 1565 1563
f 1564 1566 1567
f 1564 1567 1565
f 1566 1568 1569
f 1566 1569 1567
f 1568 1570 1571
f 1568 1571 1569
f 1572 1573 1555
f 1572 1555 1554
f 1573 1574 1558
f 1573 1558 1555
f 1574 1575 1560
f 1574 1560 1558
f 1575 1576 1562
f 1575 1562 1560
f 1576 1577 1564
f 1576 1564 1562
f 1577 1578 1566
f 1577 1566 1564
f 1578 1579 1568
f 1578 1568 1566
f 1579 1580 1570
f 1579 1570 1568
f 1581 1582 1573
f 1581 1573 1572
f 1582 1583 1574
f 1582 1574 1573
f 1583 1584 1575
f 1583 1575 1574
f 1584 1585 1576
f 1584 1576 1575
f 1585 1586 1577
f 1585 1577 1576
f 1586 1587 1578
f 1586 1578 1577
f 1587 1588 1579
f 1587 1579 1578
f 1588 1589 1580
f 1588 1580 1579
f 1590 1591 1582
f 1590 1582 1581
f 1591 1592 1583
f 1591 1583 1582
f 1592 1593 1584
f 1592 1584 1583
f 1593 1594 1585
f 1593 1585 1584
f 1594 1595 1586
f 1594 1586 1585
f 1595 1596 1587
f 1595 1587 1586
f 1596 1597 1588
f 1596 1588 1587
f 1597 1598 1589
f 1597 1589 1588
f 1599 1600 1591
f 1599 1591 1590
f 1600 1601 1592
f 1600 1592 1591
f 1601 1602 1593
f 1601 1593 1592
f 1602 1603 1594
f 1602 1594 1593
f 1603 1604 1595
f 1603 1595 1594
f 1604 1605 1596
f 1604 1596 1595
f 1605 1606 1597
f 1605 1597 1596
f 1606 1607 1598
f 1606 1598 1597
f 1608 1609 1600
f 1608 1600 1599
f 1609 1610 1601
f 1609 1601 1600
f 1610 1611 1602
f 1610 1602 1601
f 1611 1612 1603
f 1611 1603 1602
f 1612 1613 1604
f 1612 1604 1603
f 1613 1614 1605
f 1613 1605 1604
f 1614 1615 1606
f 1614 1606 1605
f 1615 1616 1607
f 1615 1607 1606
f 1617 1618 1609
f 1617 1609 1608
f 1618 1619 1610
f 1618 1610 1609
f 1619 1620 1611
f 1619 1611 1610
f 1620 1621 1612
f 1620 1612 1611
f 1621 1622 1613
f 1621 1613 1612
f 1622 1623 1614
f 1622 1614 1613
f 1623 1624 1615
f 1623 1615 1614
f 1624 1625 1616
f 1624 1616 1615
f 1626 1627 1618
f 1626 1618 1617
f 1627 1628 1619
f 1627 1619 1618
f 1628 1629 1620
f 1628 1620 1619
f 1629 1630 1621
f 1629 1621 1620
f 1630 1631 1622
f 1630 1622 1621
f 1631 1632 1623
f 1631 1623 1622
f 1632 1633 1624
f 1632 1624 1623
f 1633 1634 1625
f 1633 1625 1624
f 1635 1636 1637
f 1635 1637 1638
f 1639 1640 1628
f 1639 1628 1627
f 1640 1641 1629
f 1640 1629 1628
f 1641 1642 1630
f 1641 1630 1629
f 1642 1643 1631
f 1642 1631 1630
f 1644 1645 1632
f 1644 1632 1631
f 1645 1646 1633
f 1645 1633 1632
f 1646 1647 1634
f 1646 1634 1633
f 1648 1649 1650
f 1648 1650 1651
f 1649 1652 1653
f 1649 1653 1650
f 1652 1654 1655
f 1652 1655 1653
f 1654 1656 1657
f 1654 1657 1655
f 1656 1658 1659
f 1656 1659 1657
f 1658 1660 1661
f 1658 1661 1659
f 1660 1662 1663
f 1660 1663 1661
f 1662 1664 1665
f 1662 1665 1663
f 1666 1667 1649
f 1666 1649 1648
f 1667 1668 1652
f 1667 1652 1649
f 1668 1669 1654
f 1668 1654 1652
f 1669 1670 1656
f 1669 1656 1654
f 1670 1671 1658
f 1670 1658 1656
f 1671 1672 1660
f 1671 1660 1658
f 1672 1673 1662
f 1672 1662 1660
f 1673 1674 1664
f 1673 1664 1662
f 1675 1676 1667
f 1675 1667 1666
f 1676 1677 1668
f 1676 1668 1667
f 1677 1678 1669
f 1677 1669 1668
f 1678 1679 1670
f 1678 1670 1669
f 1679 1680 1671
f 1679 1671 1670
f 1680 1681 1672
f 1680 1672 1671
f 1681 1682 1673
f 1681 1673 1672
f 1682 1683 1674
f 1682 1674 1673
f 1684 1685 1676
f 1684 1676 1675
f 1685 1686 1677
f 1685 1677 1676
f 1686 1687 1678
f 1686 1678 1677
f 1687 1688 1679
f 1687 1679 1678
f 1688 1689 1680
f 1688 1680 1679
f 1689 1690 1681
f 1689 1681 1680
f 1690 1691 1682
f 1690 1682 1681
f 1691 1692 1683
f 1691 1683 1682
f 1693 1694 1685
f 1693 1685 1684
f 1694 1695 1686
f 1694 1686 1685
f 1695 1696 1687
f 1695 1687 1686
f 1696 1697 1688
f 1696 1688 1687
f 1697 1698 1689
f 1697 1689 1688
f 1698 1699 1690
f 1698 1690 1689
f 1699 1700 1691
f 1699 1691 1690
f 1700 1701 1692
f 1700 1692 1691
f 1702 1703 1694
f 1702 1694 1693
f 1703 1704 1695
f 1703 1695 1694
f 1704 1705 1696
f 1704 1696 1695
f 1705 1706 1697
f 1705 1697 1696
f 1706 1707 1698
f 1706 1698 1697
f 1707 1708 1699
f 1707 1699 1698
f 1708 1709 1700
f 1708 1700 1699
f 1709 1710 1701
f 1709 1701 1700
f 1711 1712 1703
f 1711 1703 1702
f 1712 1713 1704
f 1712 1704 1703
f 1713 1714 1705
f 1713 1705 1704
f 1714 1715 1706
f 1714 1706 1705
f 1715 1716 1707
f 1715 1707 1706
f 1716 1717 1708
f 1716 1708 1707
f 1717 1718 1709
f 1717 1709 1708
f 1718 1719 1710
f 1718 1710 1709
f 1720 1721 1722
f 1720 1722 1723
f 1724 1725 1713
f 1724 1713 1712
f 1725 1726 1714
f 1725 1714 1713
f 1726 1727 1715
f 1726 1715 1714
f 1727 1728 1716
f 1727 1716 1715
f 1728 1729 1717
f 1728 1717 1716
f 1729 1730 1718
f 1729 1718 1717
f 1730 1731 1719
f 1730 1719 1718
f 1732 1733 1734
f 1732 1734 1735
f 1732 1736 1737
f 1732 1737 1733
f 1738 1739 1740
f 1738 1740 1741
f 1742 1743 1744
f 1742 1744 1745
f 1746 1747 1748
f 1746 1748 1749
f 1745 1746 1749
f 1745 1749 1742
f 1750 1751 1752
f 1750 1752 1753
f 1754 1755 1756
f 1754 1756 1757
f 1757 1751 1750
f 1757 1750 1754
f 1758 1759 1760
f 1758 1760 1761
f 1761 1762 1763
f 1761 1763 1758
f 1759 1764 1765
f 1759 1765 1760
f 1766 1767 1768
f 1766 1768 1769
f 1769 1768 1770
f 1769 1770 1771
f 1771 1770 1772
f 1771 1772 1773
f 1773 1772 1774
f 1773 1774 1775
f 1775 1774 737
f 1775 737 736
f 739 738 1776
f 739 1776 1777
f 1777 1776 1778
f 1777 1778 1779
f 1780 1781 1782
f 1780 1782 1783
f 1781 1784 1785
f 1781 1785 1782
f 1784 1786 1787
f 1784 1787 1785
f 1786 1788 1789
f 1786 1789 1787
f 1788 1790 1791
f 1788 1791 1789
f 1790 1792 1793
f 1790 1793 1791
f 1792 1794 1795
f 1792 1795 1793
f 1794 1796 1797
f 1794 1797 1795
f 1798 1799 1781
f 1798 1781 1780
f 1799 1800 1784
f 1799 1784 1781
f 1800 1801 1786
f 1800 1786 1784
f 1801 1802 1788
f 1801 1788 1786
f 1802 1803 1790
f 1802 1790 1788
f 1803 1804 1792
f 1803 1792 1790
f 1804 1805 1794
f 1804 1794 1792
f 1805 1806 1796
f 1805 1796 1794
f 1807 1808 1799
f 1807 1799 1798
f 1808 1809 1800
f 1808 1800 1799
f 1809 1810 1801
f 1809 1801 1800
f 1810 1811 1802
f 1810 1802 1801
f 1811 1812 1803
f 1811 1803 1802
f 1812 1813 1804
f 1812 1804 1803
f 1813 1814 1805
f 1813 1805 1804
f 1814 1815 1806
f 1814 1806 1805
f 1816 1817 1808
f 1816 1808 1807
f 1817 1818 1809
f 1817 1809 1808
f 1818 1819 1810
f 1818 1810 1809
f 1819 1820 1811
f 1819 1811 1810
f 1820 1821 1812
f 1820 1812 1811
f 1821 1822 1813
f 1821 1813 1812
f 1822 1823 1814
f 1822 1814 1813
f 1823 1824 1815
f 1823 1815 1814
f 1825 1826 1817
f 1825 1817 1816
f 1826 1827 1818
f 1826 1818 1817
f 1827 1828 1819
f 1827 1819 1818
f 1828 1829 1820
f 1828 1820 1819
f 1829 1830 1821
f 1829 1821 1820
f 1830 1831 1822
f 1830 1822 1821
f 1831 1832 1823
f 1831 1823 1822
f 1832 1833 1824
f 1832 1824 1823
f 1834 1835 1826
f 1834 1826 1825
f 1835 1836 1827
f 1835 1827 1826
f 1836 1837 1828
f 1836 1828 1827
f 1837 1838 1829
f 1837 1829 1828
f 1838 1839 1830
f 1838 1830 1829
f 1839 1840 1831
f 1839 1831 1830
f 1840 1841 1832
f 1840 1832 1831
f 1841 1842 1833
f 1841 1833 1832
f 1843 1844 1835
f 1843 1835 1834
f 1844 1845 1836
f 1844 1836 1835
f 1845 1846 1837
f 1845 1837 1836
f 1846 1847 1838
f 1846 1838 1837
f 1847 1848 1839
f 1847 1839 1838
f 1848 1849 1840
f 1848 1840 1839
f 1849 1850 1841
f 1849 1841 1840
f 1850 1851 1842
f 1850 1842 1841
f 1852 1853 1844
f 1852 1844 1843
f 1853 1854 1845
f 1853 1845 1844
f 1854 1855 1846
f 1854 1846 1845
f 1855 1856 1847
f 1855 1847 1846
f 1856 1857 1848
f 1856 1848 1847
f 1857 1858 1849
f 1857 1849 1848
f 1858 1859 1850
f 1858 1850 1849
f 1859 1860 1851
f 1859 1851 1850
f 1861 1862 1853
f 1861 1853 1852
f 1862 1863 1854
f 1862 1854 1853
f 1863 1864 1855
f 1863 1855 1854
f 1864 1865 1856
f 1864 1856 1855
f 1865 1866 1857
f 1865 1857 1856
f 1866 1867 1858
f 1866 1858 1857
f 1867 1868 1859
f 1867 1859 1858
f 1868 1869 1860
f 1868 1860 1859
f 1870 1871 1862
f 1870 1862 1861
f 1871 1872 1863
f 1871 1863 1862
f 1872 1873 1864
f 1872 1864 1863
f 1873 1874 1865
f 1873 1865 1864
f 1874 1875 1866
f 1874 1866 1865
f 1875 1876 1867
f 1875 1867 1866
f 1876 1877 1868
f 1876 1868 1867
f 1877 1878 1869
f 1877 1869 1868
f 1879 1880 1871
f 1879 1871 1870
f 1880 1881 1872
f 1880 1872 1871
f 1881 1882 1873
f 1881 1873 1872
f 1882 1883 1874
f 1882 1874 1873
f 1883 1884 1875
f 1883 1875 1874
f 1884 1885 1876
f 1884 1876 1875
f 1885 1886 1877
f 1885 1877 1876
f 1886 1887 1878
f 1886 1878 1877
f 1888 1889 1880
f 1888 1880 1879
f 1889 1890 1881
f 1889 1881 1880
f 1890 1891 1882
f 1890 1882 1881
f 1891 1892 1883
f 1891 1883 1882
f 1892 1893 1884
f 1892 1884 1883
f 1893 1894 1885
f 1893 1885 1884
f 1894 1895 1886
f 1894 1886 1885
f 1895 1896 1887
f 1895 1887 1886
f 1897 1898 1899
f 1897 1899 1900
f 1901 1902 1890
f 1901 1890 1889
f 1902 1903 1891
f 1902 1891 1890
f 1903 1904 1892
f 1903 1892 1891
f 1904 1905 1893
f 1904 1893 1892
f 1905 1906 1894
f 1905 1894 1893
f 1906 1907 1895
f 1906 1895 1894
f 1907 1908 1896
f 1907 1896 1895
f 1909 1910 1911
f 1909 1911 1912
f 1913 1914 1915
f 1913 1915 1916
f 1912 1913 1916
f 1912 1916 1909
f 1777 1917 740
f 1777 740 739
f 1779 1918 1917
f 1779 1917 1777
f 1769 1919 1920
f 1769 1920 1766
f 1771 1921 1919
f 1771 1919 1769
f 1773 1922 1921
f 1773 1921 1771
f 1775 1923 1922
f 1775 1922 1773
f 736 741 1923
f 736 1923 1775
f 737 1791 1793
f 737 1793 738
f 1774 1789 1791
f 1774 1791 737
f 1772 1787 1789
f 1772 1789 1774
f 1770 1785 1787
f 1770 1787 1772
f 1768 1782 1785
f 1768 1785 1770
f 1767 1783 1782
f 1767 1782 1768
f 1776 1795 1797
f 1776 1797 1778
f 738 1793 1795
f 738 1795 1776
f 1924 1925 1926
f 1924 1926 1927
f 1928 1929 1930
f 1928 1930 1931
f 1927 1928 1931
f 1927 1931 1924
f 1932 1933 1934
f 1932 1934 1935
f 1933 1936 1937
f 1933 1937 1934
f 1936 1938 1939
f 1936 1939 1937
f 1938 1940 1941
f 1938 1941 1939
f 1940 1942 1943
f 1940 1943 1941
f 1942 1944 1945
f 1942 1945 1943
f 1944 1946 1947
f 1944 1947 1945
f 1946 1948 1949
f 1946 1949 1947
f 1950 1951 1933
f 1950 1933 1932
f 1951 1952 1936
f 1951 1936 1933
f 1952 1953 1938
f 1952 1938 1936
f 1953 1954 1940
f 1953 1940 1938
f 1954 1955 1942
f 1954 1942 1940
f 1955 1956 1944
f 1955 1944 1942
f 1956 1957 1946
f 1956 1946 1944
f 1957 1958 1948
f 1957 1948 1946
f 1959 1960 1951
f 1959 1951 1950
f 1960 1961 1952
f 1960 1952 1951
f 1961 1962 1953
f 1961 1953 1952
f 1962 1963 1954
f 1962 1954 1953
f 1963 1964 1955
f 1963 1955 1954
f 1964 1965 1956
f 1964 1956 1955
f 1965 1966 1957
f 1965 1957 1956
f 1966 1967 1958
f 1966 1958 1957
f 1968 1969 1960
f 1968 1960 1959
f 1969 1970 1961
f 1969 1961 1960
f 1970 1971 1962
f 1970 1962 1961
f 1971 1972 1963
f 1971 1963 1962
f 1972 1973 1964
f 1972 1964 1963
f 1973 1974 1965
f 1973 1965 1964
f 1974 1975 1966
f 1974 1966 1965
f 1975 1976 1967
f 1975 1967 1966
f 1977 1978 1969
f 1977 1969 1968
f 1978 1979 1970
f 1978 1970 1969
f 1979 1980 1971
f 1979 1971 1970
f 1980 1981 1972
f 1980 1972 1971
f 1981 1982 1973
f 1981 1973 1972
f 1982 1983 1974
f 1982 1974 1973
f 1983 1984 1975
f 1983 1975 1974
f 1984 1985 1976
f 1984 1976 1975
f 1986 1987 1978
f 1986 1978 1977
f 1987 1988 1979
f 1987 1979 1978
f 1988 1989 1980
f 1988 1980 1979
f 1989 1990 1981
f 1989 1981 1980
f 1990 1991 1982
f 1990 1982 1981
f 1991 1992 1983
f 1991 1983 1982
f 1992 1993 1984
f 1992 1984 1983
f 1993 1994 1985
f 1993 1985 1984
f 1995 1996 1987
f 1995 1987 1986
f 1996 1997 1988
f 1996 1988 1987
f 1997 1998 1989
f 1997 1989 1988
f 1998 1999 1990
f 1998 1990 1989
f 1999 2000 1991
f 1999 1991 1990
f 2000 2001 1992
f 2000 1992 1991
f 2001 2002 1993
f 2001 1993 1992
f 2002 2003 1994
f 2002 1994 1993
f 2004 2005 1996
f 2004 1996 1995
f 2005 2006 1997
f 2005 1997 1996
f 2006 2007 1998
f 2006 1998 1997
f 2007 2008 1999
f 2007 1999 1998
f 2008 2009 2000
f 2008 2000 1999
f 2009 2010 2001
f 2009 2001 2000
f 2010 2011 2002
f 2010 2002 2001
f 2011 2012 2003
f 2011 2003 2002
f 2013 2014 2015
f 2013 2015 2016
f 2017 2018 2006
f 2017 2006 2005
f 2018 2019 2007
f 2018 2007 2006
f 2019 2020 2008
f 2019 2008 2007
f 2020 2021 2009
f 2020 2009 2008
f 2021 2022 2010
f 2021 2010 2009
f 2022 2023 2011
f 2022 2011 2010
f 2023 2024 2012
f 2023 2012 2011
f 2025 2026 2027
f 2025 2027 2028
f 2026 2029 2030
f 2026 2030 2027
f 2029 2031 2032
f 2029 2032 2030
f 2031 2033 2034
f 2031 2034 2032
f 2033 2035 2036
f 2033 2036 2034
f 2035 2037 2038
f 2035 2038 2036
f 2037 2039 2040
f 2037 2040 2038
f 2039 2041 2042
f 2039 2042 2040
f 2043 2044 2026
f 2043 2026 2025
f 2044 2045 2029
f 2044 2029 2026
f 2045 2046 2031
f 2045 2031 2029
f 2046 2047 2033
f 2046 2033 2031
f 2047 2048 2035
f 2047 2035 2033
f 2048 2049 2037
f 2048 2037 2035
f 2049 2050 2039
f 2049 2039 2037
f 2050 2051 2041
f 2050 2041 2039
f 2052 2053 2044
f 2052 2044 2043
f 2053 2054 2045
f 2053 2045 2044
f 2054 2055 2046
f 2054 2046 2045
f 2055 2056 2047
f 2055 2047 2046
f 2056 2057 2048
f 2056 2048 2047
f 2057 2058 2049
f 2057 2049 2048
f 2058 2059 2050
f 2058 2050 2049
f 2059 2060 2051
f 2059 2051 2050
f 2061 2062 2053
f 2061 2053 2052
f 2062 2063 2054
f 2062 2054 2053
f 2063 2064 2055
f 2063 2055 2054
f 2064 2065 2056
f 2064 2056 2055
f 2065 2066 2057
f 2065 2057 2056
f 2066 2067 2058
f 2066 2058 2057
f 2067 2068 2059
f 2067 2059 2058
f 2068 2069 2060
f 2068 2060 2059
f 2070 2071 2062
f 2070 2062 2061
f 2071 2072 2063
f 2071 2063 2062
f 2072 2073 2064
f 2072 2064 2063
f 2073 2074 2065
f 2073 2065 2064
f 2074 2075 2066
f 2074 2066 2065
f 2075 2076 2067
f 2075 2067 2066
f 2076 2077 2068
f 2076 2068 2067
f 2077 2078 2069
f 2077 2069 2068
f 2079 2080 2071
f 2079 2071 2070
f 2080 2081 2072
f 2080 2072 2071
f 2081 2082 2073
f 2081 2073 2072
f 2082 2083 2074
f 2082 2074 2073
f 2083 2084 2075
f 2083 2075 2074
f 2084 2085 2076
f 2084 2076 2075
f 2085 2086 2077
f 2085 2077 2076
f 2086 2087 2078
f 2086 2078 2077
f 2088 2089 2080
f 2088 2080 2079
f 2089 2090 2081
f 2089 2081 2080
f 2090 2091 2082
f 2090 2082 2081
f 2091 2092 2083
f 2091 2083 2082
f 2092 2093 2084
f 2092 2084 2083
f 2093 2094 2085
f 2093 2085 2084
f 2094 2095 2086
f 2094 2086 2085
f 2095 2096 2087
f 2095 2087 2086
f 2097 2098 2089
f 2097 2089 2088
f 2098 2099 2090
f 2098 2090 2089
f 2099 2100 2091
f 2099 2091 2090
f 2100 2101 2092
f 2100 2092 2091
f 2101 2102 2093
f 2101 2093 2092
f 2102 2103 2094
f 2102 2094 2093
f 2103 2104 2095
f 2103 2095 2094
f 2104 2105 2096
f 2104 2096 2095
f 2106 2107 2098
f 2106 2098 2097
f 2107 2108 2099
f 2107 2099 2098
f 2108 2109 2100
f 2108 2100 2099
f 2109 2110 2101
f 2109 2101 2100
f 2110 2111 2102
f 2110 2102 2101
f 2111 2112 2103
f 2111 2103 2102
f 2112 2113 2104
f 2112 2104 2103
f 2113 2114 2105
f 2113 2105 2104
f 2115 2116 2107
f 2115 2107 2106
f 2116 2117 2108
f 2116 2108 2107
f 2117 2118 2109
f 2117 2109 2108
f 2118 2119 2110
f 2118 2110 2109
f 2119 2120 2111
f 2119 2111 2110
f 2120 2121 2112
f 2120 2112 2111
f 2121 2122 2113
f 2121 2113 2112
f 2122 2123 2114
f 2122 2114 2113
f 2124 2125 2116
f 2124 2116 2115
f 2125 2126 2117
f 2125 2117 2116
f 2126 2127 2118
f 2126 2118 2117
f 2127 2128 2119
f 2127 2119 2118
f 2128 2129 2120
f 2128 2120 2119
f 2129 2130 2121
f 2129 2121 2120
f 2130 2131 2122
f 2130 2122 2121
f 2131 2132 2123
f 2131 2123 2122
f 2133 2134 2125
f 2133 2125 2124
f 2134 2135 2126
f 2134 2126 2125
f 2135 2136 2127
f 2135 2127 2126
f 2136 2137 2128
f 2136 2128 2127
f 2137 2138 2129
f 2137 2129 2128
f 2138 2139 2130
f 2138 2130 2129
f 2139 2140 2131
f 2139 2131 2130
f 2140 2141 2132
f 2140 2132 2131
f 2142 2143 2134
f 2142 2134 2133
f 2143 2144 2135
f 2143 2135 2134
f 2144 2145 2136
f 2144 2136 2135
f 2145 2146 2137
f 2145 2137 2136
f 2146 2147 2138
f 2146 2138 2137
f 2147 2148 2139
f 2147 2139 2138
f 2148 2149 2140
f 2148 2140 2139
f 2149 2150 2141
f 2149 2141 2140
f 2151 2152 2143
f 2151 2143 2142
f 2152 2153 2144
f 2152 2144 2143
f 2153 2154 2145
f 2153 2145 2144
f 2154 2155 2146
f 2154 2146 2145
f 2155 2156 2147
f 2155 2147 2146
f 2156 2157 2148
f 2156 2148 2147
f 2157 2158 2149
f 2157 2149 2148
f 2158 2159 2150
f 2158 2150 2149
f 2160 2161 2152
f 2160 2152 2151
f 2161 2162 2153
f 2161 2153 2152
f 2162 2163 2154
f 2162 2154 2153
f 2163 2164 2155
f 2163 2155 2154
f 2164 2165 2156
f 2164 2156 2155
f 2165 2166 2157
f 2165 2157 2156
f 2166 2167 2158
f 2166 2158 2157
f 2167 2168 2159
f 2167 2159 2158
f 2169 2170 2161
f 2169 2161 2160
f 2170 2171 2162
f 2170 2162 2161
f 2171 2172 2163
f 2171 2163 2162
f 2172 2173 2164
f 2172 2164 2163
f 2173 2174 2165
f 2173 2165 2164
f 2174 2175 2166
f 2174 2166 2165
f 2175 2176 2167
f 2175 2167 2166
f 2176 2177 2168
f 2176 2168 2167
f 2178 2179 2180
f 2178 2180 2181
f 2182 2183 2171
f 2182 2171 2170
f 2183 2184 2172
f 2183 2172 2171
f 2184 2185 2173
f 2184 2173 2172
f 2185 2186 2174
f 2185 2174 2173
f 2186 2187 2175
f 2186 2175 2174
f 2187 2188 2176
f 2187 2176 2175
f 2188 2189 2177
f 2188 2177 2176
f 2190 2191 2192
f 2190 2192 2193
f 2191 2194 2195
f 2191 2195 2192
f 2194 2196 2197
f 2194 2197 2195
f 2196 2198 2199
f 2196 2199 2197
f 2198 2200 2201
f 2198 2201 2199
f 2200 2202 2203
f 2200 2203 2201
f 2202 2204 2205
f 2202 2205 2203
f 2204 2206 2207
f 2204 2207 2205
f 2208 2209 2191
f 2208 2191 2190
f 2209 2210 2194
f 2209 2194 2191
f 2210 2211 2196
f 2210 2196 2194
f 2211 2212 2198
f 2211 2198 2196
f 2212 2213 2200
f 2212 2200 2198
f 2213 2214 2202
f 2213 2202 2200
f 2214 2215 2204
f 2214 2204 2202
f 2215 2216 2206
f 2215 2206 2204
f 2217 2218 2209
f 2217 2209 2208
f 2218 2219 2210
f 2218 2210 2209
f 2219 2220 2211
f 2219 2211 2210
f 2220 2221 2212
f 2220 2212 2211
f 2221 2222 2213
f 2221 2213 2212
f 2222 2223 2214
f 2222 2214 2213
f 2223 2224 2215
f 2223 2215 2214
f 2224 2225 2216
f 2224 2216 2215
f 2226 2227 2218
f 2226 2218 2217
f 2227 2228 2219
f 2227 2219 2218
f 2228 2229 2220
f 2228 2220 2219
f 2229 2230 2221
f 2229 2221 2220
f 2230 2231 2222
f 2230 2222 2221
f 2231 2232 2223
f 2231 2223 2222
f 2232 2233 2224
f 2232 2224 2223
f 2233 2234 2225
f 2233 2225 2224
f 2235 2236 2237
f 2235 2237 2238
f 2239 2240 2228
f 2239 2228 2227
f 2240 2241 2229
f 2240 2229 2228
f 2241 2242 2230
f 2241 2230 2229
f 2242 2243 2231
f 2242 2231 2230
f 2243 2244 2232
f 2243 2232 2231
f 2244 2245 2233
f 2244 2233 2232
f 2245 2246 2234
f 2245 2234 2233
f 2247 2248 2249
f 2247 2249 2250
f 2248 2251 2252
f 2248 2252 2249
f 2251 2253 2254
f 2251 2254 2252
f 2253 2255 2256
f 2253 2256 2254
f 2255 2257 2258
f 2255 2258 2256
f 2257 2259 2260
f 2257 2260 2258
f 2259 2261 2262
f 2259 2262 2260
f 2261 2263 2264
f 2261 2264 2262
f 2265 2266 2248
f 2265 2248 2247
f 2266 2267 2251
f 2266 2251 2248
f 2267 2268 2253
f 2267 2253 2251
f 2268 2269 2255
f 2268 2255 2253
f 2269 2270 2257
f 2269 2257 2255
f 2270 2271 2259
f 2270 2259 2257
f 2271 2272 2261
f 2271 2261 2259
f 2272 2273 2263
f 2272 2263 2261
f 2274 2275 2266
f 2274 2266 2265
f 2275 2276 2267
f 2275 2267 2266
f 2276 2277 2268
f 2276 2268 2267
f 2277 2278 2269
f 2277 2269 2268
f 2278 2279 2270
f 2278 2270 2269
f 2279 2280 2271
f 2279 2271 2270
f 2280 2281 2272
f 2280 2272 2271
f 2281 2282 2273
f 2281 2273 2272
f 2283 2284 2275
f 2283 2275 2274
f 2284 2285 2276
f 2284 2276 2275
f 2285 2286 2277
f 2285 2277 2276
f 2286 2287 2278
f 2286 2278 2277
f 2287 2288 2279
f 2287 2279 2278
f 2288 2289 2280
f 2288 2280 2279
f 2289 2290 2281
f 2289 2281 2280
f 2290 2291 2282
f 2290 2282 2281
f 2292 2293 2284
f 2292 2284 2283
f 2293 2294 2285
f 2293 2285 2284
f 2294 2295 2286
f 2294 2286 2285
f 2295 2296 2287
f 2295 2287 2286
f 2296 2297 2288
f 2296 2288 2287
f 2297 2298 2289
f 2297 2289 2288
f 2298 2299 2290
f 2298 2290 2289
f 2299 2300 2291
f 2299 2291 2290
f 2301 2302 2293
f 2301 2293 2292
f 2302 2303 2294
f 2302 2294 2293
f 2303 2304 2295
f 2303 2295 2294
f 2304 2305 2296
f 2304 2296 2295
f 2305 2306 2297
f 2305 2297 2296
f 2306 2307 2298
f 2306 2298 2297
f 2307 2308 2299
f 2307 2299 2298
f 2308 2309 2300
f 2308 2300 2299
f 2310 2311 2302
f 2310 2302 2301
f 2311 2312 2303
f 2311 2303 2302
f 2312 2313 2304
f 2312 2304 2303
f 2313 2314 2305
f 2313 2305 2304
f 2314 2315 2306
f 2314 2306 2305
f 2315 2316 2307
f 2315 2307 2306
f 2316 2317 2308
f 2316 2308 2307
f 2317 2318 2309
f 2317 2309 2308
f 2319 2320 2311
f 2319 2311 2310
f 2320 2321 2312
f 2320 2312 2311
f 2321 2322 2313
f 2321 2313 2312
f 2322 2323 2314
f 2322 2314 2313
f 2323 2324 2315
f 2323 2315 2314
f 2324 2325 2316
f 2324 2316 2315
f 2325 2326 2317
f 2325 2317 2316
f 2326 2327 2318
f 2326 2318 2317
f 2328 2329 2320
f 2328 2320 2319
f 2329 2330 2321
f 2329 2321 2320
f 2330 2331 2322
f 2330 2322 2321
f 2331 2332 2323
f 2331 2323 2322
f 2332 2333 2324
f 2332 2324 2323
f 2333 2334 2325
f 2333 2325 2324
f 2334 2335 2326
f 2334 2326 2325
f 2335 2336 2327
f 2335 2327 2326
f 2337 2338 2329
f 2337 2329 2328
f 2338 2339 2330
f 2338 2330 2329
f 2339 2340 2331
f 2339 2331 2330
f 2340 2341 2332
f 2340 2332 2331
f 2341 2342 2333
f 2341 2333 2332
f 2342 2343 2334
f 2342 2334 2333
f 2343 2344 2335
f 2343 2335 2334
f 2344 2345 2336
f 2344 2336 2335
f 2346 2347 2338
f 2346 2338 2337
f 2347 2348 2339
f 2347 2339 2338
f 2348 2349 2340
f 2348 2340 2339
f 2349 2350 2341
f 2349 2341 2340
f 2350 2351 2342
f 2350 2342 2341
f 2351 2352 2343
f 2351 2343 2342
f 2352 2353 2344
f 2352 2344 2343
f 2353 2354 2345
f 2353 2345 2344
f 2355 2356 2347
f 2355 2347 2346
f 2356 2357 2348
f 2356 2348 2347
f 2357 2358 2349
f 2357 2349 2348
f 2358 2359 2350
f 2358 2350 2349
f 2359 2360 2351
f 2359 2351 2350
f 2360 2361 2352
f 2360 2352 2351
f 2361 2362 2353
f 2361 2353 2352
f 2362 2363 2354
f 2362 2354 2353
f 2364 2365 2366
f 2364 2366 2367
f 2368 2369 2357
f 2368 2357 2356
f 2369 2370 2358
f 2369 2358 2357
f 2370 2371 2359
f 2370 2359 2358
f 2371 2372 2360
f 2371 2360 2359
f 2372 2373 2361
f 2372 2361 2360
f 2373 2374 2362
f 2373 2362 2361
f 2374 2375 2363
f 2374 2363 2362
f 2376 2377 2378
f 2376 2378 2379
f 2377 2380 2381
f 2377 2381 2378
f 2380 2382 2383
f 2380 2383 2381
f 2382 2384 2385
f 2382 2385 2383
f 2384 2386 2387
f 2384 2387 2385
f 2386 2388 2389
f 2386 2389 2387
f 2388 2390 2391
f 2388 2391 2389
f 2390 2392 2393
f 2390 2393 2391
f 2394 2395 2377
f 2394 2377 2376
f 2395 2396 2380
f 2395 2380 2377
f 2396 2397 2382
f 2396 2382 2380
f 2397 2398 2384
f 2397 2384 2382
f 2398 2399 2386
f 2398 2386 2384
f 2399 2400 2388
f 2399 2388 2386
f 2400 2401 2390
f 2400 2390 2388
f 2401 2402 2392
f 2401 2392 2390
f 2403 2404 2395
f 2403 2395 2394
f 2404 2405 2396
f 2404 2396 2395
f 2405 2406 2397
f 2405 2397 2396
f 2406 2407 2398
f 2406 2398 2397
f 2407 2408 2399
f 2407 2399 2398
f 2408 2409 2400
f 2408 2400 2399
f 2409 2410 2401
f 2409 2401 2400
f 2410 2411 2402
f 2410 2402 2401
f 2412 2413 2404
f 2412 2404 2403
f 2413 2414 2405
f 2413 2405 2404
f 2414 2415 2406
f 2414 2406 2405
f 2415 2416 2407
f 2415 2407 2406
f 2416 2417 2408
f 2416 2408 2407
f 2417 2418 2409
f 2417 2409 2408
f 2418 2419 2410
f 2418 2410 2409
f 2419 2420 2411
f 2419 2411 2410
f 2421 2422 2413
f 2421 2413 2412
f 2422 2423 2414
f 2422 2414 2413
f 2423 2424 2415
f 2423 2415 2414
f 2424 2425 2416
f 2424 2416 2415
f 2425 2426 2417
f 2425 2417 2416
f 2426 2427 2418
f 2426 2418 2417
f 2427 2428 2419
f 2427 2419 2418
f 2428 2429 2420
f 2428 2420 2419
f 2430 2431 2422
f 2430 2422 2421
f 2431 2432 2423
f 2431 2423 2422
f 2432 2433 2424
f 2432 2424 2423
f 2433 2434 2425
f 2433 2425 2424
f 2434 2435 2426
f 2434 2426 2425
f 2435 2436 2427
f 2435 2427 2426
f 2436 2437 2428
f 2436 2428 2427
f 2437 2438 2429
f 2437 2429 2428
f 2439 2440 2431
f 2439 2431 2430
f 2440 2441 2432
f 2440 2432 2431
f 2441 2442 2433
f 2441 2433 2432
f 2442 2443 2434
f 2442 2434 2433
f 2443 2444 2435
f 2443 2435 2434
f 2444 2445 2436
f 2444 2436 2435
f 2445 2446 2437
f 2445 2437 2436
f 2446 2447 2438
f 2446 2438 2437
f 2448 2449 2440
f 2448 2440 2439
f 2449 2450 2441
f 2449 2441 2440
f 2450 2451 2442
f 2450 2442 2441
f 2451 2452 2443
f 2451 2443 2442
f 2452 2453 2444
f 2452 2444 2443
f 2453 2454 2445
f 2453 2445 2444
f 2454 2455 2446
f 2454 2446 2445
f 2455 2456 2447
f 2455 2447 2446
f 2457 2458 2449
f 2457 2449 2448
f 2458 2459 2450
f 2458 2450 2449
f 2459 2460 2451
f 2459 2451 2450
f 2460 2461 2452
f 2460 2452 2451
f 2461 2462 2453
f 2461 2453 2452
f 2462 2463 2454
f 2462 2454 2453
f 2463 2464 2455
f 2463 2455 2454
f 2464 2465 2456
f 2464 2456 2455
f 2466 2467 2458
f 2466 2458 2457
f 2467 2468 2459
f 2467 2459 2458
f 2468 2469 2460
f 2468 2460 2459
f 2469 2470 2461
f 2469 2461 2460
f 2470 2471 2462
f 2470 2462 2461
f 2471 2472 2463
f 2471 2463 2462
f 2472 2473 2464
f 2472 2464 2463
f 2473 2474 2465
f 2473 2465 2464
f 2475 2476 2467
f 2475 2467 2466
f 2476 2477 2468
f 2476 2468 2467
f 2477 2478 2469
f 2477 2469 2468
f 2478 2479 2470
f 2478 2470 2469
f 2479 2480 2471
f 2479 2471 2470
f 2480 2481 2472
f 2480 2472 2471
f 2481 2482 2473
f 2481 2473 2472
f 2482 2483 2474
f 2482 2474 2473
f 2484 2485 2476
f 2484 2476 2475
f 2485 2486 2477
f 2485 2477 2476
f 2486 2487 2478
f 2486 2478 2477
f 2487 2488 2479
f 2487 2479 2478
f 2488 2489 2480
f 2488 2480 2479
f 2489 2490 2481
f 2489 2481 2480
f 2490 2491 2482
f 2490 2482 2481
f 2491 2492 2483
f 2491 2483 2482
f 2493 2494 2495
f 2493 2495 2496
f 2497 2498 2486
f 2497 2486 2485
f 2498 2499 2487
f 2498 2487 2486
f 2499 2500 2488
f 2499 2488 2487
f 2500 2501 2489
f 2500 2489 2488
f 2501 2502 2490
f 2501 2490 2489
f 2502 2503 2491
f 2502 2491 2490
f 2503 2504 2492
f 2503 2492 2491
f 2505 2506 2507
f 2505 2507 2508
f 2509 2510 2511
f 2509 2511 2512
f 2508 2509 2512
f 2508 2512 2505
f 2513 2514 2515
f 2513 2515 2516
f 2514 2517 2518
f 2514 2518 2515
f 2516 2519 2520
f 2516 2520 2513
f 2521 2522 2523
f 2521 2523 2524
f 2522 2525 2526
f 2522 2526 2523
f 2524 2527 2528
f 2524 2528 2521
f 2529 2530 2531
f 2529 2531 2532
f 2532 2533 2534
f 2532 2534 2529
f 2535 2536 2531
f 2535 2531 2530
f 2537 2538 2539
f 2537 2539 2540
f 2541 2537 2540
f 2541 2540 2542
f 2542 2543 2544
f 2542 2544 2541
f 2546 2552 2545
f 2552 2546 2547
f 2552 2547 2551
f 2551 2547 2548
f 2551 2548 2549
f 2551 2549 2550

